cliente,SKU,Fecha,cliente_cluster,pred_cantidad_unidades
1299,000-000-10340,2024-07-01,3,6.389829780457288
1299,000-000-10340,2024-08-01,3,5.778636410126779
1299,000-000-10340,2024-09-01,3,5.599742054025808
1299,000-000-10340,2024-10-01,3,5.374864223827372
1299,000-000-10340,2024-11-01,3,4.926275830904145
1299,000-000-10340,2024-12-01,3,4.814942913767711
1299,000-000-11283,2024-07-01,3,13.327638534950538
1299,000-000-11283,2024-08-01,3,11.469694170070973
1299,000-000-11283,2024-09-01,3,10.915646422066336
1299,000-000-11283,2024-10-01,3,10.093565269349591
1299,000-000-11283,2024-11-01,3,9.988177640875334
1299,000-000-11283,2024-12-01,3,9.851298681913276
1299,000-000-12976,2024-07-01,3,30.990703991864553
1299,000-000-12976,2024-08-01,3,30.110017623869968
1299,000-000-12976,2024-09-01,3,28.135944128831277
1299,000-000-12976,2024-10-01,3,26.90979156791843
1299,000-000-12976,2024-11-01,3,23.295509387327915
1299,000-000-12976,2024-12-01,3,22.021298440141972
1299,000-000-5312,2024-07-01,3,24.857390898854057
1299,000-000-5312,2024-08-01,3,22.860187743689135
1299,000-000-5312,2024-09-01,3,23.243769976300435
1299,000-000-5312,2024-10-01,3,21.44282545727047
1299,000-000-5312,2024-11-01,3,20.5802035194784
1299,000-000-5312,2024-12-01,3,19.26567160155525
1299,000-000-6973,2024-07-01,3,2.103788059075153
1299,000-000-6973,2024-08-01,3,2.0910179483035036
1299,000-000-6973,2024-09-01,3,2.2557824780899787
1299,000-000-6973,2024-10-01,3,2.0532323568754216
1299,000-000-6973,2024-11-01,3,2.0554299551105397
1299,000-000-6973,2024-12-01,3,1.9599652071937406
1299,000-000-7049,2024-07-01,3,13.18762236238877
1299,000-000-7049,2024-08-01,3,13.749261631196084
1299,000-000-7049,2024-09-01,3,14.316652460022443
1299,000-000-7049,2024-10-01,3,13.030048273925352
1299,000-000-7049,2024-11-01,3,13.002780509039162
1299,000-000-7049,2024-12-01,3,11.728453056682184
1339,000-000-13358,2024-07-01,5,4.703627005210045
1339,000-000-13358,2024-08-01,5,5.223780903110928
1339,000-000-13358,2024-09-01,5,5.039055613834016
1339,000-000-13358,2024-10-01,5,4.69529183760481
1339,000-000-13358,2024-11-01,5,4.933625574163653
1339,000-000-13358,2024-12-01,5,4.9259126422125785
1339,000-000-4848,2024-07-01,5,4.325142771262287
1339,000-000-4848,2024-08-01,5,4.65946361001385
1339,000-000-4848,2024-09-01,5,4.728886422628472
1339,000-000-4848,2024-10-01,5,4.789382300602103
1339,000-000-4848,2024-11-01,5,4.841665272422047
1339,000-000-4848,2024-12-01,5,4.827069992578259
1339,000-000-6140,2024-07-01,5,4.6650765253107735
1339,000-000-6140,2024-08-01,5,4.265189012514869
1339,000-000-6140,2024-09-01,5,4.716228140139414
1339,000-000-6140,2024-10-01,5,4.502368299526369
1339,000-000-6140,2024-11-01,5,4.92802703213977
1339,000-000-6140,2024-12-01,5,4.547122026363811
1339,000-000-6596,2024-07-01,5,5.850573873358041
1339,000-000-6596,2024-08-01,5,5.558901590761399
1339,000-000-6596,2024-09-01,5,5.701836024693818
1339,000-000-6596,2024-10-01,5,5.211154571189842
1339,000-000-6596,2024-11-01,5,5.278302254946238
1339,000-000-6596,2024-12-01,5,4.784069251418222
1353,000-000-10130,2024-07-01,3,24.260504884656708
1353,000-000-10130,2024-08-01,3,26.553194145755658
1353,000-000-10130,2024-09-01,3,24.19477522295479
1353,000-000-10130,2024-10-01,3,23.539761827100012
1353,000-000-10130,2024-11-01,3,23.408276787063475
1353,000-000-10130,2024-12-01,3,21.98694383026771
1353,000-000-10204,2024-07-01,3,16.272857438104587
1353,000-000-10204,2024-08-01,3,14.123367646920393
1353,000-000-10204,2024-09-01,3,14.2884751339176
1353,000-000-10204,2024-10-01,3,12.78605596256888
1353,000-000-10204,2024-11-01,3,12.664516642747554
1353,000-000-10204,2024-12-01,3,12.426052584441159
1353,000-000-10885,2024-07-01,3,80.79831938284698
1353,000-000-10885,2024-08-01,3,80.77155577867691
1353,000-000-10885,2024-09-01,3,81.43926890721006
1353,000-000-10885,2024-10-01,3,80.61316648606766
1353,000-000-10885,2024-11-01,3,72.43554012851092
1353,000-000-10885,2024-12-01,3,64.50537733435989
1353,000-000-11827,2024-07-01,3,135.71089892502363
1353,000-000-11827,2024-08-01,3,135.17946463870845
1353,000-000-11827,2024-09-01,3,137.21084222424403
1353,000-000-11827,2024-10-01,3,136.38473980310175
1353,000-000-11827,2024-11-01,3,135.54320744831867
1353,000-000-11827,2024-12-01,3,133.57478539583255
1353,000-000-11828,2024-07-01,3,355.95179813008656
1353,000-000-11828,2024-08-01,3,299.5520950971479
1353,000-000-11828,2024-09-01,3,287.14066987937383
1353,000-000-11828,2024-10-01,3,264.62156133075496
1353,000-000-11828,2024-11-01,3,265.5573778572445
1353,000-000-11828,2024-12-01,3,269.13438575886653
1353,000-000-13315,2024-07-01,3,4.506392587877299
1353,000-000-13315,2024-08-01,3,4.925891385944999
1353,000-000-13315,2024-09-01,3,4.450155419929555
1353,000-000-13315,2024-10-01,3,4.321368543954277
1353,000-000-13315,2024-11-01,3,4.02805450896267
1353,000-000-13315,2024-12-01,3,3.8334642094392284
1353,000-000-13451,2024-07-01,3,4.224693995248792
1353,000-000-13451,2024-08-01,3,4.5455716204407945
1353,000-000-13451,2024-09-01,3,4.304597604238218
1353,000-000-13451,2024-10-01,3,4.101216649502797
1353,000-000-13451,2024-11-01,3,3.810354114707996
1353,000-000-13451,2024-12-01,3,4.120471119150066
1353,000-000-1732,2024-07-01,3,3.6640489045626636
1353,000-000-1732,2024-08-01,3,3.1311637408754565
1353,000-000-1732,2024-09-01,3,3.194551141809464
1353,000-000-1732,2024-10-01,3,2.7853580262364193
1353,000-000-1732,2024-11-01,3,2.763207784305385
1353,000-000-1732,2024-12-01,3,2.652468354690592
1353,000-000-2624,2024-07-01,3,150.55024160836598
1353,000-000-2624,2024-08-01,3,139.08264860418734
1353,000-000-2624,2024-09-01,3,151.09013379007735
1353,000-000-2624,2024-10-01,3,146.5186684888304
1353,000-000-2624,2024-11-01,3,150.66940587698272
1353,000-000-2624,2024-12-01,3,131.97620835512657
1353,000-000-3176,2024-07-01,3,25.49776278101123
1353,000-000-3176,2024-08-01,3,24.364793563985046
1353,000-000-3176,2024-09-01,3,26.463636508424507
1353,000-000-3176,2024-10-01,3,24.56745811638906
1353,000-000-3176,2024-11-01,3,24.26739713564081
1353,000-000-3176,2024-12-01,3,23.847124432813406
1353,000-000-8721,2024-07-01,3,9.54259448392034
1353,000-000-8721,2024-08-01,3,9.783686031155893
1353,000-000-8721,2024-09-01,3,9.432422458073221
1353,000-000-8721,2024-10-01,3,8.99663796179289
1353,000-000-8721,2024-11-01,3,9.037028221050464
1353,000-000-8721,2024-12-01,3,8.810416796203528
1353,000-000-8722,2024-07-01,3,22.003694360708543
1353,000-000-8722,2024-08-01,3,21.48960607008732
1353,000-000-8722,2024-09-01,3,20.414839960474602
1353,000-000-8722,2024-10-01,3,18.75058698562946
1353,000-000-8722,2024-11-01,3,18.450633579152427
1353,000-000-8722,2024-12-01,3,16.226569246285546
1376,000-000-1009,2024-07-01,5,24.172611164134814
1376,000-000-1009,2024-08-01,5,24.185826515323022
1376,000-000-1009,2024-09-01,5,24.298497394094916
1376,000-000-1009,2024-10-01,5,24.03108388348368
1376,000-000-1009,2024-11-01,5,23.921486947322165
1376,000-000-1009,2024-12-01,5,23.803079621907937
1376,000-000-13784,2024-07-01,5,7.284055377302872
1376,000-000-13784,2024-08-01,5,6.697803306402532
1376,000-000-13784,2024-09-01,5,6.707654897603227
1376,000-000-13784,2024-10-01,5,6.499000521078628
1376,000-000-13784,2024-11-01,5,6.027870682859694
1376,000-000-13784,2024-12-01,5,5.579882202344143
1376,000-000-3465,2024-07-01,5,20.260683336768366
1376,000-000-3465,2024-08-01,5,20.27389868795658
1376,000-000-3465,2024-09-01,5,20.34806113816265
1376,000-000-3465,2024-10-01,5,19.92301876474159
1376,000-000-3465,2024-11-01,5,19.89888797834653
1376,000-000-3465,2024-12-01,5,19.756054992450828
1422,000-000-3465,2024-07-01,1,10.151363348418988
1422,000-000-3465,2024-08-01,1,10.164578699607203
1422,000-000-3465,2024-09-01,1,10.238741149813263
1422,000-000-3465,2024-10-01,1,9.82693118208381
1422,000-000-3465,2024-11-01,1,10.027673737400848
1422,000-000-3465,2024-12-01,1,9.85390540770579
1574,000-000-13296,2024-07-01,1,4.742451178332411
1574,000-000-13296,2024-08-01,1,4.042643814094625
1574,000-000-13296,2024-09-01,1,4.567052063064006
1574,000-000-13296,2024-10-01,1,4.250148391493294
1574,000-000-13296,2024-11-01,1,4.288987838569117
1574,000-000-13296,2024-12-01,1,3.467399295007928
1594,000-000-5312,2024-07-01,1,13.408074474181308
1594,000-000-5312,2024-08-01,1,13.394275120953449
1594,000-000-5312,2024-09-01,1,11.608808908560622
1594,000-000-5312,2024-10-01,1,11.218743094794895
1594,000-000-5312,2024-11-01,1,10.548817188115622
1594,000-000-5312,2024-12-01,1,9.825075967599483
1745,000-000-12963,2024-07-01,1,5.159566660595015
1745,000-000-12963,2024-08-01,1,5.06356000639069
1745,000-000-12963,2024-09-01,1,4.7840197175005645
1745,000-000-12963,2024-10-01,1,4.866109295050721
1745,000-000-12963,2024-11-01,1,4.9823795115668705
1745,000-000-12963,2024-12-01,1,4.783173218719831
1745,000-000-13575,2024-07-01,1,3.1238122070345935
1745,000-000-13575,2024-08-01,1,3.110077138849596
1745,000-000-13575,2024-09-01,1,3.2325028292892504
1745,000-000-13575,2024-10-01,1,3.065577208404307
1745,000-000-13575,2024-11-01,1,3.0626955334845163
1745,000-000-13575,2024-12-01,1,2.890970088573247
1834,000-000-13180,2024-07-01,1,31.868418080685327
1834,000-000-13180,2024-08-01,1,34.58855895621525
1834,000-000-13180,2024-09-01,1,29.083786038560415
1834,000-000-13180,2024-10-01,1,28.14499864665662
1834,000-000-13180,2024-11-01,1,25.92597173513352
1834,000-000-13180,2024-12-01,1,22.807785465017822
1834,000-000-13612,2024-07-01,1,43.895023772171776
1834,000-000-13612,2024-08-01,1,38.78846416249675
1834,000-000-13612,2024-09-01,1,35.75990595683399
1834,000-000-13612,2024-10-01,1,35.46069778897758
1834,000-000-13612,2024-11-01,1,34.47624345731427
1834,000-000-13612,2024-12-01,1,33.76187670805823
1834,000-000-3101,2024-07-01,1,8.580436921527088
1834,000-000-3101,2024-08-01,1,8.33725790755185
1834,000-000-3101,2024-09-01,1,7.459081800879613
1834,000-000-3101,2024-10-01,1,7.003838299766878
1834,000-000-3101,2024-11-01,1,6.825537235099916
1834,000-000-3101,2024-12-01,1,6.2652368192312995
1883,000-000-6140,2024-07-01,1,5.785508333178109
1883,000-000-6140,2024-08-01,1,6.27502724680118
1883,000-000-6140,2024-09-01,1,5.777777888273437
1883,000-000-6140,2024-10-01,1,5.4274959567600725
1883,000-000-6140,2024-11-01,1,5.111463133223349
1883,000-000-6140,2024-12-01,1,4.4908422002949955
1883,000-000-6596,2024-07-01,1,5.671615014880148
1883,000-000-6596,2024-08-01,1,6.161133928503219
1883,000-000-6596,2024-09-01,1,5.710973942130451
1883,000-000-6596,2024-10-01,1,5.378581529963336
1883,000-000-6596,2024-11-01,1,5.0470212112633455
1883,000-000-6596,2024-12-01,1,4.424038254152013
1923,000-000-10130,2024-07-01,3,12.605451005324273
1923,000-000-10130,2024-08-01,3,12.694802238128407
1923,000-000-10130,2024-09-01,3,11.886512960881088
1923,000-000-10130,2024-10-01,3,11.67289520674193
1923,000-000-10130,2024-11-01,3,11.58476503245657
1923,000-000-10130,2024-12-01,3,11.350050914867737
1923,000-000-10131,2024-07-01,3,15.359982429758059
1923,000-000-10131,2024-08-01,3,14.472828276628086
1923,000-000-10131,2024-09-01,3,11.670058348493225
1923,000-000-10131,2024-10-01,3,11.253217810065166
1923,000-000-10131,2024-11-01,3,10.559972803873586
1923,000-000-10131,2024-12-01,3,9.836231583357447
1923,000-000-11554,2024-07-01,3,12.321445854220407
1923,000-000-11554,2024-08-01,3,11.538932336068903
1923,000-000-11554,2024-09-01,3,12.050979858962354
1923,000-000-11554,2024-10-01,3,11.67289520674193
1923,000-000-11554,2024-11-01,3,11.563298270580415
1923,000-000-11554,2024-12-01,3,11.362868451052915
1923,000-000-13348,2024-07-01,3,4.643087578466661
1923,000-000-13348,2024-08-01,3,4.205719216963523
1923,000-000-13348,2024-09-01,3,4.722687825272105
1923,000-000-13348,2024-10-01,3,4.479045375591864
1923,000-000-13348,2024-11-01,3,4.532852650510327
1923,000-000-13348,2024-12-01,3,4.102187760089121
1923,000-000-2170,2024-07-01,3,11.569470449661459
1923,000-000-2170,2024-08-01,3,11.628075241369856
1923,000-000-2170,2024-09-01,3,12.063986882647384
1923,000-000-2170,2024-10-01,3,11.685902230426962
1923,000-000-2170,2024-11-01,3,11.576305294265445
1923,000-000-2170,2024-12-01,3,11.375875474737946
1923,000-000-3176,2024-07-01,3,19.584559729364027
1923,000-000-3176,2024-08-01,3,20.22401731711022
1923,000-000-3176,2024-09-01,3,20.14001569176146
1923,000-000-3176,2024-10-01,3,19.607470138834216
1923,000-000-3176,2024-11-01,3,17.70383744262654
1923,000-000-3176,2024-12-01,3,16.34672465854914
1923,000-000-3777,2024-07-01,3,26.6399085761332
1923,000-000-3777,2024-08-01,3,24.404683187506997
1923,000-000-3777,2024-09-01,3,24.14249030646249
1923,000-000-3777,2024-10-01,3,23.741924573732767
1923,000-000-3777,2024-11-01,3,23.657753367430743
1923,000-000-3777,2024-12-01,3,23.365701624163478
1923,000-000-4680,2024-07-01,3,21.989968689954097
1923,000-000-4680,2024-08-01,3,20.09129679110749
1923,000-000-4680,2024-09-01,3,19.22478359740783
1923,000-000-4680,2024-10-01,3,18.59695678470902
1923,000-000-4680,2024-11-01,3,17.537287340859724
1923,000-000-4680,2024-12-01,3,16.41294410893578
1923,000-000-6020,2024-07-01,3,13.145643422582229
1923,000-000-6020,2024-08-01,3,12.245309972604485
1923,000-000-6020,2024-09-01,3,12.395608304426467
1923,000-000-6020,2024-10-01,3,11.823494820099167
1923,000-000-6020,2024-11-01,3,11.778424799395502
1923,000-000-6020,2024-12-01,3,11.161098569391285
1944,000-000-3313,2024-07-01,3,30.954254044339134
1944,000-000-3313,2024-08-01,3,24.124431437508797
1944,000-000-3313,2024-09-01,3,25.479928272360834
1944,000-000-3313,2024-10-01,3,24.01721928397027
1944,000-000-3313,2024-11-01,3,21.709614360752916
1944,000-000-3313,2024-12-01,3,19.011765614068825
1944,000-000-6140,2024-07-01,3,7.549449102147465
1944,000-000-6140,2024-08-01,3,8.39234217571628
1944,000-000-6140,2024-09-01,3,8.37794803695902
1944,000-000-6140,2024-10-01,3,7.335885565205591
1944,000-000-6140,2024-11-01,3,7.30501729366143
1944,000-000-6140,2024-12-01,3,6.272073651902903
1952,000-000-11283,2024-07-01,1,13.29263781530739
1952,000-000-11283,2024-08-01,1,13.20719490136808
1952,000-000-11283,2024-09-01,1,9.995349006098053
1952,000-000-11283,2024-10-01,1,8.965464927042726
1952,000-000-11283,2024-11-01,1,8.198786225320186
1952,000-000-11283,2024-12-01,1,7.0375734531512855
1952,000-000-11586,2024-07-01,1,4.130712878629035
1952,000-000-11586,2024-08-01,1,3.026711313335358
1952,000-000-11586,2024-09-01,1,3.0710977769470573
1952,000-000-11586,2024-10-01,1,2.651205400663311
1952,000-000-11586,2024-11-01,1,2.668003018142173
1952,000-000-11586,2024-12-01,1,2.5984631133082803
1952,000-000-6140,2024-07-01,1,4.444257626895382
1952,000-000-6140,2024-08-01,1,3.627488002213702
1952,000-000-6140,2024-09-01,1,3.7431021207680684
1952,000-000-6140,2024-10-01,1,3.56790490625562
1952,000-000-6140,2024-11-01,1,3.5466374476035676
1952,000-000-6140,2024-12-01,1,3.5284566811546534
2079,000-000-4013,2024-07-01,3,51.251773670819446
2079,000-000-4013,2024-08-01,3,52.33734902045285
2079,000-000-4013,2024-09-01,3,52.51539675708676
2079,000-000-4013,2024-10-01,3,51.68929433594435
2079,000-000-4013,2024-11-01,3,51.819064099481814
2079,000-000-4013,2024-12-01,3,50.927768275072076
2079,000-000-6020,2024-07-01,3,15.246869807112645
2079,000-000-6020,2024-08-01,3,12.292363477809612
2079,000-000-6020,2024-09-01,3,12.398705271098368
2079,000-000-6020,2024-10-01,3,11.921696827640698
2079,000-000-6020,2024-11-01,3,11.847115229019998
2079,000-000-6020,2024-12-01,3,11.01887064861069
2133,000-000-3313,2024-07-01,1,9.630626869076535
2133,000-000-3313,2024-08-01,1,10.00331400108928
2133,000-000-3313,2024-09-01,1,9.949261953612053
2133,000-000-3313,2024-10-01,1,9.591755032734907
2133,000-000-3313,2024-11-01,1,8.873319130399855
2133,000-000-3313,2024-12-01,1,8.604317658042094
2182,000-000-13612,2024-07-01,0,145.05060727394928
2182,000-000-13612,2024-08-01,0,143.9573367171956
2182,000-000-13612,2024-09-01,0,133.92145443273816
2182,000-000-13612,2024-10-01,0,133.1106421507625
2182,000-000-13612,2024-11-01,0,131.83636692737275
2182,000-000-13612,2024-12-01,0,131.46454500026195
2252,000-000-0299,2024-07-01,1,3.099939074753
2252,000-000-0299,2024-08-01,1,3.099939074753
2252,000-000-0299,2024-09-01,1,3.2223647651926535
2252,000-000-0299,2024-10-01,1,3.013733371598884
2252,000-000-0299,2024-11-01,1,2.820267763344764
2252,000-000-0299,2024-12-01,1,2.739613490778123
2259,000-000-10173,2024-07-01,3,5.982706422237284
2259,000-000-10173,2024-08-01,3,5.220649649292558
2259,000-000-10173,2024-09-01,3,5.6907904630750545
2259,000-000-10173,2024-10-01,3,5.502433603621884
2259,000-000-10173,2024-11-01,3,5.520019780550614
2259,000-000-10173,2024-12-01,3,5.660460201005256
2259,000-000-10174,2024-07-01,3,4.619431147450736
2259,000-000-10174,2024-08-01,3,4.989074648808525
2259,000-000-10174,2024-09-01,3,5.101030238606077
2259,000-000-10174,2024-10-01,3,5.153630912648895
2259,000-000-10174,2024-11-01,3,5.124958690739039
2259,000-000-10174,2024-12-01,3,4.898004022972929
2259,000-000-3176,2024-07-01,3,22.011372585017313
2259,000-000-3176,2024-08-01,3,18.88696926297308
2259,000-000-3176,2024-09-01,3,20.27279545632922
2259,000-000-3176,2024-10-01,3,18.630789910266767
2259,000-000-3176,2024-11-01,3,19.50770518352814
2259,000-000-3176,2024-12-01,3,16.46447960861298
2259,000-000-3777,2024-07-01,3,4.172341291491767
2259,000-000-3777,2024-08-01,3,4.097142886832991
2259,000-000-3777,2024-09-01,3,4.219568577272645
2259,000-000-3777,2024-10-01,3,3.9898718715462267
2259,000-000-3777,2024-11-01,3,3.9686044128941753
2259,000-000-3777,2024-12-01,3,3.7772231628202406
2259,000-000-8721,2024-07-01,3,8.944926228362206
2259,000-000-8721,2024-08-01,3,9.923585461838448
2259,000-000-8721,2024-09-01,3,9.737935868986654
2259,000-000-8721,2024-10-01,3,9.205556998677766
2259,000-000-8721,2024-11-01,3,9.170102876563538
2259,000-000-8721,2024-12-01,3,8.93099967472209
2259,000-000-8722,2024-07-01,3,20.138102336960593
2259,000-000-8722,2024-08-01,3,20.019894612725025
2259,000-000-8722,2024-09-01,3,19.043184509567066
2259,000-000-8722,2024-10-01,3,18.67365780487351
2259,000-000-8722,2024-11-01,3,17.580071533652028
2259,000-000-8722,2024-12-01,3,15.230770580527498
2259,000-000-9341,2024-07-01,3,4.35658899956451
2259,000-000-9341,2024-08-01,3,4.29360485363363
2259,000-000-9341,2024-09-01,3,4.416030544073285
2259,000-000-9341,2024-10-01,3,4.158321849501519
2259,000-000-9341,2024-11-01,3,4.137054390849466
2259,000-000-9341,2024-12-01,3,3.9546880404287204
2314,000-000-5312,2024-07-01,1,9.02229596025137
2314,000-000-5312,2024-08-01,1,9.035825788360002
2314,000-000-5312,2024-09-01,1,8.979524553348599
2314,000-000-5312,2024-10-01,1,8.81224606310178
2314,000-000-5312,2024-11-01,1,9.090011811412802
2314,000-000-5312,2024-12-01,1,8.909621646985679
2314,000-000-6140,2024-07-01,1,5.717541225283979
2314,000-000-6140,2024-08-01,1,5.932428773382654
2314,000-000-6140,2024-09-01,1,6.0065912235887176
2314,000-000-6140,2024-10-01,1,5.751958409455897
2314,000-000-6140,2024-11-01,1,5.704749213229054
2314,000-000-6140,2024-12-01,1,5.536961961612276
2340,000-000-9341,2024-07-01,1,9.973896975177565
2340,000-000-9341,2024-08-01,1,11.04359037638126
2340,000-000-9341,2024-09-01,1,10.419454868653464
2340,000-000-9341,2024-10-01,1,10.171724952379181
2340,000-000-9341,2024-11-01,1,9.235322779015705
2340,000-000-9341,2024-12-01,1,9.179069447618884
2637,000-000-6140,2024-07-01,1,8.528824654056754
2637,000-000-6140,2024-08-01,1,8.318549022012116
2637,000-000-6140,2024-09-01,1,7.974133006151774
2637,000-000-6140,2024-10-01,1,7.6759754500138655
2637,000-000-6140,2024-11-01,1,7.092570721930452
2637,000-000-6140,2024-12-01,1,7.015411614014388
2637,000-000-7049,2024-07-01,1,13.31685234025958
2637,000-000-7049,2024-08-01,1,13.336249765562991
2637,000-000-7049,2024-09-01,1,12.415317122661115
2637,000-000-7049,2024-10-01,1,11.945362890123633
2637,000-000-7049,2024-11-01,1,11.885027762107512
2637,000-000-7049,2024-12-01,1,10.66529527302421
27135,000-000-3176,2024-07-01,3,19.154769184115022
27135,000-000-3176,2024-08-01,3,20.05918502002098
27135,000-000-3176,2024-09-01,3,19.095236913173995
27135,000-000-3176,2024-10-01,3,19.629244503349465
27135,000-000-3176,2024-11-01,3,16.779652023657757
27135,000-000-3176,2024-12-01,3,16.517035449140497
27135,000-000-6020,2024-07-01,3,19.805928774020426
27135,000-000-6020,2024-08-01,3,21.149868395713405
27135,000-000-6020,2024-09-01,3,20.067134379279697
27135,000-000-6020,2024-10-01,3,19.63617171009145
27135,000-000-6020,2024-11-01,3,17.559293541453343
27135,000-000-6020,2024-12-01,3,18.132334061427088
27135,000-000-9341,2024-07-01,3,12.119697572317921
27135,000-000-9341,2024-08-01,3,11.479458149876471
27135,000-000-9341,2024-09-01,3,10.688581428993013
27135,000-000-9341,2024-10-01,3,9.995710350111496
27135,000-000-9341,2024-11-01,3,9.81083882012546
27135,000-000-9341,2024-12-01,3,9.493710663800735
27135,000-000-9461,2024-07-01,3,9.980226925367921
27135,000-000-9461,2024-08-01,3,10.019786240791104
27135,000-000-9461,2024-09-01,3,10.287312684025979
27135,000-000-9461,2024-10-01,3,9.999329855816173
27135,000-000-9461,2024-11-01,3,9.792096985742964
27135,000-000-9461,2024-12-01,3,9.606688657708643
2722,000-000-12625,2024-07-01,1,20.48064629869887
2722,000-000-12625,2024-08-01,1,20.353687313746125
2722,000-000-12625,2024-09-01,1,20.427849763952192
2722,000-000-12625,2024-10-01,1,19.950688736009702
2722,000-000-12625,2024-11-01,1,19.572669034297107
2722,000-000-12625,2024-12-01,1,19.17941466678274
2743,000-000-10425,2024-07-01,2,22.766683947474828
2743,000-000-10425,2024-08-01,2,23.84127304591086
2743,000-000-10425,2024-09-01,2,21.95111878543426
2743,000-000-10425,2024-10-01,2,20.625259753739556
2743,000-000-10425,2024-11-01,2,19.532109977996853
2743,000-000-10425,2024-12-01,2,20.284537719558664
27480,000-000-12625,2024-07-01,1,20.066609466601488
27480,000-000-12625,2024-08-01,1,20.079824817789703
27480,000-000-12625,2024-09-01,1,20.153987267995763
27480,000-000-12625,2024-10-01,1,19.74423503374155
27480,000-000-12625,2024-11-01,1,19.657758769357553
27480,000-000-12625,2024-12-01,1,19.542795099596514
27480,000-000-13151,2024-07-01,1,2.7439477212924985
27480,000-000-13151,2024-08-01,1,2.680035796609292
27480,000-000-13151,2024-09-01,1,2.8443352702229387
27480,000-000-13151,2024-10-01,1,2.63570387662917
27480,000-000-13151,2024-11-01,1,2.6998964561642986
27480,000-000-13151,2024-12-01,1,2.6044317082475037
27480,000-000-13612,2024-07-01,1,20.038654213639475
27480,000-000-13612,2024-08-01,1,18.996535481582068
27480,000-000-13612,2024-09-01,1,19.901037070781197
27480,000-000-13612,2024-10-01,1,16.670121759341473
27480,000-000-13612,2024-11-01,1,16.510608814581886
27480,000-000-13612,2024-12-01,1,14.12062606630732
27480,000-000-6973,2024-07-01,1,1.7993489407714172
27480,000-000-6973,2024-08-01,1,1.7993489407714172
27480,000-000-6973,2024-09-01,1,2.1684602789458878
27480,000-000-6973,2024-10-01,1,1.981200296898167
27480,000-000-6973,2024-11-01,1,1.9955464292086142
27480,000-000-6973,2024-12-01,1,1.84087781980612
27480,000-000-7167,2024-07-01,1,1.6213672341544692
27480,000-000-7167,2024-08-01,1,1.9296711384541567
27480,000-000-7167,2024-09-01,1,2.094435668240633
27480,000-000-7167,2024-10-01,1,1.7028288778049203
27480,000-000-7167,2024-11-01,1,1.9080028856944498
27480,000-000-7167,2024-12-01,1,1.8538569063361938
27677,000-000-12625,2024-07-01,4,57.33917351065808
27677,000-000-12625,2024-08-01,4,56.38301215473512
27677,000-000-12625,2024-09-01,4,50.04273163438595
27677,000-000-12625,2024-10-01,4,53.97346527966149
27677,000-000-12625,2024-11-01,4,53.99456128629969
27677,000-000-12625,2024-12-01,4,53.0570688709384
27677,000-000-13151,2024-07-01,4,12.427473194200175
27677,000-000-13151,2024-08-01,4,11.551135940620664
27677,000-000-13151,2024-09-01,4,11.473849333200732
27677,000-000-13151,2024-10-01,4,10.621639220685138
27677,000-000-13151,2024-11-01,4,10.024696875522016
27677,000-000-13151,2024-12-01,4,9.668186090565849
27677,000-000-13177,2024-07-01,4,74.22394271209274
27677,000-000-13177,2024-08-01,4,67.60613581965451
27677,000-000-13177,2024-09-01,4,67.57228338957088
27677,000-000-13177,2024-10-01,4,66.74618096842845
27677,000-000-13177,2024-11-01,4,66.62464164860715
27677,000-000-13177,2024-12-01,4,65.692684779599
27677,000-000-13295,2024-07-01,4,46.31223475697652
27677,000-000-13295,2024-08-01,4,43.12157631118043
27677,000-000-13295,2024-09-01,4,38.21785251332687
27677,000-000-13295,2024-10-01,4,34.43616428447682
27677,000-000-13295,2024-11-01,4,34.28020846517627
27677,000-000-13295,2024-12-01,4,33.322375511753776
27677,000-000-13323,2024-07-01,4,13.610703219798594
27677,000-000-13323,2024-08-01,4,12.655703219798593
27677,000-000-13323,2024-09-01,4,11.798003828839942
27677,000-000-13323,2024-10-01,4,11.41125726764226
27677,000-000-13323,2024-11-01,4,10.687140946111006
27677,000-000-13323,2024-12-01,4,10.064903974181357
27677,000-000-13324,2024-07-01,4,12.58220056659965
27677,000-000-13324,2024-08-01,4,12.538966044621791
27677,000-000-13324,2024-09-01,4,11.753273889981344
27677,000-000-13324,2024-10-01,4,11.401955553226287
27677,000-000-13324,2024-11-01,4,10.723548985946694
27677,000-000-13324,2024-12-01,4,9.809041490171227
27677,000-000-13325,2024-07-01,4,12.535534018179206
27677,000-000-13325,2024-08-01,4,12.506160080432107
27677,000-000-13325,2024-09-01,4,11.648460689473456
27677,000-000-13325,2024-10-01,4,11.281810491418344
27677,000-000-13325,2024-11-01,4,10.635879318961274
27677,000-000-13325,2024-12-01,4,9.921248449452412
27677,000-000-13326,2024-07-01,4,12.58220056659965
27677,000-000-13326,2024-08-01,4,12.538966044621791
27677,000-000-13326,2024-09-01,4,11.701363016805715
27677,000-000-13326,2024-10-01,4,11.35364572009491
27677,000-000-13326,2024-11-01,4,10.723548985946694
27677,000-000-13326,2024-12-01,4,9.999807765430555
27677,000-000-13349,2024-07-01,4,94.46898700744201
27677,000-000-13349,2024-08-01,4,88.65174836994305
27677,000-000-13349,2024-09-01,4,86.63113731916516
27677,000-000-13349,2024-10-01,4,88.88382991921581
27677,000-000-13349,2024-11-01,4,81.1127096036377
27677,000-000-13349,2024-12-01,4,80.29158058211112
27677,000-000-13612,2024-07-01,4,345.11854022101073
27677,000-000-13612,2024-08-01,4,310.4375155945623
27677,000-000-13612,2024-09-01,4,301.844581407266
27677,000-000-13612,2024-10-01,4,281.9491333506436
27677,000-000-13612,2024-11-01,4,275.126005604651
27677,000-000-13612,2024-12-01,4,274.19404873564287
27677,000-000-3101,2024-07-01,4,24.696286704893367
27677,000-000-3101,2024-08-01,4,24.58391220585534
27677,000-000-3101,2024-09-01,4,23.19454261930828
27677,000-000-3101,2024-10-01,4,21.70786676035656
27677,000-000-3101,2024-11-01,4,19.623378718520172
27677,000-000-3101,2024-12-01,4,19.445258985991124
27677,000-000-3746,2024-07-01,4,6.604794853691165
27677,000-000-3746,2024-08-01,4,7.101521696520279
27677,000-000-3746,2024-09-01,4,7.299399176626163
27677,000-000-3746,2024-10-01,4,6.793253137306079
27677,000-000-3746,2024-11-01,4,6.475366010040567
27677,000-000-3746,2024-12-01,4,5.814088361061767
27677,000-000-3792,2024-07-01,4,21.475152407784098
27677,000-000-3792,2024-08-01,4,21.465206687568884
27677,000-000-3792,2024-09-01,4,21.586632434413275
27677,000-000-3792,2024-10-01,4,20.30470536371404
27677,000-000-3792,2024-11-01,4,20.227813742679697
27677,000-000-3792,2024-12-01,4,19.64087260541615
27677,000-000-4053,2024-07-01,4,25.145149286907845
27677,000-000-4053,2024-08-01,4,26.78636716948309
27677,000-000-4053,2024-09-01,4,27.471328801679622
27677,000-000-4053,2024-10-01,4,23.68256842696603
27677,000-000-4053,2024-11-01,4,23.727466470747476
27677,000-000-4053,2024-12-01,4,23.28402121377082
27677,000-000-6973,2024-07-01,4,11.409264210442412
27677,000-000-6973,2024-08-01,4,11.437248548237852
27677,000-000-6973,2024-09-01,4,10.167956043172913
27677,000-000-6973,2024-10-01,4,9.829838122979202
27677,000-000-6973,2024-11-01,4,9.709868967002679
27677,000-000-6973,2024-12-01,4,9.4178172237354
27677,000-000-7167,2024-07-01,4,10.618467402705795
27677,000-000-7167,2024-08-01,4,10.97237787716448
27677,000-000-7167,2024-09-01,4,9.830805610163539
27677,000-000-7167,2024-10-01,4,9.790278807556023
27677,000-000-7167,2024-11-01,4,9.616119236727519
27677,000-000-7167,2024-12-01,4,9.3968673000471
2900,000-000-7048,2024-07-01,1,8.133883672574326
2900,000-000-7048,2024-08-01,1,7.731567851334844
2900,000-000-7048,2024-09-01,1,8.259301455596331
2900,000-000-7048,2024-10-01,1,7.526696990395561
2900,000-000-7048,2024-11-01,1,7.139488989909665
2900,000-000-7048,2024-12-01,1,6.824617588375203
2929,000-000-13311,2024-07-01,3,4.142079858291035
2929,000-000-13311,2024-08-01,3,4.089452730375983
2929,000-000-13311,2024-09-01,3,4.0113935269153735
2929,000-000-13311,2024-10-01,3,3.682772439665397
2929,000-000-13311,2024-11-01,3,3.7778542704802267
2929,000-000-13311,2024-12-01,3,3.6469227027597593
2929,000-000-3274,2024-07-01,3,17.9941135222893
2929,000-000-3274,2024-08-01,3,16.95042247793064
2929,000-000-3274,2024-09-01,3,15.54947875563909
2929,000-000-3274,2024-10-01,3,14.856748024866299
2929,000-000-3274,2024-11-01,3,13.641275580484486
2929,000-000-3274,2024-12-01,3,13.546413749840916
2929,000-000-3312,2024-07-01,3,39.13541609291762
2929,000-000-3312,2024-08-01,3,37.13183116200767
2929,000-000-3312,2024-09-01,3,32.38939397592426
2929,000-000-3312,2024-10-01,3,34.37865408073914
2929,000-000-3312,2024-11-01,3,34.108882554258685
2929,000-000-3312,2024-12-01,3,33.776527125446634
2929,000-000-3313,2024-07-01,3,37.970726834344404
2929,000-000-3313,2024-08-01,3,35.96898855591873
2929,000-000-3313,2024-09-01,3,30.661979267052228
2929,000-000-3313,2024-10-01,3,33.77468028073919
2929,000-000-3313,2024-11-01,3,33.29057653061622
2929,000-000-3313,2024-12-01,3,32.53341412010956
2929,000-000-3465,2024-07-01,3,16.08127745178113
2929,000-000-3465,2024-08-01,3,15.296896210487315
2929,000-000-3465,2024-09-01,3,15.309408660693375
2929,000-000-3465,2024-10-01,3,13.852672264293723
2929,000-000-3465,2024-11-01,3,13.790590711740904
2929,000-000-3465,2024-12-01,3,13.504840720957503
2929,000-000-3466,2024-07-01,3,16.99241296711553
2929,000-000-3466,2024-08-01,3,14.235209879560035
2929,000-000-3466,2024-09-01,3,14.29793209140433
2929,000-000-3466,2024-10-01,3,12.812711952105655
2929,000-000-3466,2024-11-01,3,12.746596182442168
2929,000-000-3466,2024-12-01,3,12.45774748509487
2929,000-000-4053,2024-07-01,3,10.381123179130759
2929,000-000-4053,2024-08-01,3,10.459125707362466
2929,000-000-4053,2024-09-01,3,10.808305221848228
2929,000-000-4053,2024-10-01,3,10.470602266034346
2929,000-000-4053,2024-11-01,3,10.055983051536591
2929,000-000-4053,2024-12-01,3,9.600647078746844
2929,000-000-4056,2024-07-01,3,7.174272846947957
2929,000-000-4056,2024-08-01,3,7.708835966287305
2929,000-000-4056,2024-09-01,3,7.228705817079708
2929,000-000-4056,2024-10-01,3,7.458202102162353
2929,000-000-4056,2024-11-01,3,6.666054210223955
2929,000-000-4056,2024-12-01,3,6.130943046425077
2929,000-000-6973,2024-07-01,3,5.274350932604108
2929,000-000-6973,2024-08-01,3,5.284005625369316
2929,000-000-6973,2024-09-01,3,5.230187481788301
2929,000-000-6973,2024-10-01,3,5.164162590387868
2929,000-000-6973,2024-11-01,3,5.116953394161026
2929,000-000-6973,2024-12-01,3,4.944271949552606
296,000-000-3313,2024-07-01,1,30.556664113872124
296,000-000-3313,2024-08-01,1,31.160511725594105
296,000-000-3313,2024-09-01,1,32.40673873633502
296,000-000-3313,2024-10-01,1,32.16495895254325
296,000-000-3313,2024-11-01,1,32.78112400463653
296,000-000-3313,2024-12-01,1,31.837509746970873
296,000-000-3870,2024-07-01,1,10.057590104656272
296,000-000-3870,2024-08-01,1,9.305239833743508
296,000-000-3870,2024-09-01,1,8.814893068454252
296,000-000-3870,2024-10-01,1,8.55455689123817
296,000-000-3870,2024-11-01,1,8.746588449036901
296,000-000-3870,2024-12-01,1,8.209066203778816
296,000-000-3871,2024-07-01,1,9.409268784611541
296,000-000-3871,2024-08-01,1,9.401788627473419
296,000-000-3871,2024-09-01,1,9.068301727242803
296,000-000-3871,2024-10-01,1,9.337014659163996
296,000-000-3871,2024-11-01,1,8.954295090664568
296,000-000-3871,2024-12-01,1,8.835310859838211
296,000-000-6140,2024-07-01,1,11.011939245470288
296,000-000-6140,2024-08-01,1,10.566408994055289
296,000-000-6140,2024-09-01,1,10.248441282435673
296,000-000-6140,2024-10-01,1,9.954317943408432
296,000-000-6140,2024-11-01,1,9.610636287431904
296,000-000-6140,2024-12-01,1,9.349648538763484
2974,000-000-11913,2024-07-01,2,29.60618992250675
2974,000-000-11913,2024-08-01,2,29.619405273694966
2974,000-000-11913,2024-09-01,2,29.693567723901026
2974,000-000-11913,2024-10-01,2,29.216406695958543
2974,000-000-11913,2024-11-01,2,30.575482208237627
2974,000-000-11913,2024-12-01,2,30.312757192829206
2974,000-000-2201,2024-07-01,2,47.79927311121888
2974,000-000-2201,2024-08-01,2,47.8124884624071
2974,000-000-2201,2024-09-01,2,48.02603407294855
2974,000-000-2201,2024-10-01,2,47.4343106969634
2974,000-000-2201,2024-11-01,2,47.32471376080189
2974,000-000-2201,2024-12-01,2,46.63130689866174
3097,000-000-12625,2024-07-01,1,19.796755980997585
3097,000-000-12625,2024-08-01,1,20.039630119022018
3097,000-000-12625,2024-09-01,1,20.113792569228078
3097,000-000-12625,2024-10-01,1,19.704040334973865
3097,000-000-12625,2024-11-01,1,19.594443398812356
3097,000-000-12625,2024-12-01,1,19.394013579284863
3124,000-000-13324,2024-07-01,1,3.125207696201605
3124,000-000-13324,2024-08-01,1,3.1124375854299564
3124,000-000-13324,2024-09-01,1,3.095046629978507
3124,000-000-13324,2024-10-01,1,2.8864152363847384
3124,000-000-13324,2024-11-01,1,2.8886128346198547
3124,000-000-13324,2024-12-01,1,2.779625427850377
3124,000-000-13612,2024-07-01,1,11.375511374164752
3124,000-000-13612,2024-08-01,1,10.800900229810177
3124,000-000-13612,2024-09-01,1,10.466493874544886
3124,000-000-13612,2024-10-01,1,10.147828490123297
3124,000-000-13612,2024-11-01,1,9.95178688575004
3124,000-000-13612,2024-12-01,1,10.013744584128867
3124,000-000-6140,2024-07-01,1,4.407787264003931
3124,000-000-6140,2024-08-01,1,4.087137155107671
3124,000-000-6140,2024-09-01,1,4.525631579535947
3124,000-000-6140,2024-10-01,1,4.280360602609894
3124,000-000-6140,2024-11-01,1,4.317885284807325
3124,000-000-6140,2024-12-01,1,3.765641700067554
3144,000-000-10057,2024-07-01,3,11.628075241369856
3144,000-000-10057,2024-08-01,3,11.98982443244132
3144,000-000-10057,2024-09-01,3,12.063986882647384
3144,000-000-10057,2024-10-01,3,11.685902230426962
3144,000-000-10057,2024-11-01,3,11.630495709117422
3144,000-000-10057,2024-12-01,3,11.437155229047463
3144,000-000-12450,2024-07-01,3,7.271516428004753
3144,000-000-12450,2024-08-01,3,7.04246266913778
3144,000-000-12450,2024-09-01,3,7.381599094521078
3144,000-000-12450,2024-10-01,3,6.769400554882855
3144,000-000-12450,2024-11-01,3,6.7305474307967135
3144,000-000-12450,2024-12-01,3,6.465992059945673
3144,000-000-13216,2024-07-01,3,5.954439861621932
3144,000-000-13216,2024-08-01,3,5.954439861621932
3144,000-000-13216,2024-09-01,3,6.033781905145862
3144,000-000-13216,2024-10-01,3,5.823072723297932
3144,000-000-13216,2024-11-01,3,5.804776050796512
3144,000-000-13216,2024-12-01,3,5.623053354837079
3144,000-000-3176,2024-07-01,3,17.355499117801433
3144,000-000-3176,2024-08-01,3,17.34555339758622
3144,000-000-3176,2024-09-01,3,17.469925609430522
3144,000-000-3176,2024-10-01,3,16.12555567604791
3144,000-000-3176,2024-11-01,3,16.015958739886386
3144,000-000-3176,2024-12-01,3,15.598424816846602
3144,000-000-3777,2024-07-01,3,9.822803140904922
3144,000-000-3777,2024-08-01,3,9.373301170348748
3144,000-000-3777,2024-09-01,3,8.756412648720557
3144,000-000-3777,2024-10-01,3,8.458454005348552
3144,000-000-3777,2024-11-01,3,8.334700495811836
3144,000-000-3777,2024-12-01,3,7.356777062990695
3144,000-000-4013,2024-07-01,3,201.9883310445689
3144,000-000-4013,2024-08-01,3,195.24679675657796
3144,000-000-4013,2024-09-01,3,195.32095920678404
3144,000-000-4013,2024-10-01,3,155.28387875769522
3144,000-000-4013,2024-11-01,3,150.73146104090918
3144,000-000-4013,2024-12-01,3,141.96428628969747
3144,000-000-9341,2024-07-01,3,9.861997091953102
3144,000-000-9341,2024-08-01,3,10.403942535911773
3144,000-000-9341,2024-09-01,3,10.27784887830773
3144,000-000-9341,2024-10-01,3,9.85347684504273
3144,000-000-9341,2024-11-01,3,9.860941948538978
3144,000-000-9341,2024-12-01,3,8.940744265593183
3187,000-000-13313,2024-07-01,1,8.735408063964845
3187,000-000-13313,2024-08-01,1,8.658448141021301
3187,000-000-13313,2024-09-01,1,8.944507850949496
3187,000-000-13313,2024-10-01,1,8.590262930500975
3187,000-000-13313,2024-11-01,1,8.305222354049496
3187,000-000-13313,2024-12-01,1,6.789895795659746
3187,000-000-13318,2024-07-01,1,6.563763830560382
3187,000-000-13318,2024-08-01,1,7.060490673389498
3187,000-000-13318,2024-09-01,1,7.360938514331946
3187,000-000-13318,2024-10-01,1,6.63031473377403
3187,000-000-13318,2024-11-01,1,6.579806234255949
3187,000-000-13318,2024-12-01,1,6.352851566489839
3187,000-000-13449,2024-07-01,1,8.447439365816846
3187,000-000-13449,2024-08-01,1,7.134315380199606
3187,000-000-13449,2024-09-01,1,7.708162147653259
3187,000-000-13449,2024-10-01,1,7.1719016460638985
3187,000-000-13449,2024-11-01,1,7.242494404830642
3187,000-000-13449,2024-12-01,1,6.599354721423207
3187,000-000-13450,2024-07-01,1,9.129227362397174
3187,000-000-13450,2024-08-01,1,8.737125512279375
3187,000-000-13450,2024-09-01,1,8.592196501441546
3187,000-000-13450,2024-10-01,1,8.325726111797719
3187,000-000-13450,2024-11-01,1,7.766590446639926
3187,000-000-13450,2024-12-01,1,6.861007963281278
3187,000-000-13451,2024-07-01,1,7.423142460125811
3187,000-000-13451,2024-08-01,1,6.562051502188268
3187,000-000-13451,2024-09-01,1,6.752765677968157
3187,000-000-13451,2024-10-01,1,6.544431023147898
3187,000-000-13451,2024-11-01,1,6.460664797724578
3187,000-000-13451,2024-12-01,1,5.604336047079059
3187,000-000-9419,2024-07-01,1,6.628036895211192
3187,000-000-9419,2024-08-01,1,6.391428425306119
3187,000-000-9419,2024-09-01,1,5.618010966303702
3187,000-000-9419,2024-10-01,1,5.528224103333992
3187,000-000-9419,2024-11-01,1,5.256150379909611
3187,000-000-9419,2024-12-01,1,4.703289551143767
3217,000-000-3312,2024-07-01,1,20.041601743392174
3217,000-000-3312,2024-08-01,1,22.209430356886337
3217,000-000-3312,2024-09-01,1,24.239110593679694
3217,000-000-3312,2024-10-01,1,23.65744073803183
3217,000-000-3312,2024-11-01,1,24.465386810833994
3217,000-000-3312,2024-12-01,1,25.866674727221113
3702,000-000-3312,2024-07-01,1,16.93052285491541
3702,000-000-3312,2024-08-01,1,13.10473431171091
3702,000-000-3312,2024-09-01,1,13.149426104999666
3702,000-000-3312,2024-10-01,1,11.765442921239913
3702,000-000-3312,2024-11-01,1,11.674744444891012
3702,000-000-3312,2024-12-01,1,11.48202045364539
3702,000-000-3313,2024-07-01,1,19.820143065083585
3702,000-000-3313,2024-08-01,1,16.30786218204722
3702,000-000-3313,2024-09-01,1,19.506383545539396
3702,000-000-3313,2024-10-01,1,18.520719323094482
3702,000-000-3313,2024-11-01,1,17.471857785490933
3702,000-000-3313,2024-12-01,1,15.171374695489032
3761,000-000-13315,2024-07-01,1,4.724142034895378
3761,000-000-13315,2024-08-01,1,4.294531051754586
3761,000-000-13315,2024-09-01,1,4.778637189703465
3761,000-000-13315,2024-10-01,1,4.5452551659789595
3761,000-000-13315,2024-11-01,1,4.9004925228501275
3761,000-000-13315,2024-12-01,1,4.526365391682454
3761,000-000-8722,2024-07-01,1,14.752014058287592
3761,000-000-8722,2024-08-01,1,14.36760209238071
3761,000-000-8722,2024-09-01,1,14.322615020446595
3761,000-000-8722,2024-10-01,1,13.776149821999226
3761,000-000-8722,2024-11-01,1,13.715527755800363
3761,000-000-8722,2024-12-01,1,13.352761686215636
3793,000-000-13315,2024-07-01,1,6.227366186051492
3793,000-000-13315,2024-08-01,1,5.924072701241954
3793,000-000-13315,2024-09-01,1,6.0065912235887176
3793,000-000-13315,2024-10-01,1,5.764172668183791
3793,000-000-13315,2024-11-01,1,5.716963471956948
3793,000-000-13315,2024-12-01,1,5.563098155768447
3866,000-000-13660,2024-07-01,5,3.2981159138608773
3866,000-000-13660,2024-08-01,5,3.285345803089229
3866,000-000-13660,2024-09-01,5,3.4077714935288834
3866,000-000-13660,2024-10-01,5,3.178770687613367
3866,000-000-13660,2024-11-01,5,3.0444952166134382
3866,000-000-13660,2024-12-01,5,2.871107333688767
3873,000-000-10173,2024-07-01,3,4.234656642632302
3873,000-000-10173,2024-08-01,3,4.211036205130954
3873,000-000-10173,2024-09-01,3,4.333461895570608
3873,000-000-10173,2024-10-01,3,4.049238639742343
3873,000-000-10173,2024-11-01,3,4.027971181090297
3873,000-000-10173,2024-12-01,3,3.849698512560542
3873,000-000-10174,2024-07-01,3,4.163504592834949
3873,000-000-10174,2024-08-01,3,4.145135940039417
3873,000-000-10174,2024-09-01,3,4.2675616304790704
3873,000-000-10174,2024-10-01,3,4.043640097718459
3873,000-000-10174,2024-11-01,3,4.022372639066413
3873,000-000-10174,2024-12-01,3,3.849698512560542
3873,000-000-11828,2024-07-01,3,241.02133037650623
3873,000-000-11828,2024-08-01,3,259.4364634476595
3873,000-000-11828,2024-09-01,3,219.26040764218908
3873,000-000-11828,2024-10-01,3,252.15729822433062
3873,000-000-11828,2024-11-01,3,247.01770738632294
3873,000-000-11828,2024-12-01,3,259.07085599620603
3873,000-000-11829,2024-07-01,3,109.15374687816998
3873,000-000-11829,2024-08-01,3,100.9175135295371
3873,000-000-11829,2024-09-01,3,93.2206404200881
3873,000-000-11829,2024-10-01,3,83.66382996428456
3873,000-000-11829,2024-11-01,3,78.22666112139791
3873,000-000-11829,2024-12-01,3,71.11519422342512
3873,000-000-11834,2024-07-01,3,264.82090783732093
3873,000-000-11834,2024-08-01,3,305.7205358396221
3873,000-000-11834,2024-09-01,3,333.69003569668337
3873,000-000-11834,2024-10-01,3,332.86393327554083
3873,000-000-11834,2024-11-01,3,272.54224045859576
3873,000-000-11834,2024-12-01,3,263.2437883643265
3873,000-000-1732,2024-07-01,3,3.9212841696105145
3873,000-000-1732,2024-08-01,3,4.048647001985714
3873,000-000-1732,2024-09-01,3,4.249314654570089
3873,000-000-1732,2024-10-01,3,3.990044406144508
3873,000-000-1732,2024-11-01,3,3.9531689367398726
3873,000-000-1732,2024-12-01,3,3.8035360180217945
3873,000-000-3176,2024-07-01,3,39.72105439595233
3873,000-000-3176,2024-08-01,3,42.203902628372894
3873,000-000-3176,2024-09-01,3,43.30032042370142
3873,000-000-3176,2024-10-01,3,42.43602801951866
3873,000-000-3176,2024-11-01,3,42.31448869969732
3873,000-000-3176,2024-12-01,3,41.3825318306892
3873,000-000-3777,2024-07-01,3,4.244279731163784
3873,000-000-3777,2024-08-01,3,4.346694743102974
3873,000-000-3777,2024-09-01,3,4.538736122374322
3873,000-000-3777,2024-10-01,3,4.8035084956790275
3873,000-000-3777,2024-11-01,3,4.814607175456768
3873,000-000-3777,2024-12-01,3,4.925784931889488
3873,000-000-4013,2024-07-01,3,97.82508202224636
3873,000-000-4013,2024-08-01,3,97.50836613818359
3873,000-000-4013,2024-09-01,3,101.0711423849005
3873,000-000-4013,2024-10-01,3,92.95467294084304
3873,000-000-4013,2024-11-01,3,92.83313362102174
3873,000-000-4013,2024-12-01,3,78.33725160006254
3873,000-000-9341,2024-07-01,3,5.308917465102123
3873,000-000-9341,2024-08-01,3,5.492617507294557
3873,000-000-9341,2024-09-01,3,6.014200188618921
3873,000-000-9341,2024-10-01,3,5.827231406837565
3873,000-000-9341,2024-11-01,3,5.68768425170323
3873,000-000-9341,2024-12-01,3,5.635844873974399
3873,000-000-9419,2024-07-01,3,5.140765140515532
3873,000-000-9419,2024-08-01,3,5.090997082224939
3873,000-000-9419,2024-09-01,3,5.730801681179206
3873,000-000-9419,2024-10-01,3,5.983402038606198
3873,000-000-9419,2024-11-01,3,5.684795703655453
3873,000-000-9419,2024-12-01,3,5.698391360967076
3873,000-000-9461,2024-07-01,3,3.285790454484524
3873,000-000-9461,2024-08-01,3,3.210735729505568
3873,000-000-9461,2024-09-01,3,3.3447441795220754
3873,000-000-9461,2024-10-01,3,3.1249260454350307
3873,000-000-9461,2024-11-01,3,3.117421702972702
3873,000-000-9461,2024-12-01,3,2.854464190767779
3922,000-000-10129,2024-07-01,4,25.5097652530302
3922,000-000-10129,2024-08-01,4,24.146132208831595
3922,000-000-10129,2024-09-01,4,24.23306586355089
3922,000-000-10129,2024-10-01,4,23.6934056011878
3922,000-000-10129,2024-11-01,4,23.571866281366482
3922,000-000-10129,2024-12-01,4,23.830122486080462
3922,000-000-10130,2024-07-01,4,46.44673681403175
3922,000-000-10130,2024-08-01,4,38.38662295674523
3922,000-000-10130,2024-09-01,4,35.56722220086024
3922,000-000-10130,2024-10-01,4,34.57683526455859
3922,000-000-10130,2024-11-01,4,34.372201613656266
3922,000-000-10130,2024-12-01,4,34.2190203109588
3922,000-000-10173,2024-07-01,4,4.317276152246878
3922,000-000-10173,2024-08-01,4,4.3045060414752285
3922,000-000-10173,2024-09-01,4,4.381240619293349
3922,000-000-10173,2024-10-01,4,4.189797848241595
3922,000-000-10173,2024-11-01,4,4.183141000035663
3922,000-000-10173,2024-12-01,4,3.957778959350932
3922,000-000-10174,2024-07-01,4,4.345876397430027
3922,000-000-10174,2024-08-01,4,4.418619732575854
3922,000-000-10174,2024-09-01,4,4.858357157896382
3922,000-000-10174,2024-10-01,4,4.571695527579621
3922,000-000-10174,2024-11-01,4,4.8542054952818265
3922,000-000-10174,2024-12-01,4,4.962827598731925
3922,000-000-11827,2024-07-01,4,515.8877331020792
3922,000-000-11827,2024-08-01,4,475.1849506361817
3922,000-000-11827,2024-09-01,4,448.6656884681056
3922,000-000-11827,2024-10-01,4,414.76393323032653
3922,000-000-11827,2024-11-01,4,396.2362899699814
3922,000-000-11827,2024-12-01,4,383.9362814649412
3922,000-000-11834,2024-07-01,4,477.1621483802005
3922,000-000-11834,2024-08-01,4,429.63944294723296
3922,000-000-11834,2024-09-01,4,434.7438470169707
3922,000-000-11834,2024-10-01,4,450.25619095513355
3922,000-000-11834,2024-11-01,4,423.72438900941455
3922,000-000-11834,2024-12-01,4,358.985317018083
3922,000-000-13268,2024-07-01,4,7.961040762175738
3922,000-000-13268,2024-08-01,4,7.098998278853065
3922,000-000-13268,2024-09-01,4,7.230386870594343
3922,000-000-13268,2024-10-01,4,6.549773570131741
3922,000-000-13268,2024-11-01,4,6.666788579904411
3922,000-000-13268,2024-12-01,4,6.251173675236002
3922,000-000-13348,2024-07-01,4,8.7101553407841
3922,000-000-13348,2024-08-01,4,9.899605899271208
3922,000-000-13348,2024-09-01,4,10.353580363923799
3922,000-000-13348,2024-10-01,4,9.379839405282057
3922,000-000-13348,2024-11-01,4,8.798969331279467
3922,000-000-13348,2024-12-01,4,8.926101321660598
3922,000-000-13584,2024-07-01,4,140.13558023725625
3922,000-000-13584,2024-08-01,4,119.67428097404863
3922,000-000-13584,2024-09-01,4,110.87673284274635
3922,000-000-13584,2024-10-01,4,108.80665818771475
3922,000-000-13584,2024-11-01,4,108.68511886789345
3922,000-000-13584,2024-12-01,4,107.21143578307574
3922,000-000-13625,2024-07-01,4,8.877697577443588
3922,000-000-13625,2024-08-01,4,9.01426647599323
3922,000-000-13625,2024-09-01,4,8.597350824821001
3922,000-000-13625,2024-10-01,4,8.268260492464192
3922,000-000-13625,2024-11-01,4,7.691012385125466
3922,000-000-13625,2024-12-01,4,7.528889824356842
3922,000-000-3777,2024-07-01,4,10.1268547948859
3922,000-000-3777,2024-08-01,4,10.622676850044726
3922,000-000-3777,2024-09-01,4,10.164984295237927
3922,000-000-3777,2024-10-01,4,9.475380160579798
3922,000-000-3777,2024-11-01,4,9.294320034506852
3922,000-000-3777,2024-12-01,4,9.71524881300157
3922,000-000-4013,2024-07-01,4,85.34759451130826
3922,000-000-4013,2024-08-01,4,81.43160456601022
3922,000-000-4013,2024-09-01,4,80.9560056353521
3922,000-000-4013,2024-10-01,4,73.65733069877378
3922,000-000-4013,2024-11-01,4,73.4728800239374
3922,000-000-4013,2024-12-01,4,64.88438684552881
3922,000-000-4713,2024-07-01,4,299.2269623977608
3922,000-000-4713,2024-08-01,4,284.9285636514124
3922,000-000-4713,2024-09-01,4,276.4039474504224
3922,000-000-4713,2024-10-01,4,275.57784502927996
3922,000-000-4713,2024-11-01,4,275.45630570945855
3922,000-000-4713,2024-12-01,4,271.405312057689
3922,000-000-6020,2024-07-01,4,14.403922148088483
3922,000-000-6020,2024-08-01,4,14.511937028378213
3922,000-000-6020,2024-09-01,4,13.385568204265073
3922,000-000-6020,2024-10-01,4,13.099853305722924
3922,000-000-6020,2024-11-01,4,12.330731132653636
3922,000-000-6020,2024-12-01,4,12.104683181305045
3922,000-000-7198,2024-07-01,4,7.5604073955883
3922,000-000-7198,2024-08-01,4,7.410266604864784
3922,000-000-7198,2024-09-01,4,7.183189883352058
3922,000-000-7198,2024-10-01,4,6.545481633111302
3922,000-000-7198,2024-11-01,4,6.7099014475808
3922,000-000-7198,2024-12-01,4,6.324699358151511
3922,000-000-8721,2024-07-01,4,7.299862938993252
3922,000-000-8721,2024-08-01,4,7.310999303131986
3922,000-000-8721,2024-09-01,4,6.693198092868165
3922,000-000-8721,2024-10-01,4,6.731636557117833
3922,000-000-8721,2024-11-01,4,6.69482970011159
3922,000-000-8721,2024-12-01,4,6.4557264982701525
3922,000-000-9341,2024-07-01,4,9.486790308881348
3922,000-000-9341,2024-08-01,4,10.246046363935857
3922,000-000-9341,2024-09-01,4,10.537171502070045
3922,000-000-9341,2024-10-01,4,10.120422570565244
3922,000-000-9341,2024-11-01,4,9.455891016516583
3922,000-000-9341,2024-12-01,4,8.969778071240656
3922,000-000-9419,2024-07-01,4,10.783245692998642
3922,000-000-9419,2024-08-01,4,10.46563810757196
3922,000-000-9419,2024-09-01,4,10.507891816905403
3922,000-000-9419,2024-10-01,4,10.170770571812087
3922,000-000-9419,2024-11-01,4,10.074008876510417
3922,000-000-9419,2024-12-01,4,9.425068310176565
4148,000-000-4056,2024-07-01,1,3.1628183913628303
4148,000-000-4056,2024-08-01,1,3.0212623918626513
4148,000-000-4056,2024-09-01,1,3.143688082302305
4148,000-000-4056,2024-10-01,1,2.9350566887085363
4148,000-000-4056,2024-11-01,1,2.907843474011178
4148,000-000-4056,2024-12-01,1,2.7926888424933556
4148,000-000-6140,2024-07-01,1,3.851593933285082
4148,000-000-6140,2024-08-01,1,3.1515381010722856
4148,000-000-6140,2024-09-01,1,3.181762972136569
4148,000-000-6140,2024-10-01,1,2.737522755686672
4148,000-000-6140,2024-11-01,1,2.7397203539217885
4148,000-000-6140,2024-12-01,1,2.653196423128272
4167,000-000-3312,2024-07-01,1,8.916535322598072
4167,000-000-3312,2024-08-01,1,8.874327051020492
4167,000-000-3312,2024-09-01,1,9.583218121946228
4167,000-000-3312,2024-10-01,1,9.613628971729613
4167,000-000-3312,2024-11-01,1,9.504131568623693
4167,000-000-3312,2024-12-01,1,8.99187570597334
4167,000-000-3313,2024-07-01,1,8.56297956865625
4167,000-000-3313,2024-08-01,1,10.132056834872387
4167,000-000-3313,2024-09-01,1,10.970932003008823
4167,000-000-3313,2024-10-01,1,9.706390195551391
4167,000-000-3313,2024-11-01,1,9.837541459555608
4167,000-000-3313,2024-12-01,1,8.49278467154767
4167,000-000-3870,2024-07-01,1,8.009668009479713
4167,000-000-3870,2024-08-01,1,8.40350059231982
4167,000-000-3870,2024-09-01,1,7.833118138143803
4167,000-000-3870,2024-10-01,1,7.601270294287026
4167,000-000-3870,2024-11-01,1,7.255409207828149
4167,000-000-3870,2024-12-01,1,6.993572478320757
4403,000-000-13890,2024-07-01,1,5.838589263466208
4403,000-000-13890,2024-08-01,1,6.108498996169612
4403,000-000-13890,2024-09-01,1,5.9227323943824945
4403,000-000-13890,2024-10-01,1,5.6803138389775665
4403,000-000-13890,2024-11-01,1,5.741249967726967
4403,000-000-13890,2024-12-01,1,5.5408201481994706
4403,000-000-3313,2024-07-01,1,17.310166370984746
4403,000-000-3313,2024-08-01,1,14.089895249792484
4403,000-000-3313,2024-09-01,1,13.46933798581016
4403,000-000-3313,2024-10-01,1,12.036419986663734
4403,000-000-3313,2024-11-01,1,11.914880666842407
4403,000-000-3313,2024-12-01,1,11.72215667559679
4403,000-000-7049,2024-07-01,1,19.824156559545127
4403,000-000-7049,2024-08-01,1,21.058542045215447
4403,000-000-7049,2024-09-01,1,16.960899035119713
4403,000-000-7049,2024-10-01,1,16.896976621940084
4403,000-000-7049,2024-11-01,1,15.637638786822087
4403,000-000-7049,2024-12-01,1,15.380951542297169
4418,000-000-3176,2024-07-01,2,29.559522394389468
4418,000-000-3176,2024-08-01,2,30.700418077648806
4418,000-000-3176,2024-09-01,2,32.30938790286502
4418,000-000-3176,2024-10-01,2,33.07962902750898
4418,000-000-3176,2024-11-01,2,33.720446976004276
4418,000-000-3176,2024-12-01,2,32.9683988955179
4455,000-000-7049,2024-07-01,1,11.816217435314574
4455,000-000-7049,2024-08-01,1,11.83123086819202
4455,000-000-7049,2024-09-01,1,11.94390174696391
4455,000-000-7049,2024-10-01,1,11.58110723391033
4455,000-000-7049,2024-11-01,1,11.471510297748814
4455,000-000-7049,2024-12-01,1,10.810528241514755
4502,000-000-10057,2024-07-01,4,16.35348727497778
4502,000-000-10057,2024-08-01,4,14.203997483793582
4502,000-000-10057,2024-09-01,4,14.36910497079079
4502,000-000-10057,2024-10-01,4,10.961704927226535
4502,000-000-10057,2024-11-01,4,10.366117998414465
4502,000-000-10057,2024-12-01,4,9.862743383516046
4502,000-000-10129,2024-07-01,4,14.352773645752084
4502,000-000-10129,2024-08-01,4,14.384952988834776
4502,000-000-10129,2024-09-01,4,14.459115439040836
4502,000-000-10129,2024-10-01,4,13.895729042641182
4502,000-000-10129,2024-11-01,4,14.051460169001711
4502,000-000-10129,2024-12-01,4,13.697191258092992
4502,000-000-10130,2024-07-01,4,23.76825958009874
4502,000-000-10130,2024-08-01,4,25.54001182771849
4502,000-000-10130,2024-09-01,4,23.086246324004414
4502,000-000-10130,2024-10-01,4,22.673858939241438
4502,000-000-10130,2024-11-01,4,21.648117957187004
4502,000-000-10130,2024-12-01,4,20.34939951056829
4502,000-000-10173,2024-07-01,4,4.342048414404854
4502,000-000-10173,2024-08-01,4,4.3045060414752285
4502,000-000-10173,2024-09-01,4,4.413719381002203
4502,000-000-10173,2024-10-01,4,4.14270847608662
4502,000-000-10173,2024-11-01,4,4.159565474486259
4502,000-000-10173,2024-12-01,4,3.986891347980387
4502,000-000-10174,2024-07-01,4,4.243577973543225
4502,000-000-10174,2024-08-01,4,4.219957536041877
4502,000-000-10174,2024-09-01,4,4.342383226481532
4502,000-000-10174,2024-10-01,4,4.058159970653271
4502,000-000-10174,2024-11-01,4,4.036892512001215
4502,000-000-10174,2024-12-01,4,3.886368218390531
4502,000-000-11554,2024-07-01,4,12.431231156476748
4502,000-000-11554,2024-08-01,4,12.431231156476748
4502,000-000-11554,2024-09-01,4,11.967142797754274
4502,000-000-11554,2024-10-01,4,11.542100424333228
4502,000-000-11554,2024-11-01,4,11.432503488171712
4502,000-000-11554,2024-12-01,4,10.854585981118058
4502,000-000-11645,2024-07-01,4,12.157173832821751
4502,000-000-11645,2024-08-01,4,12.28126969949723
4502,000-000-11645,2024-09-01,4,12.26770910811809
4502,000-000-11645,2024-10-01,4,11.949038437585912
4502,000-000-11645,2024-11-01,4,11.90182924135907
4502,000-000-11645,2024-12-01,4,11.720106545399624
4502,000-000-11646,2024-07-01,4,21.040307746263995
4502,000-000-11646,2024-08-01,4,20.382891313519668
4502,000-000-11646,2024-09-01,4,18.313631082283553
4502,000-000-11646,2024-10-01,4,16.897240403628203
4502,000-000-11646,2024-11-01,4,15.806047682061909
4502,000-000-11646,2024-12-01,4,13.63358646199239
4502,000-000-11828,2024-07-01,4,161.69602850108592
4502,000-000-11828,2024-08-01,4,147.28426269711738
4502,000-000-11828,2024-09-01,4,147.4831909114275
4502,000-000-11828,2024-10-01,4,146.34213192631614
4502,000-000-11828,2024-11-01,4,146.2205926064948
4502,000-000-11828,2024-12-01,4,136.62698526529144
4502,000-000-12100,2024-07-01,4,12.18240725841924
4502,000-000-12100,2024-08-01,4,12.17732432815411
4502,000-000-12100,2024-09-01,4,12.163763736774971
4502,000-000-12100,2024-10-01,4,11.84509306624279
4502,000-000-12100,2024-11-01,4,11.743693455163971
4502,000-000-12100,2024-12-01,4,11.561970759204524
4502,000-000-12102,2024-07-01,4,12.18240725841924
4502,000-000-12102,2024-08-01,4,12.17732432815411
4502,000-000-12102,2024-09-01,4,12.163763736774971
4502,000-000-12102,2024-10-01,4,11.84509306624279
4502,000-000-12102,2024-11-01,4,11.743693455163971
4502,000-000-12102,2024-12-01,4,11.561970759204524
4502,000-000-12334,2024-07-01,4,18.869947686949065
4502,000-000-12334,2024-08-01,4,19.57775099032936
4502,000-000-12334,2024-09-01,4,19.69217748195845
4502,000-000-12334,2024-10-01,4,19.202102563186564
4502,000-000-12334,2024-11-01,4,17.74017915758897
4502,000-000-12334,2024-12-01,4,15.509782589614414
4502,000-000-13025,2024-07-01,4,10.236547535911521
4502,000-000-13025,2024-08-01,4,10.223777425139874
4502,000-000-13025,2024-09-01,4,10.21021683376073
4502,000-000-13025,2024-10-01,4,9.986295301000125
4502,000-000-13025,2024-11-01,4,9.939086104773283
4502,000-000-13025,2024-12-01,4,9.757363408813843
4502,000-000-1999,2024-07-01,4,16.393534354786436
4502,000-000-1999,2024-08-01,4,14.369762662759317
4502,000-000-1999,2024-09-01,4,13.50268897802593
4502,000-000-1999,2024-10-01,4,12.160319096515178
4502,000-000-1999,2024-11-01,4,12.03877977669385
4502,000-000-1999,2024-12-01,4,11.022954553087487
4502,000-000-2001,2024-07-01,4,15.412147393933935
4502,000-000-2001,2024-08-01,4,14.524993240803958
4502,000-000-2001,2024-09-01,4,11.737681161681383
4502,000-000-2001,2024-10-01,4,11.320840623253321
4502,000-000-2001,2024-11-01,4,10.627595617061742
4502,000-000-2001,2024-12-01,4,9.923950759688173
4502,000-000-2170,2024-07-01,4,13.327993314682804
4502,000-000-2170,2024-08-01,4,12.526311552401932
4502,000-000-2170,2024-09-01,4,11.782867528449106
4502,000-000-2170,2024-10-01,4,11.333847646938352
4502,000-000-2170,2024-11-01,4,10.687916474481286
4502,000-000-2170,2024-12-01,4,9.971264593422687
4502,000-000-3176,2024-07-01,4,24.70309321572832
4502,000-000-3176,2024-08-01,4,22.176562333555378
4502,000-000-3176,2024-09-01,4,22.45210400670024
4502,000-000-3176,2024-10-01,4,21.199491412637943
4502,000-000-3176,2024-11-01,4,20.74839025623012
4502,000-000-3176,2024-12-01,4,19.367362059993848
4502,000-000-4013,2024-07-01,4,73.46675609612485
4502,000-000-4013,2024-08-01,4,85.53041516432347
4502,000-000-4013,2024-09-01,4,80.36715973821674
4502,000-000-4013,2024-10-01,4,80.47089148580416
4502,000-000-4013,2024-11-01,4,66.00728058610466
4502,000-000-4013,2024-12-01,4,66.65032763455119
4502,000-000-6020,2024-07-01,4,15.304378972208326
4502,000-000-6020,2024-08-01,4,12.314750876865087
4502,000-000-6020,2024-09-01,4,12.446028130064608
4502,000-000-6020,2024-10-01,4,11.99700824855385
4502,000-000-6020,2024-11-01,4,11.875468928732523
4502,000-000-6020,2024-12-01,4,11.002317172985691
4502,000-000-9419,2024-07-01,4,10.823152786166187
4502,000-000-9419,2024-08-01,4,10.930781411900242
4502,000-000-9419,2024-09-01,4,9.529121167975367
4502,000-000-9419,2024-10-01,4,9.093802288551549
4502,000-000-9419,2024-11-01,4,8.744133967723046
4502,000-000-9419,2024-12-01,4,8.494970281429636
4627,000-000-10173,2024-07-01,4,6.565267500639555
4627,000-000-10173,2024-08-01,4,6.508014143994538
4627,000-000-10173,2024-09-01,4,6.784097442112948
4627,000-000-10173,2024-10-01,4,6.714734418337768
4627,000-000-10173,2024-11-01,4,6.475366010040567
4627,000-000-10173,2024-12-01,4,5.851391344642133
4627,000-000-10174,2024-07-01,4,5.013425178997444
4627,000-000-10174,2024-08-01,4,5.564150815146959
4627,000-000-10174,2024-09-01,4,5.676292936018278
4627,000-000-10174,2024-10-01,4,5.708370594692871
4627,000-000-10174,2024-11-01,4,5.969342912990188
4627,000-000-10174,2024-12-01,4,5.674770667984848
4627,000-000-10885,2024-07-01,4,132.52725859221357
4627,000-000-10885,2024-08-01,4,133.92621115343832
4627,000-000-10885,2024-09-01,4,133.23429331708462
4627,000-000-10885,2024-10-01,4,132.117987081317
4627,000-000-10885,2024-11-01,4,126.19090320441126
4627,000-000-10885,2024-12-01,4,117.08497940756301
4627,000-000-11827,2024-07-01,4,139.47888403659874
4627,000-000-11827,2024-08-01,4,140.57290185365636
4627,000-000-11827,2024-09-01,4,141.09594497750612
4627,000-000-11827,2024-10-01,4,140.26984255636373
4627,000-000-11827,2024-11-01,4,140.14830323654238
4627,000-000-11827,2024-12-01,4,139.26366020126872
4627,000-000-11828,2024-07-01,4,360.83488564827786
4627,000-000-11828,2024-08-01,4,304.43518261533904
4627,000-000-11828,2024-09-01,4,291.07106173743256
4627,000-000-11828,2024-10-01,4,277.4810319448173
4627,000-000-11828,2024-11-01,4,269.4877697153032
4627,000-000-11828,2024-12-01,4,273.1000309185852
4627,000-000-11829,2024-07-01,4,95.3105776865342
4627,000-000-11829,2024-08-01,4,95.64686117693695
4627,000-000-11829,2024-09-01,4,95.04556419701004
4627,000-000-11829,2024-10-01,4,93.88317828546488
4627,000-000-11829,2024-11-01,4,93.6968592597131
4627,000-000-11829,2024-12-01,4,93.09211323936157
4627,000-000-11835,2024-07-01,4,111.54497460477957
4627,000-000-11835,2024-08-01,4,112.71555424302232
4627,000-000-11835,2024-09-01,4,110.75133935227858
4627,000-000-11835,2024-10-01,4,101.81694443018922
4627,000-000-11835,2024-11-01,4,101.39613135734972
4627,000-000-11835,2024-12-01,4,92.50093033753623
4627,000-000-12882,2024-07-01,4,370.53537295035966
4627,000-000-12882,2024-08-01,4,323.98955612221096
4627,000-000-12882,2024-09-01,4,295.75833705648444
4627,000-000-12882,2024-10-01,4,284.99755615556904
4627,000-000-12882,2024-11-01,4,282.8543493043727
4627,000-000-12882,2024-12-01,4,281.92239243536454
4627,000-000-13099,2024-07-01,4,437.8407780918619
4627,000-000-13099,2024-08-01,4,389.3876034626899
4627,000-000-13099,2024-09-01,4,364.610921551256
4627,000-000-13099,2024-10-01,4,338.7975781764696
4627,000-000-13099,2024-11-01,4,328.35201256395703
4627,000-000-13099,2024-12-01,4,306.2272815531986
4627,000-000-1999,2024-07-01,4,19.051022906511346
4627,000-000-1999,2024-08-01,4,18.79079374254496
4627,000-000-1999,2024-09-01,4,14.3865469084624
4627,000-000-1999,2024-10-01,4,11.962795398047312
4627,000-000-1999,2024-11-01,4,10.919544879988631
4627,000-000-1999,2024-12-01,4,10.055787450351103
4627,000-000-2001,2024-07-01,4,18.31550522090052
4627,000-000-2001,2024-08-01,4,16.257409640360635
4627,000-000-2001,2024-09-01,4,14.339979741622258
4627,000-000-2001,2024-10-01,4,12.949723725172056
4627,000-000-2001,2024-11-01,4,11.934834405350728
4627,000-000-2001,2024-12-01,4,10.871695348009855
4627,000-000-2170,2024-07-01,4,15.327499643985835
4627,000-000-2170,2024-08-01,4,11.617920943451953
4627,000-000-2170,2024-09-01,4,11.762771165306535
4627,000-000-2170,2024-10-01,4,11.313751283795778
4627,000-000-2170,2024-11-01,4,10.620506277604198
4627,000-000-2170,2024-12-01,4,9.996092809109728
4627,000-000-3176,2024-07-01,4,38.698565891375246
4627,000-000-3176,2024-08-01,4,45.41896047908881
4627,000-000-3176,2024-09-01,4,38.83249223447774
4627,000-000-3176,2024-10-01,4,35.06933202345813
4627,000-000-3176,2024-11-01,4,34.91848116000103
4627,000-000-3176,2024-12-01,4,33.77240459797786
4627,000-000-4013,2024-07-01,4,94.65450066837735
4627,000-000-4013,2024-08-01,4,84.9288814124519
4627,000-000-4013,2024-09-01,4,79.27813401446635
4627,000-000-4013,2024-10-01,4,72.65398966448312
4627,000-000-4013,2024-11-01,4,73.06839786626259
4627,000-000-4013,2024-12-01,4,71.82563869350479
4627,000-000-6020,2024-07-01,4,21.385389260615273
4627,000-000-6020,2024-08-01,4,19.486717361768672
4627,000-000-6020,2024-09-01,4,20.48659151272169
4627,000-000-6020,2024-10-01,4,18.820633632918273
4627,000-000-6020,2024-11-01,4,19.647530363359067
4627,000-000-6020,2024-12-01,4,18.465942674690112
4627,000-000-9341,2024-07-01,4,7.046326096618111
4627,000-000-9341,2024-08-01,4,6.940478650526138
4627,000-000-9341,2024-09-01,4,6.490424309589256
4627,000-000-9341,2024-10-01,4,5.791868493268019
4627,000-000-9341,2024-11-01,4,5.887125223221059
4627,000-000-9341,2024-12-01,4,5.563794067739233
4627,000-000-9419,2024-07-01,4,10.916029419943728
4627,000-000-9419,2024-08-01,4,10.017452693809409
4627,000-000-9419,2024-09-01,4,9.475725194348138
4627,000-000-9419,2024-10-01,4,8.873663668340479
4627,000-000-9419,2024-11-01,4,8.810057193192444
4627,000-000-9419,2024-12-01,4,8.801191008246919
4701,000-000-1009,2024-07-01,3,33.71344376969369
4701,000-000-1009,2024-08-01,3,32.770085567613556
4701,000-000-1009,2024-09-01,3,32.86224150112601
4701,000-000-1009,2024-10-01,3,31.279455768039934
4701,000-000-1009,2024-11-01,3,29.226252344518144
4701,000-000-1009,2024-12-01,3,34.00484267437031
4701,000-000-11283,2024-07-01,3,21.432780502599172
4701,000-000-11283,2024-08-01,3,17.289397641379328
4701,000-000-11283,2024-09-01,3,18.71868245094943
4701,000-000-11283,2024-10-01,3,17.79795098318047
4701,000-000-11283,2024-11-01,3,15.675261989373336
4701,000-000-11283,2024-12-01,3,14.220212695956306
4701,000-000-13296,2024-07-01,3,6.149713029084072
4701,000-000-13296,2024-08-01,3,5.994338374182165
4701,000-000-13296,2024-09-01,3,5.919500164853771
4701,000-000-13296,2024-10-01,3,5.894990990281103
4701,000-000-13296,2024-11-01,3,5.846411395320683
4701,000-000-13296,2024-12-01,3,5.664688699361248
4701,000-000-13324,2024-07-01,3,6.2421256545887545
4701,000-000-13324,2024-08-01,3,6.167158871470833
4701,000-000-13324,2024-09-01,3,6.303725183293319
4701,000-000-13324,2024-10-01,3,6.028098866910397
4701,000-000-13324,2024-11-01,3,5.7705127134342895
4701,000-000-13324,2024-12-01,3,5.632629380899473
4701,000-000-13326,2024-07-01,3,6.021188474045205
4701,000-000-13326,2024-08-01,3,6.011794546049334
4701,000-000-13326,2024-09-01,3,6.117542124308132
4701,000-000-13326,2024-10-01,3,5.893620591547524
4701,000-000-13326,2024-11-01,3,5.846411395320683
4701,000-000-13326,2024-12-01,3,5.6500780889151265
4701,000-000-13358,2024-07-01,3,14.220052622772307
4701,000-000-13358,2024-08-01,3,12.028683401658615
4701,000-000-13358,2024-09-01,3,11.495802885977664
4701,000-000-13358,2024-10-01,3,10.589618636298537
4701,000-000-13358,2024-11-01,3,10.156409566565708
4701,000-000-13358,2024-12-01,3,9.628323539978064
4701,000-000-13660,2024-07-01,3,20.327213535526113
4701,000-000-13660,2024-08-01,3,16.220747227832817
4701,000-000-13660,2024-09-01,3,16.787343023054856
4701,000-000-13660,2024-10-01,3,15.739492530482483
4701,000-000-13660,2024-11-01,3,15.608007490445939
4701,000-000-13660,2024-12-01,3,13.35001637705544
4701,000-000-3313,2024-07-01,3,30.372013042403427
4701,000-000-3313,2024-08-01,3,30.112685459753905
4701,000-000-3313,2024-09-01,3,30.52528681818611
4701,000-000-3313,2024-10-01,3,30.75662476123922
4701,000-000-3313,2024-11-01,3,31.51995951948228
4701,000-000-3313,2024-12-01,3,31.50512499479019
4701,000-000-3870,2024-07-01,3,11.01546443653413
4701,000-000-3870,2024-08-01,3,10.830664154514222
4701,000-000-3870,2024-09-01,3,10.410733265855002
4701,000-000-3870,2024-10-01,3,10.13510694947208
4701,000-000-3870,2024-11-01,3,10.332631588885883
4701,000-000-3870,2024-12-01,3,10.10148275330881
4701,000-000-3871,2024-07-01,3,8.006186648904286
4701,000-000-3871,2024-08-01,3,7.612144854961166
4701,000-000-3871,2024-09-01,3,8.268023886272164
4701,000-000-3871,2024-10-01,3,8.02003454946102
4701,000-000-3871,2024-11-01,3,7.576120265008547
4701,000-000-3871,2024-12-01,3,6.765559917198704
4701,000-000-6140,2024-07-01,3,12.344928571362981
4701,000-000-6140,2024-08-01,3,11.446191044396311
4701,000-000-6140,2024-09-01,3,10.933892931702674
4701,000-000-6140,2024-10-01,3,10.196824193370402
4701,000-000-6140,2024-11-01,3,10.07955102663263
4701,000-000-6140,2024-12-01,3,9.912100777468842
4701,000-000-6596,2024-07-01,3,7.73668095674671
4701,000-000-6596,2024-08-01,3,8.354491286703649
4701,000-000-6596,2024-09-01,3,9.368581330413456
4701,000-000-6596,2024-10-01,3,9.085854451959671
4701,000-000-6596,2024-11-01,3,8.316578043015047
4701,000-000-6596,2024-12-01,3,7.265704273895377
4818,000-000-10130,2024-07-01,4,27.620448059496834
4818,000-000-10130,2024-08-01,4,27.07614135875556
4818,000-000-10130,2024-09-01,4,24.62344279354247
4818,000-000-10130,2024-10-01,4,23.700993250739394
4818,000-000-10130,2024-11-01,4,23.45650812092798
4818,000-000-10130,2024-12-01,4,22.31558845180785
4818,000-000-10173,2024-07-01,4,7.366422394262251
4818,000-000-10173,2024-08-01,4,7.583761639362862
4818,000-000-10173,2024-09-01,4,7.389896142289755
4818,000-000-10173,2024-10-01,4,7.102380636573901
4818,000-000-10173,2024-11-01,4,6.959628888965989
4818,000-000-10173,2024-12-01,4,6.5182865974700235
4818,000-000-10174,2024-07-01,4,13.478823344465725
4818,000-000-10174,2024-08-01,4,11.518956597537972
4818,000-000-10174,2024-09-01,4,11.639158975057484
4818,000-000-10174,2024-10-01,4,11.133379967780552
4818,000-000-10174,2024-11-01,4,10.541607764026137
4818,000-000-10174,2024-12-01,4,10.019828220641445
4818,000-000-11646,2024-07-01,4,24.171923634701287
4818,000-000-11646,2024-08-01,4,18.233725041753754
4818,000-000-11646,2024-09-01,4,18.250141176907242
4818,000-000-11646,2024-10-01,4,16.924523696440055
4818,000-000-11646,2024-11-01,4,16.841385121670612
4818,000-000-11646,2024-12-01,4,14.309964350424988
4818,000-000-11803,2024-07-01,4,123.81666061717193
4818,000-000-11803,2024-08-01,4,90.04785675947322
4818,000-000-11803,2024-09-01,4,74.54730032200808
4818,000-000-11803,2024-10-01,4,68.68541075712577
4818,000-000-11803,2024-11-01,4,67.63894590309832
4818,000-000-11803,2024-12-01,4,67.18940143986563
4818,000-000-11809,2024-07-01,4,121.52086722282183
4818,000-000-11809,2024-08-01,4,83.64108327599386
4818,000-000-11809,2024-09-01,4,68.1405268385287
4818,000-000-11809,2024-10-01,4,68.68541075712577
4818,000-000-11809,2024-11-01,4,67.63894590309832
4818,000-000-11809,2024-12-01,4,71.29241493912848
4818,000-000-11828,2024-07-01,4,409.8517879203498
4818,000-000-11828,2024-08-01,4,364.0034791481104
4818,000-000-11828,2024-09-01,4,329.9428434044306
4818,000-000-11828,2024-10-01,4,310.0235122126786
4818,000-000-11828,2024-11-01,4,304.4080606135413
4818,000-000-11828,2024-12-01,4,303.47610374453313
4818,000-000-1999,2024-07-01,4,13.405088916124427
4818,000-000-1999,2024-08-01,4,13.405088916124427
4818,000-000-1999,2024-09-01,4,13.479251366330487
4818,000-000-1999,2024-10-01,4,12.562532700217297
4818,000-000-1999,2024-11-01,4,13.352935764055779
4818,000-000-1999,2024-12-01,4,11.317910888654485
4818,000-000-3092,2024-07-01,4,251.42899046879148
4818,000-000-3092,2024-08-01,4,266.09580258467406
4818,000-000-3092,2024-09-01,4,245.58644276329892
4818,000-000-3092,2024-10-01,4,263.992565976998
4818,000-000-3092,2024-11-01,4,261.15016509000316
4818,000-000-3092,2024-12-01,4,273.3987110795295
4818,000-000-3113,2024-07-01,4,2002.0219796881715
4818,000-000-3113,2024-08-01,4,2002.0219796881715
4818,000-000-3113,2024-09-01,4,2002.0961421383774
4818,000-000-3113,2024-10-01,4,2001.2916829764881
4818,000-000-3113,2024-11-01,4,2001.1701436566666
4818,000-000-3113,2024-12-01,4,2000.2978727252605
4818,000-000-3176,2024-07-01,4,51.627088726948536
4818,000-000-3176,2024-08-01,4,49.70401160089103
4818,000-000-3176,2024-09-01,4,43.20500341191021
4818,000-000-3176,2024-10-01,4,42.3141212848373
4818,000-000-3176,2024-11-01,4,37.89530090462792
4818,000-000-3176,2024-12-01,4,34.29331122785922
4818,000-000-3777,2024-07-01,4,6.556896934888446
4818,000-000-3777,2024-08-01,4,7.0077872464934945
4818,000-000-3777,2024-09-01,4,6.784097442112948
4818,000-000-3777,2024-10-01,4,6.747439733464947
4818,000-000-3777,2024-11-01,4,6.475366010040567
4818,000-000-3777,2024-12-01,4,6.026804354183977
4818,000-000-4013,2024-07-01,4,514.0238606554137
4818,000-000-4013,2024-08-01,4,455.6928434897321
4818,000-000-4013,2024-09-01,4,432.3923974631456
4818,000-000-4013,2024-10-01,4,400.2909558355491
4818,000-000-4013,2024-11-01,4,389.7791107973485
4818,000-000-4013,2024-12-01,4,381.14081614058347
4818,000-000-6020,2024-07-01,4,12.314750876865087
4818,000-000-6020,2024-08-01,4,12.34693021994778
4818,000-000-6020,2024-09-01,4,12.42109267015384
4818,000-000-6020,2024-10-01,4,11.925115067442455
4818,000-000-6020,2024-11-01,4,12.230654279096125
4818,000-000-6020,2024-12-01,4,12.030224459568625
4818,000-000-7198,2024-07-01,4,8.904797294062838
4818,000-000-7198,2024-08-01,4,8.407495593960887
4818,000-000-7198,2024-09-01,4,7.5556332668195285
4818,000-000-7198,2024-10-01,4,7.264581136641363
4818,000-000-7198,2024-11-01,4,7.116201505196149
4818,000-000-7198,2024-12-01,4,6.177881429138102
4818,000-000-9341,2024-07-01,4,8.476088517299539
4818,000-000-9341,2024-08-01,4,8.506433811477036
4818,000-000-9341,2024-09-01,4,9.444217177414076
4818,000-000-9341,2024-10-01,4,9.314738469073136
4818,000-000-9341,2024-11-01,4,9.214917290402619
4818,000-000-9341,2024-12-01,4,8.995237621368515
4818,000-000-9419,2024-07-01,4,6.270021814276645
4818,000-000-9419,2024-08-01,4,6.341950003778152
4818,000-000-9419,2024-09-01,4,6.41346496654147
4818,000-000-9419,2024-10-01,4,5.886735692978547
4818,000-000-9419,2024-11-01,4,5.899734423135573
4818,000-000-9419,2024-12-01,4,5.746924250901563
4847,000-000-10173,2024-07-01,4,3.4000370323969515
4847,000-000-10173,2024-08-01,4,3.0929869914967623
4847,000-000-10173,2024-09-01,4,3.1088443594095723
4847,000-000-10173,2024-10-01,4,3.0110932940921598
4847,000-000-10173,2024-11-01,4,3.1021725470305657
4847,000-000-10173,2024-12-01,4,2.938816295449883
4847,000-000-10885,2024-07-01,4,134.99998999410332
4847,000-000-10885,2024-08-01,4,134.9352102881728
4847,000-000-10885,2024-09-01,4,133.76540050448966
4847,000-000-10885,2024-10-01,4,133.52053121384296
4847,000-000-10885,2024-11-01,4,133.4109342776814
4847,000-000-10885,2024-12-01,4,132.4789774086732
4847,000-000-11646,2024-07-01,4,28.053565250026324
4847,000-000-11646,2024-08-01,4,29.212919897060527
4847,000-000-11646,2024-09-01,4,26.69928448949915
4847,000-000-11646,2024-10-01,4,23.687800457661474
4847,000-000-11646,2024-11-01,4,23.511733608603556
4847,000-000-11646,2024-12-01,4,23.242802537113796
4847,000-000-11803,2024-07-01,4,36.13134346911724
4847,000-000-11803,2024-08-01,4,33.138712433306765
4847,000-000-11803,2024-09-01,4,32.78892450687709
4847,000-000-11803,2024-10-01,4,34.73335244772684
4847,000-000-11803,2024-11-01,4,34.69720366835837
4847,000-000-11803,2024-12-01,4,34.23112892914137
4847,000-000-1732,2024-07-01,4,4.2563438799056215
4847,000-000-1732,2024-08-01,4,4.2563438799056215
4847,000-000-1732,2024-09-01,4,4.518665430991698
4847,000-000-1732,2024-10-01,4,4.787657564431976
4847,000-000-1732,2024-11-01,4,4.786625829254232
4847,000-000-1732,2024-12-01,4,4.949614638248404
4847,000-000-2624,2024-07-01,4,523.4396315519077
4847,000-000-2624,2024-08-01,4,559.1081029320517
4847,000-000-2624,2024-09-01,4,574.026882793152
4847,000-000-2624,2024-10-01,4,484.5017236794502
4847,000-000-2624,2024-11-01,4,434.978201140251
4847,000-000-2624,2024-12-01,4,401.39499535330657
4847,000-000-2631,2024-07-01,4,884.3441509658564
4847,000-000-2631,2024-08-01,4,829.8297681624251
4847,000-000-2631,2024-09-01,4,652.5001557750595
4847,000-000-2631,2024-10-01,4,611.8796794238576
4847,000-000-2631,2024-11-01,4,598.650535050934
4847,000-000-2631,2024-12-01,4,597.7185781819262
4847,000-000-3096,2024-07-01,4,392.08128282384166
4847,000-000-3096,2024-08-01,4,294.2247706796682
4847,000-000-3096,2024-09-01,4,324.7639556609849
4847,000-000-3096,2024-10-01,4,284.5846102374181
4847,000-000-3096,2024-11-01,4,276.59134800790406
4847,000-000-3096,2024-12-01,4,278.30141966642344
4847,000-000-3176,2024-07-01,4,25.239972797711264
4847,000-000-3176,2024-08-01,4,25.489777020917302
4847,000-000-3176,2024-09-01,4,24.028350050751193
4847,000-000-3176,2024-10-01,4,23.540164856965294
4847,000-000-3176,2024-11-01,4,23.647642685458717
4847,000-000-3176,2024-12-01,4,23.09480105250977
4847,000-000-7198,2024-07-01,4,4.2563438799056215
4847,000-000-7198,2024-08-01,4,4.2563438799056215
4847,000-000-7198,2024-09-01,4,4.518665430991698
4847,000-000-7198,2024-10-01,4,4.7744452135192965
4847,000-000-7198,2024-11-01,4,4.799465828725316
4847,000-000-7198,2024-12-01,4,4.936402287335726
4854,000-000-12625,2024-07-01,3,54.55778386740544
4854,000-000-12625,2024-08-01,3,56.037683709234265
4854,000-000-12625,2024-09-01,3,55.250927526847185
4854,000-000-12625,2024-10-01,3,54.42482510570478
4854,000-000-12625,2024-11-01,3,53.78690561381354
4854,000-000-12625,2024-12-01,3,52.455812270786275
4854,000-000-3465,2024-07-01,3,25.62146837626162
4854,000-000-3465,2024-08-01,3,24.642956089337652
4854,000-000-3465,2024-09-01,3,24.26508226661197
4854,000-000-3465,2024-10-01,3,23.676171819921276
4854,000-000-3465,2024-11-01,3,23.458852808123037
4854,000-000-3465,2024-12-01,3,22.182361118327613
4854,000-000-3870,2024-07-01,3,20.216043333941546
4854,000-000-3870,2024-08-01,3,18.23788154095058
4854,000-000-3870,2024-09-01,3,17.134100115928547
4854,000-000-3870,2024-10-01,3,15.747962288289411
4854,000-000-3870,2024-11-01,3,15.654965211646566
4854,000-000-3870,2024-12-01,3,13.50091946959919
4902,000-000-10132,2024-07-01,4,12.186571910380295
4902,000-000-10132,2024-08-01,4,12.28126969949723
4902,000-000-10132,2024-09-01,4,12.26770910811809
4902,000-000-10132,2024-10-01,4,11.949038437585912
4902,000-000-10132,2024-11-01,4,11.847638826507094
4902,000-000-10132,2024-12-01,4,11.665916130547647
4902,000-000-11828,2024-07-01,4,283.6875926273654
4902,000-000-11828,2024-08-01,4,262.74830561607126
4902,000-000-11828,2024-09-01,4,261.95927074800545
4902,000-000-11828,2024-10-01,4,269.6093090351246
4902,000-000-11828,2024-11-01,4,275.09075230299106
4902,000-000-11828,2024-12-01,4,271.90149304234416
4902,000-000-11834,2024-07-01,4,292.6766151661568
4902,000-000-11834,2024-08-01,4,295.5058640578567
4902,000-000-11834,2024-09-01,4,283.87345498290085
4902,000-000-11834,2024-10-01,4,274.1182738057548
4902,000-000-11834,2024-11-01,4,276.58530147234654
4902,000-000-11834,2024-12-01,4,275.6533446033384
4902,000-000-13348,2024-07-01,4,6.247287643634142
4902,000-000-13348,2024-08-01,4,6.234517532862492
4902,000-000-13348,2024-09-01,4,6.220956941483347
4902,000-000-13348,2024-10-01,4,5.997035408722738
4902,000-000-13348,2024-11-01,4,5.949826212495896
4902,000-000-13348,2024-12-01,4,5.768103516536463
4902,000-000-13625,2024-07-01,4,4.752735097214634
4902,000-000-13625,2024-08-01,4,4.358446126442612
4902,000-000-13625,2024-09-01,4,4.922809522467142
4902,000-000-13625,2024-10-01,4,4.695792572482416
4902,000-000-13625,2024-11-01,4,5.027339603152802
4902,000-000-13625,2024-12-01,4,4.956963251106986
4902,000-000-1782,2024-07-01,4,452.0315321212912
4902,000-000-1782,2024-08-01,4,425.3680234749973
4902,000-000-1782,2024-09-01,4,384.0043771395895
4902,000-000-1782,2024-10-01,4,355.5832825207464
4902,000-000-1782,2024-11-01,4,329.9815556368673
4902,000-000-1782,2024-12-01,4,303.41544960571474
4902,000-000-3176,2024-07-01,4,15.491013648564742
4902,000-000-3176,2024-08-01,4,14.713836021136188
4902,000-000-3176,2024-09-01,4,13.927627577700143
4902,000-000-3176,2024-10-01,4,13.39606626317827
4902,000-000-3176,2024-11-01,4,12.302027029321358
4902,000-000-3176,2024-12-01,4,12.184922231820352
4902,000-000-3777,2024-07-01,4,17.180720994656454
4902,000-000-3777,2024-08-01,4,15.282216177700317
4902,000-000-3777,2024-09-01,4,13.353035536645933
4902,000-000-3777,2024-10-01,4,11.995887277017243
4902,000-000-3777,2024-11-01,4,11.874347957195912
4902,000-000-3777,2024-12-01,4,11.66776236369508
4902,000-000-4013,2024-07-01,4,72.848581675492
4902,000-000-4013,2024-08-01,4,72.14285428410234
4902,000-000-4013,2024-09-01,4,66.30783653291599
4902,000-000-4013,2024-10-01,4,60.06947309674689
4902,000-000-4013,2024-11-01,4,59.94793377692555
4902,000-000-4013,2024-12-01,4,54.56445613056118
4902,000-000-6020,2024-07-01,4,19.848853541935757
4902,000-000-6020,2024-08-01,4,21.21813591094905
4902,000-000-6020,2024-09-01,4,20.036467340945027
4902,000-000-6020,2024-10-01,4,19.612003259770216
4902,000-000-6020,2024-11-01,4,17.64179472592681
4902,000-000-6020,2024-12-01,4,18.32666086597205
4902,000-000-9341,2024-07-01,4,15.187779244545798
4902,000-000-9341,2024-08-01,4,13.248088516523659
4902,000-000-9341,2024-09-01,4,12.403965506818949
4902,000-000-9341,2024-10-01,4,12.298173162032235
4902,000-000-9341,2024-11-01,4,12.26703809957149
4902,000-000-9341,2024-12-01,4,10.990636414208218
4902,000-000-9419,2024-07-01,4,17.922404839180142
4902,000-000-9419,2024-08-01,4,19.193157429080916
4902,000-000-9419,2024-09-01,4,16.205666256515595
4902,000-000-9419,2024-10-01,4,14.859005385733706
4902,000-000-9419,2024-11-01,4,13.700312099297815
4902,000-000-9419,2024-12-01,4,12.663676216682653
4906,000-000-1009,2024-07-01,1,13.18162103577648
4906,000-000-1009,2024-08-01,1,13.18162103577648
4906,000-000-1009,2024-09-01,1,12.511244204030938
4906,000-000-1009,2024-10-01,1,13.355627851392658
4906,000-000-1009,2024-11-01,1,13.246030915231142
4906,000-000-1009,2024-12-01,1,10.916046471100913
4906,000-000-1832,2024-07-01,1,9.907903543800051
4906,000-000-1832,2024-08-01,1,9.313627575502979
4906,000-000-1832,2024-09-01,1,8.673558066632685
4906,000-000-1832,2024-10-01,1,8.397034183537803
4906,000-000-1832,2024-11-01,1,7.961703180227117
4906,000-000-1832,2024-12-01,1,7.4023965321870975
4906,000-000-3313,2024-07-01,1,14.484251072259362
4906,000-000-3313,2024-08-01,1,13.834709359290109
4906,000-000-3313,2024-09-01,1,10.780462982919278
4906,000-000-3313,2024-10-01,1,9.861551760887137
4906,000-000-3313,2024-11-01,1,9.274460439804306
4906,000-000-3313,2024-12-01,1,8.778033567555132
4938,000-000-13268,2024-07-01,1,6.8840632397753465
4938,000-000-13268,2024-08-01,1,6.783199112487287
4938,000-000-13268,2024-09-01,1,6.9941459062916715
4938,000-000-13268,2024-10-01,1,6.363450344009133
4938,000-000-13268,2024-11-01,1,5.881918166569598
4938,000-000-13268,2024-12-01,1,5.425844287026809
4943,000-000-11283,2024-07-01,4,13.53608769367041
4943,000-000-11283,2024-08-01,4,11.497388957326102
4943,000-000-11283,2024-09-01,4,11.027632634852592
4943,000-000-11283,2024-10-01,4,10.239215845675139
4943,000-000-11283,2024-11-01,4,10.083814001841175
4943,000-000-11283,2024-12-01,4,9.835063825700056
4943,000-000-11913,2024-07-01,4,68.34237342112023
4943,000-000-11913,2024-08-01,4,62.36588944128378
4943,000-000-11913,2024-09-01,4,62.28543267443576
4943,000-000-11913,2024-10-01,4,57.591555386866155
4943,000-000-11913,2024-11-01,4,56.671693480431024
4943,000-000-11913,2024-12-01,4,55.48737843613491
4943,000-000-12625,2024-07-01,4,30.66798134341289
4943,000-000-12625,2024-08-01,4,30.997366766127946
4943,000-000-12625,2024-09-01,4,29.218204326489047
4943,000-000-12625,2024-10-01,4,27.91246217389515
4943,000-000-12625,2024-11-01,4,26.51086053624404
4943,000-000-12625,2024-12-01,4,23.224289286924776
4943,000-000-13296,2024-07-01,4,5.298093860611166
4943,000-000-13296,2024-08-01,4,4.668758268523215
4943,000-000-13296,2024-09-01,4,5.097199897971382
4943,000-000-13296,2024-10-01,4,4.948067201744539
4943,000-000-13296,2024-11-01,4,5.044587411763118
4943,000-000-13296,2024-12-01,4,5.040520191498599
4943,000-000-13324,2024-07-01,4,6.405594728750382
4943,000-000-13324,2024-08-01,4,6.400511798485251
4943,000-000-13324,2024-09-01,4,6.474674248691315
4943,000-000-13324,2024-10-01,4,5.952542161386299
4943,000-000-13324,2024-11-01,4,5.905332965159458
4943,000-000-13324,2024-12-01,4,5.713259217772665
4943,000-000-13325,2024-07-01,4,6.107384174205974
4943,000-000-13325,2024-08-01,4,6.102301243940843
4943,000-000-13325,2024-09-01,4,6.16254175871863
4943,000-000-13325,2024-10-01,4,5.952542161386299
4943,000-000-13325,2024-11-01,4,5.922460666817935
4943,000-000-13325,2024-12-01,4,5.794928385710479
4943,000-000-13326,2024-07-01,4,7.318862700326789
4943,000-000-13326,2024-08-01,4,6.734197067416625
4943,000-000-13326,2024-09-01,4,6.924911243196514
4943,000-000-13326,2024-10-01,4,6.701286449209415
4943,000-000-13326,2024-11-01,4,6.587944454470782
4943,000-000-13326,2024-12-01,4,6.225529937016448
4943,000-000-13349,2024-07-01,4,7.936492122898024
4943,000-000-13349,2024-08-01,4,7.6862641336803215
4943,000-000-13349,2024-09-01,4,8.027688149959003
4943,000-000-13349,2024-10-01,4,7.658397916528901
4943,000-000-13349,2024-11-01,4,7.202247179118697
4943,000-000-13349,2024-12-01,4,7.15882507046279
4943,000-000-13358,2024-07-01,4,10.755186956844815
4943,000-000-13358,2024-08-01,4,10.313578914689463
4943,000-000-13358,2024-09-01,4,10.491363102728188
4943,000-000-13358,2024-10-01,4,9.354306527209728
4943,000-000-13358,2024-11-01,4,9.902904613727648
4943,000-000-13358,2024-12-01,4,9.628442176406141
4943,000-000-13359,2024-07-01,4,10.027619645609683
4943,000-000-13359,2024-08-01,4,10.467041592637052
4943,000-000-13359,2024-09-01,4,9.725644730182774
4943,000-000-13359,2024-10-01,4,9.353827390372272
4943,000-000-13359,2024-11-01,4,9.48954663395829
4943,000-000-13359,2024-12-01,4,8.49670057023758
4943,000-000-13360,2024-07-01,4,5.243113437737357
4943,000-000-13360,2024-08-01,4,5.343782957775946
4943,000-000-13360,2024-09-01,4,5.747320461255112
4943,000-000-13360,2024-10-01,4,5.17610649154938
4943,000-000-13360,2024-11-01,4,5.258157434273743
4943,000-000-13360,2024-12-01,4,4.517483587945314
4943,000-000-3313,2024-07-01,4,25.379603075506346
4943,000-000-3313,2024-08-01,4,21.307567454480157
4943,000-000-3313,2024-09-01,4,19.32376125510355
4943,000-000-3313,2024-10-01,4,19.69603227966604
4943,000-000-3313,2024-11-01,4,18.415205278854515
4943,000-000-3313,2024-12-01,4,18.047185175670556
4943,000-000-3465,2024-07-01,4,30.220947325024166
4943,000-000-3465,2024-08-01,4,29.79669319073941
4943,000-000-3465,2024-09-01,4,27.167865601836567
4943,000-000-3465,2024-10-01,4,23.83444995092027
4943,000-000-3465,2024-11-01,4,23.437892861101904
4943,000-000-3465,2024-12-01,4,22.142122975782843
4943,000-000-3466,2024-07-01,4,16.33333528786417
4943,000-000-3466,2024-08-01,4,17.32474569627455
4943,000-000-3466,2024-09-01,4,16.36400765682023
4943,000-000-3466,2024-10-01,4,15.977697583015605
4943,000-000-3466,2024-11-01,4,15.831695867843084
4943,000-000-3466,2024-12-01,4,14.383946677819296
4943,000-000-4053,2024-07-01,4,14.469277863724862
4943,000-000-4053,2024-08-01,4,13.400382952884254
4943,000-000-4053,2024-09-01,4,11.551508923194152
4943,000-000-4053,2024-10-01,4,11.239448012866688
4943,000-000-4053,2024-11-01,4,10.564736263756158
4943,000-000-4053,2024-12-01,4,9.896912802250709
4943,000-000-4056,2024-07-01,4,8.542445559048845
4943,000-000-4056,2024-08-01,4,8.847138600956134
4943,000-000-4056,2024-09-01,4,10.242473855136819
4943,000-000-4056,2024-10-01,4,9.983021562312272
4943,000-000-4056,2024-11-01,4,9.691589544384533
4943,000-000-4056,2024-12-01,4,8.452631608229678
4943,000-000-4848,2024-07-01,4,8.008744700250839
4943,000-000-4848,2024-08-01,4,7.143746981913974
4943,000-000-4848,2024-09-01,4,7.107559986622896
4943,000-000-4848,2024-10-01,4,6.544175028107858
4943,000-000-4848,2024-11-01,4,6.661190037880528
4943,000-000-4848,2024-12-01,4,6.274684596000778
4943,000-000-5312,2024-07-01,4,63.40360425552389
4943,000-000-5312,2024-08-01,4,60.83153033721708
4943,000-000-5312,2024-09-01,4,43.03920458423909
4943,000-000-5312,2024-10-01,4,40.33430333225146
4943,000-000-5312,2024-11-01,4,35.06805186561138
4943,000-000-5312,2024-12-01,4,33.645771097358825
4943,000-000-6074,2024-07-01,4,23.58533026515992
4943,000-000-6074,2024-08-01,4,17.016452927414075
4943,000-000-6074,2024-09-01,4,17.0079336026568
4943,000-000-6074,2024-10-01,4,15.728527590818494
4943,000-000-6074,2024-11-01,4,14.479921454946748
4943,000-000-6074,2024-12-01,4,12.230837290191456
4943,000-000-6140,2024-07-01,4,17.22318839272136
4943,000-000-6140,2024-08-01,4,16.243880913406443
4943,000-000-6140,2024-09-01,4,14.308035536645932
4943,000-000-6140,2024-10-01,4,12.889237277017244
4943,000-000-6140,2024-11-01,4,11.874347957195912
4943,000-000-6140,2024-12-01,4,10.819658192489843
4943,000-000-6596,2024-07-01,4,12.21083361327865
4943,000-000-6596,2024-08-01,4,12.406408958468447
4943,000-000-6596,2024-09-01,4,11.557823331115966
4943,000-000-6596,2024-10-01,4,11.138201527163758
4943,000-000-6596,2024-11-01,4,10.527706576790758
4943,000-000-6596,2024-12-01,4,9.809041490171227
4943,000-000-6973,2024-07-01,4,5.841213177426495
4943,000-000-6973,2024-08-01,4,6.048282049407803
4943,000-000-6973,2024-09-01,4,6.144072961685314
4943,000-000-6973,2024-10-01,4,5.920151428924706
4943,000-000-6973,2024-11-01,4,5.872942232697865
4943,000-000-6973,2024-12-01,4,5.672512413170372
4943,000-000-9537,2024-07-01,4,9.96944146971562
4943,000-000-9537,2024-08-01,4,10.212793573278374
4943,000-000-9537,2024-09-01,4,10.38478810954348
4943,000-000-9537,2024-10-01,4,10.045444091098128
4943,000-000-9537,2024-11-01,4,9.840850497693504
4943,000-000-9537,2024-12-01,4,9.613895829927385
4977,000-000-13325,2024-07-01,1,5.74753776168639
4977,000-000-13325,2024-08-01,1,5.151303891167997
4977,000-000-13325,2024-09-01,1,5.183354172104348
4977,000-000-13325,2024-10-01,1,4.824928031602477
4977,000-000-13325,2024-11-01,1,4.613047922166393
4977,000-000-13325,2024-12-01,1,4.777583615980378
4997,000-000-13318,2024-07-01,3,4.190057226943145
4997,000-000-13318,2024-08-01,3,3.3931957907294534
4997,000-000-13318,2024-09-01,3,3.456063071789583
4997,000-000-13318,2024-10-01,3,2.9748226306312007
4997,000-000-13318,2024-11-01,3,2.977020228866319
4997,000-000-13318,2024-12-01,3,2.793524929992999
4997,000-000-13348,2024-07-01,3,5.170733508576512
4997,000-000-13348,2024-08-01,3,4.22951695948611
4997,000-000-13348,2024-09-01,3,4.529651944022425
4997,000-000-13348,2024-10-01,3,4.235857518776956
4997,000-000-13348,2024-11-01,3,4.284194803355162
4997,000-000-13348,2024-12-01,3,3.7833402929313453
4997,000-000-13451,2024-07-01,3,4.139303433871259
4997,000-000-13451,2024-08-01,3,3.444990971998012
4997,000-000-13451,2024-09-01,3,3.496020955229524
4997,000-000-13451,2024-10-01,3,3.0303885248237292
4997,000-000-13451,2024-11-01,3,3.0325861230588456
4997,000-000-13451,2024-12-01,3,2.8966988251954597
4997,000-000-1999,2024-07-01,3,12.105942073507105
4997,000-000-1999,2024-08-01,3,12.221950132699114
4997,000-000-1999,2024-09-01,3,12.187079271244901
4997,000-000-1999,2024-10-01,3,11.868408600712723
4997,000-000-1999,2024-11-01,3,11.821199404485881
4997,000-000-1999,2024-12-01,3,11.639476708526438
4997,000-000-4013,2024-07-01,3,51.58748347694762
4997,000-000-4013,2024-08-01,3,52.69304431497411
4997,000-000-4013,2024-09-01,3,52.68382822749539
4997,000-000-4013,2024-10-01,3,52.09198094335771
4997,000-000-4013,2024-11-01,3,51.9832820740795
4997,000-000-4013,2024-12-01,3,51.25575992144225
4997,000-000-5679,2024-07-01,3,6.354290602075498
4997,000-000-5679,2024-08-01,3,5.656686819940408
4997,000-000-5679,2024-09-01,3,5.722514372958601
4997,000-000-5679,2024-10-01,3,5.730662739472342
4997,000-000-5679,2024-11-01,3,5.520019780550614
4997,000-000-5679,2024-12-01,3,5.591882576297181
4997,000-000-9419,2024-07-01,3,10.733856051505379
4997,000-000-9419,2024-08-01,3,11.296116203166138
4997,000-000-9419,2024-09-01,3,10.544420489547267
4997,000-000-9419,2024-10-01,3,10.211025343347186
4997,000-000-9419,2024-11-01,3,10.177886774889808
4997,000-000-9419,2024-12-01,3,9.490418966708075
5032,000-000-1009,2024-07-01,3,41.27747790283179
5032,000-000-1009,2024-08-01,3,43.08115459212169
5032,000-000-1009,2024-09-01,3,43.1293458552029
5032,000-000-1009,2024-10-01,3,42.303243434060505
5032,000-000-1009,2024-11-01,3,42.18170411423917
5032,000-000-1009,2024-12-01,3,41.29706107896557
5032,000-000-13612,2024-07-01,3,20.223457660579328
5032,000-000-13612,2024-08-01,3,19.03363590351839
5032,000-000-13612,2024-09-01,3,20.062317264817647
5032,000-000-13612,2024-10-01,3,18.666347405094474
5032,000-000-13612,2024-11-01,3,19.515117552383824
5032,000-000-13612,2024-12-01,3,16.575002047329516
5260,000-000-11554,2024-07-01,3,15.72143981784592
5260,000-000-11554,2024-08-01,3,15.576653479951204
5260,000-000-11554,2024-09-01,3,16.296927266775715
5260,000-000-11554,2024-10-01,3,15.716251115683853
5260,000-000-11554,2024-11-01,3,15.624493379260237
5260,000-000-11554,2024-12-01,3,15.20889784486641
5260,000-000-13889,2024-07-01,3,3.136709570008264
5260,000-000-13889,2024-08-01,3,3.2128020035487013
5260,000-000-13889,2024-09-01,3,3.335227693988355
5260,000-000-13889,2024-10-01,3,3.111306161227748
5260,000-000-13889,2024-11-01,3,3.113503759462865
5260,000-000-13889,2024-12-01,3,2.971583513058937
5260,000-000-3777,2024-07-01,3,32.4720959021832
5260,000-000-3777,2024-08-01,3,26.985054276069373
5260,000-000-3777,2024-09-01,3,22.477198515367533
5260,000-000-3777,2024-10-01,3,18.473309094780316
5260,000-000-3777,2024-11-01,3,16.566647682514724
5260,000-000-3777,2024-12-01,3,15.924792219265747
5260,000-000-6020,2024-07-01,3,11.976609081253105
5260,000-000-6020,2024-08-01,3,11.98982443244132
5260,000-000-6020,2024-09-01,3,12.076044560444242
5260,000-000-6020,2024-10-01,3,11.757373889912056
5260,000-000-6020,2024-11-01,3,11.655974278833238
5260,000-000-6020,2024-12-01,3,11.474251582873798
5260,000-000-9419,2024-07-01,3,4.305084816275741
5260,000-000-9419,2024-08-01,3,4.323846871418787
5260,000-000-9419,2024-09-01,3,4.371074157199667
5260,000-000-9419,2024-10-01,3,4.1133654626279
5260,000-000-9419,2024-11-01,3,4.092098003975845
5260,000-000-9419,2024-12-01,3,3.9351925907309213
526,000-000-10057,2024-07-01,4,19.24566434995043
526,000-000-10057,2024-08-01,4,18.106916407935135
526,000-000-10057,2024-09-01,4,17.21877263937751
526,000-000-10057,2024-10-01,4,16.64210037602901
526,000-000-10057,2024-11-01,4,14.798887640927532
526,000-000-10057,2024-12-01,4,13.396195853075234
526,000-000-10129,2024-07-01,4,17.17381648351581
526,000-000-10129,2024-08-01,4,17.423825135349745
526,000-000-10129,2024-09-01,4,15.4017094902126
526,000-000-10129,2024-10-01,4,14.02986895178454
526,000-000-10129,2024-11-01,4,12.964769870324975
526,000-000-10129,2024-12-01,4,12.627035352108635
526,000-000-10130,2024-07-01,4,23.65263539126536
526,000-000-10130,2024-08-01,4,23.012083873798346
526,000-000-10130,2024-09-01,4,22.187849302528228
526,000-000-10130,2024-10-01,4,20.750109309205204
526,000-000-10130,2024-11-01,4,20.641451253835562
526,000-000-10130,2024-12-01,4,19.341869401130282
526,000-000-10131,2024-07-01,4,23.983472711004957
526,000-000-10131,2024-08-01,4,24.425754714552863
526,000-000-10131,2024-09-01,4,22.065375935640013
526,000-000-10131,2024-10-01,4,20.700849376762196
526,000-000-10131,2024-11-01,4,19.690131670776303
526,000-000-10131,2024-12-01,4,19.269858967948892
526,000-000-10885,2024-07-01,4,132.9185159748442
526,000-000-10885,2024-08-01,4,148.25479615601049
526,000-000-10885,2024-09-01,4,155.58374853165634
526,000-000-10885,2024-10-01,4,167.1313848112106
526,000-000-10885,2024-11-01,4,138.41733832534766
526,000-000-10885,2024-12-01,4,138.83755669573856
526,000-000-11828,2024-07-01,4,291.0216373585486
526,000-000-11828,2024-08-01,4,315.063884722808
526,000-000-11828,2024-09-01,4,293.2277110939521
526,000-000-11828,2024-10-01,4,288.4561050404217
526,000-000-11828,2024-11-01,4,269.4877697153032
526,000-000-11828,2024-12-01,4,274.5243488404504
526,000-000-11834,2024-07-01,4,297.48040401281617
526,000-000-11834,2024-08-01,4,300.46483425531335
526,000-000-11834,2024-09-01,4,314.48530812306984
526,000-000-11834,2024-10-01,4,318.6791529352286
526,000-000-11834,2024-11-01,4,303.63413234512075
526,000-000-11834,2024-12-01,4,274.20606875336404
526,000-000-1999,2024-07-01,4,13.6057888061463
526,000-000-1999,2024-08-01,4,12.782718535462042
526,000-000-1999,2024-09-01,4,12.841209647066915
526,000-000-1999,2024-10-01,4,11.561168527681009
526,000-000-1999,2024-11-01,4,11.50606980422296
526,000-000-1999,2024-12-01,4,11.254357650396905
526,000-000-2170,2024-07-01,4,26.600784509343978
526,000-000-2170,2024-08-01,4,24.087647038311736
526,000-000-2170,2024-09-01,4,24.20994519177338
526,000-000-2170,2024-10-01,4,23.62332720820966
526,000-000-2170,2024-11-01,4,23.501787888388343
526,000-000-2170,2024-12-01,4,23.521984343596436
526,000-000-3081,2024-07-01,4,835.3433871540802
526,000-000-3081,2024-08-01,4,841.1906017195982
526,000-000-3081,2024-09-01,4,685.9028328196013
526,000-000-3081,2024-10-01,4,661.1451724725856
526,000-000-3081,2024-11-01,4,647.9886919448462
526,000-000-3081,2024-12-01,4,630.8894109322088
526,000-000-3092,2024-07-01,4,797.5326536222208
526,000-000-3092,2024-08-01,4,719.6982404581642
526,000-000-3092,2024-09-01,4,609.6329052895775
526,000-000-3092,2024-10-01,4,574.0468437265316
526,000-000-3092,2024-11-01,4,573.9253044067103
526,000-000-3092,2024-12-01,4,573.0210959126217
526,000-000-3113,2024-07-01,4,912.7319458792467
526,000-000-3113,2024-08-01,4,1129.7553169289831
526,000-000-3113,2024-09-01,4,967.560963988121
526,000-000-3113,2024-10-01,4,963.270882608862
526,000-000-3113,2024-11-01,4,884.7295646090882
526,000-000-3113,2024-12-01,4,771.2716423396877
526,000-000-3176,2024-07-01,4,16.27898576378379
526,000-000-3176,2024-08-01,4,16.56749433098126
526,000-000-3176,2024-09-01,4,16.64165678118732
526,000-000-3176,2024-10-01,4,16.199415375716228
526,000-000-3176,2024-11-01,4,16.08981843955472
526,000-000-3176,2024-12-01,4,15.710957898828866
526,000-000-3777,2024-07-01,4,10.876650354597984
526,000-000-3777,2024-08-01,4,11.72206883988579
526,000-000-3777,2024-09-01,4,11.235647615396275
526,000-000-3777,2024-10-01,4,10.68879539807192
526,000-000-3777,2024-11-01,4,10.109411557786332
526,000-000-3777,2024-12-01,4,9.856919129942233
526,000-000-4013,2024-07-01,4,94.22331132171954
526,000-000-4013,2024-08-01,4,94.59657031192727
526,000-000-4013,2024-09-01,4,94.67073276213334
526,000-000-4013,2024-10-01,4,93.92267174187587
526,000-000-4013,2024-11-01,4,93.80113242205458
526,000-000-4013,2024-12-01,4,93.10869797793114
526,000-000-8721,2024-07-01,4,11.271028440758654
526,000-000-8721,2024-08-01,4,11.055356843399077
526,000-000-8721,2024-09-01,4,10.619552399080897
526,000-000-8721,2024-10-01,4,10.31481608932039
526,000-000-8721,2024-11-01,4,10.616387178426285
526,000-000-8721,2024-12-01,4,10.316466400494969
526,000-000-9341,2024-07-01,4,16.31456868505495
526,000-000-9341,2024-08-01,4,14.272381515005694
526,000-000-9341,2024-09-01,4,13.423723308294448
526,000-000-9341,2024-10-01,4,12.081353426783696
526,000-000-9341,2024-11-01,4,11.959814106962366
526,000-000-9341,2024-12-01,4,10.86709011571675
526,000-000-9419,2024-07-01,4,8.389491382902076
526,000-000-9419,2024-08-01,4,8.102414797898733
526,000-000-9419,2024-09-01,4,7.9711467797694
526,000-000-9419,2024-10-01,4,7.533343137552551
526,000-000-9419,2024-11-01,4,7.770866596884735
526,000-000-9419,2024-12-01,4,7.3769609959758515
526,000-000-9919,2024-07-01,4,11.851505619741273
526,000-000-9919,2024-08-01,4,11.023200662839308
526,000-000-9919,2024-09-01,4,10.959046209387262
526,000-000-9919,2024-10-01,4,10.251642673561117
526,000-000-9919,2024-11-01,4,10.075896817206063
526,000-000-9919,2024-12-01,4,10.155414767828384
5271,000-000-3312,2024-07-01,1,11.285686626776704
5271,000-000-3312,2024-08-01,1,11.375862307328537
5271,000-000-3312,2024-09-01,1,11.558372455478603
5271,000-000-3312,2024-10-01,1,11.9338985247872
5271,000-000-3312,2024-11-01,1,12.266240708772514
5271,000-000-3312,2024-12-01,1,11.097767663954876
5271,000-000-3313,2024-07-01,1,13.046315675121832
5271,000-000-3313,2024-08-01,1,13.240023375232703
5271,000-000-3313,2024-09-01,1,11.456241460559198
5271,000-000-3313,2024-10-01,1,10.430709668702464
5271,000-000-3313,2024-11-01,1,9.9159893001981
5271,000-000-3313,2024-12-01,1,9.586240652618455
5271,000-000-6140,2024-07-01,1,5.072353180866519
5271,000-000-6140,2024-08-01,1,5.445279831610896
5271,000-000-6140,2024-09-01,1,5.273114219293169
5271,000-000-6140,2024-10-01,1,4.761264585408863
5271,000-000-6140,2024-11-01,1,5.028148764573709
5271,000-000-6140,2024-12-01,1,4.884473875314226
5271,000-000-6596,2024-07-01,1,7.308844570684455
5271,000-000-6596,2024-08-01,1,7.592389054495418
5271,000-000-6596,2024-09-01,1,7.141206336630363
5271,000-000-6596,2024-10-01,1,7.028416576559297
5271,000-000-6596,2024-11-01,1,6.473691546364081
5271,000-000-6596,2024-12-01,1,5.8775365581837855
5316,000-000-6020,2024-07-01,2,23.14606468432864
5316,000-000-6020,2024-08-01,2,24.210101403051414
5316,000-000-6020,2024-09-01,2,22.88475128825106
5316,000-000-6020,2024-10-01,2,22.481344766394077
5316,000-000-6020,2024-11-01,2,20.436055816536527
5316,000-000-6020,2024-12-01,2,19.961255584472507
5380,000-000-3081,2024-07-01,2,311.0442558276809
5380,000-000-3081,2024-08-01,2,275.88828297451647
5380,000-000-3081,2024-09-01,2,280.91317689383766
5380,000-000-3081,2024-10-01,2,283.7161052122932
5380,000-000-3081,2024-11-01,2,270.7598285117848
5380,000-000-3081,2024-12-01,2,263.97122434462347
5497,000-000-13612,2024-07-01,3,43.97595235247101
5497,000-000-13612,2024-08-01,3,38.46339504258601
5497,000-000-13612,2024-09-01,3,35.3038528087089
5497,000-000-13612,2024-10-01,3,34.83575490111943
5497,000-000-13612,2024-11-01,3,34.55181992231624
5497,000-000-13612,2024-12-01,3,33.993840901847825
5497,000-000-13784,2024-07-01,3,7.06911427102286
5497,000-000-13784,2024-08-01,3,6.468527869189252
5497,000-000-13784,2024-09-01,3,6.9920934914564965
5497,000-000-13784,2024-10-01,3,6.6400357245296275
5497,000-000-13784,2024-11-01,3,6.864613006787947
5497,000-000-13784,2024-12-01,3,6.261048669709842
5497,000-000-7049,2024-07-01,3,53.45145391784845
5497,000-000-7049,2024-08-01,3,62.076213231750444
5497,000-000-7049,2024-09-01,3,51.56325936544836
5497,000-000-7049,2024-10-01,3,50.61239691887474
5497,000-000-7049,2024-11-01,3,48.267874232069175
5497,000-000-7049,2024-12-01,3,47.142362452660535
5567,000-000-11913,2024-07-01,4,195.65913372673387
5567,000-000-11913,2024-08-01,4,170.22356164331967
5567,000-000-11913,2024-09-01,4,162.83412262954815
5567,000-000-11913,2024-10-01,4,159.55846245293264
5567,000-000-11913,2024-11-01,4,164.47732219005673
5567,000-000-11913,2024-12-01,4,164.06177349111772
5567,000-000-12625,2024-07-01,4,57.294300576039525
5567,000-000-12625,2024-08-01,4,62.714251044480626
5567,000-000-12625,2024-09-01,4,50.914191129426534
5567,000-000-12625,2024-10-01,4,48.191215950697206
5567,000-000-12625,2024-11-01,4,53.23327724398788
5567,000-000-12625,2024-12-01,4,48.96687349746043
5567,000-000-13151,2024-07-01,4,3.445348175313637
5567,000-000-13151,2024-08-01,4,3.362892487010861
5567,000-000-13151,2024-09-01,4,3.5963312881907687
5567,000-000-13151,2024-10-01,4,3.6644617463208466
5567,000-000-13151,2024-11-01,4,4.067273862523088
5567,000-000-13151,2024-12-01,4,3.87544359455045
5567,000-000-13180,2024-07-01,4,39.44232650551666
5567,000-000-13180,2024-08-01,4,34.803908193023645
5567,000-000-13180,2024-09-01,4,39.366903561376375
5567,000-000-13180,2024-10-01,4,38.81611432093627
5567,000-000-13180,2024-11-01,4,38.994085234582855
5567,000-000-13180,2024-12-01,4,38.43561957823189
5567,000-000-13181,2024-07-01,4,49.43833548522757
5567,000-000-13181,2024-08-01,4,42.93327667031551
5567,000-000-13181,2024-09-01,4,43.00743912052157
5567,000-000-13181,2024-10-01,4,37.867079325242926
5567,000-000-13181,2024-11-01,4,34.97189261603797
5567,000-000-13181,2024-12-01,4,34.048737693366334
5567,000-000-13296,2024-07-01,4,6.2873111647024365
5567,000-000-13296,2024-08-01,4,5.889646577297514
5567,000-000-13296,2024-09-01,4,6.131555896830514
5567,000-000-13296,2024-10-01,4,5.714773208029616
5567,000-000-13296,2024-11-01,4,5.828261145049469
5567,000-000-13296,2024-12-01,4,5.690377812514653
5567,000-000-13342,2024-07-01,4,30.22355935692374
5567,000-000-13342,2024-08-01,4,30.52067280514811
5567,000-000-13342,2024-09-01,4,32.762649230621285
5567,000-000-13342,2024-10-01,4,33.36066135540148
5567,000-000-13342,2024-11-01,4,34.02305944771738
5567,000-000-13342,2024-12-01,4,33.03301003080026
5567,000-000-13609,2024-07-01,4,7.165515230807095
5567,000-000-13609,2024-08-01,4,6.940478650526138
5567,000-000-13609,2024-09-01,4,6.492002741997561
5567,000-000-13609,2024-10-01,4,5.8018019352805705
5567,000-000-13609,2024-11-01,4,5.665215931037704
5567,000-000-13609,2024-12-01,4,5.410869997354624
5567,000-000-13612,2024-07-01,4,265.2777880543699
5567,000-000-13612,2024-08-01,4,271.24474443784925
5567,000-000-13612,2024-09-01,4,260.6862548991775
5567,000-000-13612,2024-10-01,4,270.5023731832079
5567,000-000-13612,2024-11-01,4,273.9945744638178
5567,000-000-13612,2024-12-01,4,270.542894811436
5567,000-000-13784,2024-07-01,4,16.05583099091848
5567,000-000-13784,2024-08-01,4,13.540015448150076
5567,000-000-13784,2024-09-01,4,12.73521508372976
5567,000-000-13784,2024-10-01,4,11.345887481018377
5567,000-000-13784,2024-11-01,4,10.621771159487126
5567,000-000-13784,2024-12-01,4,9.898029938970987
5567,000-000-3274,2024-07-01,4,24.855297495203377
5567,000-000-3274,2024-08-01,4,25.543276703141498
5567,000-000-3274,2024-09-01,4,24.21960189317742
5567,000-000-3274,2024-10-01,4,23.721906176556907
5567,000-000-3274,2024-11-01,4,23.590421136520376
5567,000-000-3274,2024-12-01,4,23.256693866321697
5567,000-000-3312,2024-07-01,4,57.416563752959604
5567,000-000-3312,2024-08-01,4,57.47859215943472
5567,000-000-3312,2024-09-01,4,52.84377019464063
5567,000-000-3312,2024-10-01,4,50.332305674214304
5567,000-000-3312,2024-11-01,4,48.34658013020622
5567,000-000-3312,2024-12-01,4,52.42604975334828
5567,000-000-3313,2024-07-01,4,63.11052330850901
5567,000-000-3313,2024-08-01,4,55.86771743610537
5567,000-000-3313,2024-09-01,4,56.59092822221911
5567,000-000-3313,2024-10-01,4,56.798225359153115
5567,000-000-3313,2024-11-01,4,56.67668603933178
5567,000-000-3313,2024-12-01,4,55.685068806850964
5567,000-000-7049,2024-07-01,4,62.90815028304166
5567,000-000-7049,2024-08-01,4,75.40140578945808
5567,000-000-7049,2024-09-01,4,62.71150674690916
5567,000-000-7049,2024-10-01,4,61.14790154931112
5567,000-000-7049,2024-11-01,4,56.30673105630023
5567,000-000-7049,2024-12-01,4,53.4993564016223
5578,000-000-10174,2024-07-01,2,4.111977820492143
5578,000-000-10174,2024-08-01,2,4.113437499305256
5578,000-000-10174,2024-09-01,2,4.23586318974491
5578,000-000-10174,2024-10-01,2,4.040009137678975
5578,000-000-10174,2024-11-01,2,3.958439955959276
5578,000-000-10174,2024-12-01,2,3.7750880142746097
5578,000-000-3176,2024-07-01,2,32.66637770853537
5578,000-000-3176,2024-08-01,2,30.54447931226087
5578,000-000-3176,2024-09-01,2,29.399481956881413
5578,000-000-3176,2024-10-01,2,33.8704521155242
5578,000-000-3176,2024-11-01,2,31.6254432302871
5578,000-000-3176,2024-12-01,2,33.11448258784821
5625,000-000-1009,2024-07-01,3,24.310137857787012
5625,000-000-1009,2024-08-01,3,24.3001921375718
5625,000-000-1009,2024-09-01,3,24.237485480859434
5625,000-000-1009,2024-10-01,3,23.980030623199855
5625,000-000-1009,2024-11-01,3,23.805830098611597
5625,000-000-1009,2024-12-01,3,23.672809072772388
5625,000-000-11283,2024-07-01,3,22.388314820995728
5625,000-000-11283,2024-08-01,3,17.93689300160009
5625,000-000-11283,2024-09-01,3,18.04806277455868
5625,000-000-11283,2024-10-01,3,16.39124290676852
5625,000-000-11283,2024-11-01,3,16.34908348744241
5625,000-000-11283,2024-12-01,3,13.11017517087615
5625,000-000-11913,2024-07-01,3,31.001625307730066
5625,000-000-11913,2024-08-01,3,31.720653692356436
5625,000-000-11913,2024-09-01,3,33.74569487241635
5625,000-000-11913,2024-10-01,3,32.03882756180498
5625,000-000-11913,2024-11-01,3,32.24940523670606
5625,000-000-11913,2024-12-01,3,31.310117908785205
5625,000-000-12625,2024-07-01,3,20.378014962998964
5625,000-000-12625,2024-08-01,3,20.391230314187172
5625,000-000-12625,2024-09-01,3,20.356359452732956
5625,000-000-12625,2024-10-01,3,20.01206196232368
5625,000-000-12625,2024-11-01,3,19.902465026162172
5625,000-000-12625,2024-12-01,3,18.707522839684884
5625,000-000-13358,2024-07-01,3,4.35333125075085
5625,000-000-13358,2024-08-01,3,4.952253681131424
5625,000-000-13358,2024-09-01,3,4.288154798908163
5625,000-000-13358,2024-10-01,3,4.428494139571917
5625,000-000-13358,2024-11-01,3,4.055791957860963
5625,000-000-13358,2024-12-01,3,4.106948101664456
5625,000-000-5312,2024-07-01,3,25.001417629297066
5625,000-000-5312,2024-08-01,3,22.758647892554176
5625,000-000-5312,2024-09-01,3,23.09672587359851
5625,000-000-5312,2024-10-01,3,21.549564428497696
5625,000-000-5312,2024-11-01,3,20.48978587472226
5625,000-000-5312,2024-12-01,3,19.296469057714425
5625,000-000-6140,2024-07-01,3,4.50567828138235
5625,000-000-6140,2024-08-01,3,4.406120261719151
5625,000-000-6140,2024-09-01,3,4.686507844551883
5625,000-000-6140,2024-10-01,3,4.534521464734487
5625,000-000-6140,2024-11-01,3,4.567300918915743
5625,000-000-6140,2024-12-01,3,4.214550012658178
5625,000-000-6596,2024-07-01,3,2.993621885090063
5625,000-000-6596,2024-08-01,3,3.2063058118525203
5625,000-000-6596,2024-09-01,3,3.2502651563491294
5625,000-000-6596,2024-10-01,3,3.015001516705285
5625,000-000-6596,2024-11-01,3,3.0992089064929407
5625,000-000-6596,2024-12-01,3,2.919721212766841
5658,000-000-10130,2024-07-01,2,25.362296450973044
5658,000-000-10130,2024-08-01,2,23.908315869069064
5658,000-000-10130,2024-09-01,2,24.077139398563418
5658,000-000-10130,2024-10-01,2,23.50581155416654
5658,000-000-10130,2024-11-01,2,23.309273715540982
5658,000-000-10130,2024-12-01,2,22.58248876695737
5675,000-000-1782,2024-07-01,2,264.0080628958165
5675,000-000-1782,2024-08-01,2,264.0080628958165
5675,000-000-1782,2024-09-01,2,246.84312200668865
5675,000-000-1782,2024-10-01,2,247.36140101405417
5675,000-000-1782,2024-11-01,2,234.42294286177818
5675,000-000-1782,2024-12-01,2,230.9271794628606
5710,000-000-10173,2024-07-01,3,3.910444209558228
5710,000-000-10173,2024-08-01,3,3.93891737370232
5710,000-000-10173,2024-09-01,3,4.055567891176157
5710,000-000-10173,2024-10-01,3,3.831646358415552
5710,000-000-10173,2024-11-01,3,3.727475828624946
5710,000-000-10173,2024-12-01,3,3.548478370870168
5710,000-000-10174,2024-07-01,3,4.66094659307133
5710,000-000-10174,2024-08-01,3,4.570724223864442
5710,000-000-10174,2024-09-01,3,5.094422599323492
5710,000-000-10174,2024-10-01,3,5.174421994935809
5710,000-000-10174,2024-11-01,3,5.123944858451589
5710,000-000-10174,2024-12-01,3,4.903548780178205
5710,000-000-11809,2024-07-01,3,24.542278766018462
5710,000-000-11809,2024-08-01,3,24.35933687014728
5710,000-000-11809,2024-09-01,3,24.43349932035335
5710,000-000-11809,2024-10-01,3,24.204594238307934
5710,000-000-11809,2024-11-01,3,24.029181484907838
5710,000-000-11809,2024-12-01,3,23.847458788948405
5710,000-000-11828,2024-07-01,3,156.8353364756542
5710,000-000-11828,2024-08-01,3,143.50636633348896
5710,000-000-11828,2024-09-01,3,143.18278585184137
5710,000-000-11828,2024-10-01,3,138.71135567484603
5710,000-000-11828,2024-11-01,3,138.58981635502462
5710,000-000-11828,2024-12-01,3,134.04846873414607
5710,000-000-11835,2024-07-01,3,139.1589555171048
5710,000-000-11835,2024-08-01,3,132.111311183241
5710,000-000-11835,2024-09-01,3,133.71307318745232
5710,000-000-11835,2024-10-01,3,132.53807584311457
5710,000-000-11835,2024-11-01,3,131.95403312483458
5710,000-000-11835,2024-12-01,3,131.02207625582636
5710,000-000-11878,2024-07-01,3,135.59653008157815
5710,000-000-11878,2024-08-01,3,135.03532903568467
5710,000-000-11878,2024-09-01,3,134.9121236547638
5710,000-000-11878,2024-10-01,3,134.15695646291175
5710,000-000-11878,2024-11-01,3,133.58834171961357
5710,000-000-11878,2024-12-01,3,132.3149556738895
5710,000-000-1999,2024-07-01,3,13.373362438194572
5710,000-000-1999,2024-08-01,3,13.334854009628746
5710,000-000-1999,2024-09-01,3,13.409016459834806
5710,000-000-1999,2024-10-01,3,13.39846564520845
5710,000-000-1999,2024-11-01,3,13.288868709046934
5710,000-000-1999,2024-12-01,3,13.125901388821408
5710,000-000-4013,2024-07-01,3,59.60792330909021
5710,000-000-4013,2024-08-01,3,66.17153182544075
5710,000-000-4013,2024-09-01,3,54.874601710452055
5710,000-000-4013,2024-10-01,3,57.92211511689857
5710,000-000-4013,2024-11-01,3,54.559677438664636
5710,000-000-4013,2024-12-01,3,52.112433955656456
5710,000-000-6020,2024-07-01,3,13.094015999122266
5710,000-000-6020,2024-08-01,3,13.128643595176161
5710,000-000-6020,2024-09-01,3,12.398705271098368
5710,000-000-6020,2024-10-01,3,11.121431353151813
5710,000-000-6020,2024-11-01,3,10.551636062310669
5710,000-000-6020,2024-12-01,3,9.82789484179453
5714,000-000-13216,2024-07-01,3,5.248726849924269
5714,000-000-13216,2024-08-01,3,4.842453309445867
5714,000-000-13216,2024-09-01,3,4.853552553981519
5714,000-000-13216,2024-10-01,3,4.730580115222526
5714,000-000-13216,2024-11-01,3,5.009069444112468
5714,000-000-13216,2024-12-01,3,4.8493455906638125
5714,000-000-13268,2024-07-01,3,10.373634373569224
5714,000-000-13268,2024-08-01,3,10.0405120531809
5714,000-000-13268,2024-09-01,3,9.434903625935616
5714,000-000-13268,2024-10-01,3,8.973602793297362
5714,000-000-13268,2024-11-01,3,8.934351850735945
5714,000-000-13268,2024-12-01,3,9.490705609329202
5714,000-000-13348,2024-07-01,3,11.780847195636873
5714,000-000-13348,2024-08-01,3,11.767444751027067
5714,000-000-13348,2024-09-01,3,11.841607201233128
5714,000-000-13348,2024-10-01,3,11.54106024206542
5714,000-000-13348,2024-11-01,3,11.493851045838579
5714,000-000-13348,2024-12-01,3,10.65377492177006
5714,000-000-1732,2024-07-01,3,4.095236200250234
5714,000-000-1732,2024-08-01,3,4.066377879531668
5714,000-000-1732,2024-09-01,3,4.1888035699713235
5714,000-000-1732,2024-10-01,3,3.979692512560867
5714,000-000-1732,2024-11-01,3,3.9042346390568388
5714,000-000-1732,2024-12-01,3,3.759308887470038
5714,000-000-3176,2024-07-01,3,30.78644168504085
5714,000-000-3176,2024-08-01,3,31.382782051414654
5714,000-000-3176,2024-09-01,3,33.82251541887045
5714,000-000-3176,2024-10-01,3,33.74055046322485
5714,000-000-3176,2024-11-01,3,34.71790011548545
5714,000-000-3176,2024-12-01,3,31.79949438428931
5714,000-000-3777,2024-07-01,3,6.366521153622225
5714,000-000-3777,2024-08-01,3,5.797350437965454
5714,000-000-3777,2024-09-01,3,5.750645538174542
5714,000-000-3777,2024-10-01,3,5.505088995402341
5714,000-000-3777,2024-11-01,3,5.5123254071265
5714,000-000-3777,2024-12-01,3,5.580928480198978
5714,000-000-4013,2024-07-01,3,71.92007633087016
5714,000-000-4013,2024-08-01,3,65.30516873808807
5714,000-000-4013,2024-09-01,3,59.967070173267444
5714,000-000-4013,2024-10-01,3,59.140967752125064
5714,000-000-4013,2024-11-01,3,54.494897732734145
5714,000-000-4013,2024-12-01,3,51.8533078901316
5714,000-000-6020,2024-07-01,3,12.331632160349848
5714,000-000-6020,2024-08-01,3,12.675833078874696
5714,000-000-6020,2024-09-01,3,12.74999552908076
5714,000-000-6020,2024-10-01,3,12.343922314913424
5714,000-000-6020,2024-11-01,3,11.489235629859735
5714,000-000-6020,2024-12-01,3,10.679797140381622
5714,000-000-7198,2024-07-01,3,3.937740576923343
5714,000-000-7198,2024-08-01,3,3.937740576923343
5714,000-000-7198,2024-09-01,3,4.1545399609016265
5714,000-000-7198,2024-10-01,3,3.931988826874606
5714,000-000-7198,2024-11-01,3,3.9434226756569486
5714,000-000-7198,2024-12-01,3,3.739306786815955
5714,000-000-8721,2024-07-01,3,4.286234609789728
5714,000-000-8721,2024-08-01,3,4.211036205130954
5714,000-000-8721,2024-09-01,3,4.328382622415699
5714,000-000-8721,2024-10-01,3,4.0912487387424115
5714,000-000-8721,2024-11-01,3,4.069981280090358
5714,000-000-8721,2024-12-01,3,3.78299833578606
5714,000-000-9341,2024-07-01,3,13.372876392558322
5714,000-000-9341,2024-08-01,3,12.47952639255832
5714,000-000-9341,2024-09-01,3,12.55368884276438
5714,000-000-9341,2024-10-01,3,12.192054329615488
5714,000-000-9341,2024-11-01,3,11.346880193214137
5714,000-000-9341,2024-12-01,3,10.835043737887391
5714,000-000-9419,2024-07-01,3,15.024958628185537
5714,000-000-9419,2024-08-01,3,12.07660212718865
5714,000-000-9419,2024-09-01,3,11.381265318349019
5714,000-000-9419,2024-10-01,3,10.282710713927715
5714,000-000-9419,2024-11-01,3,9.732775709479968
5714,000-000-9419,2024-12-01,3,9.567862076422076
5734,000-000-7049,2024-07-01,0,47.42854574426822
5734,000-000-7049,2024-08-01,0,47.42854574426822
5734,000-000-7049,2024-09-01,0,48.03064890851502
5734,000-000-7049,2024-10-01,0,47.2907718558298
5734,000-000-7049,2024-11-01,0,47.181174919668294
5734,000-000-7049,2024-12-01,0,46.34083997439994
5741,000-000-1009,2024-07-01,3,21.160308984397325
5741,000-000-1009,2024-08-01,3,21.149013522003848
5741,000-000-1009,2024-09-01,3,20.261511236503743
5741,000-000-1009,2024-10-01,3,19.834851635058328
5741,000-000-1009,2024-11-01,3,18.484974294432742
5741,000-000-1009,2024-12-01,3,17.388406260067573
5741,000-000-10336,2024-07-01,3,2.1742237590519458
5741,000-000-10336,2024-08-01,3,2.5390480623517955
5741,000-000-10336,2024-09-01,3,2.648774107510136
5741,000-000-10336,2024-10-01,3,2.599802814615877
5741,000-000-10336,2024-11-01,3,2.2981700740333193
5741,000-000-10336,2024-12-01,3,2.020377052336643
5741,000-000-11586,2024-07-01,3,2.477947377356925
5741,000-000-11586,2024-08-01,3,2.594299522340997
5741,000-000-11586,2024-09-01,3,2.893276678517396
5741,000-000-11586,2024-10-01,3,2.68425274137082
5741,000-000-11586,2024-11-01,3,2.6339854089022876
5741,000-000-11586,2024-12-01,3,2.519813537417431
5741,000-000-12489,2024-07-01,3,7.6727863993123036
5741,000-000-12489,2024-08-01,3,7.639635826628874
5741,000-000-12489,2024-09-01,3,7.961525289654861
5741,000-000-12489,2024-10-01,3,7.4916776626460395
5741,000-000-12489,2024-11-01,3,7.310768699659038
5741,000-000-12489,2024-12-01,3,6.712356394376462
5741,000-000-3312,2024-07-01,3,17.419487749430978
5741,000-000-3312,2024-08-01,3,15.17883939368787
5741,000-000-3312,2024-09-01,3,15.338392882817626
5741,000-000-3312,2024-10-01,3,13.898855518468014
5741,000-000-3312,2024-11-01,3,13.785425915070018
5741,000-000-3312,2024-12-01,3,13.61193923395421
5741,000-000-3313,2024-07-01,3,17.40197634738341
5741,000-000-3313,2024-08-01,3,15.2461129681326
5741,000-000-3313,2024-09-01,3,15.386697298008649
5741,000-000-3313,2024-10-01,3,13.947159933659037
5741,000-000-3313,2024-11-01,3,13.872578335038337
5741,000-000-3313,2024-12-01,3,13.766559800400355
5741,000-000-3465,2024-07-01,3,6.6757652273917625
5741,000-000-3465,2024-08-01,3,6.641190823020561
5741,000-000-3465,2024-09-01,3,7.305707551737132
5741,000-000-3465,2024-10-01,3,6.890333885104065
5741,000-000-3465,2024-11-01,3,6.743053167155297
5741,000-000-3465,2024-12-01,3,6.375936904608238
5741,000-000-3870,2024-07-01,3,6.0267543373327825
5741,000-000-3870,2024-08-01,3,6.021671407067652
5741,000-000-3870,2024-09-01,3,6.095833857273716
5741,000-000-3870,2024-10-01,3,5.880268396653808
5741,000-000-3870,2024-11-01,3,5.833059200426966
5741,000-000-3870,2024-12-01,3,5.714298548837288
5741,000-000-5312,2024-07-01,3,3.9427886578669304
5741,000-000-5312,2024-08-01,3,4.333780313431337
5741,000-000-5312,2024-09-01,3,4.446961236876286
5741,000-000-5312,2024-10-01,3,4.11541806964394
5741,000-000-5312,2024-11-01,3,4.0676360497353965
5741,000-000-5312,2024-12-01,3,3.8893633812056385
5741,000-000-6140,2024-07-01,3,3.6332605420996837
5741,000-000-6140,2024-08-01,3,3.940337336823126
5741,000-000-6140,2024-09-01,3,4.372399086592441
5741,000-000-6140,2024-10-01,3,3.8889734500100226
5741,000-000-6140,2024-11-01,3,3.9514996635221133
5741,000-000-6140,2024-12-01,3,3.76013596811312
5741,000-000-6596,2024-07-01,3,3.2255721143203515
5741,000-000-6596,2024-08-01,3,3.2128020035487013
5741,000-000-6596,2024-09-01,3,3.2957452545899746
5741,000-000-6596,2024-10-01,3,2.974833091992702
5741,000-000-6596,2024-11-01,3,2.947619877295343
5741,000-000-6596,2024-12-01,3,2.8244067544594746
5771,000-000-11283,2024-07-01,3,28.544718589324045
5771,000-000-11283,2024-08-01,3,27.592405404392885
5771,000-000-11283,2024-09-01,3,27.531735034787467
5771,000-000-11283,2024-10-01,3,26.493237007889224
5771,000-000-11283,2024-11-01,3,23.498116335640415
5771,000-000-11283,2024-12-01,3,22.15211213977514
5771,000-000-12625,2024-07-01,3,20.1748147824888
5771,000-000-12625,2024-08-01,3,20.188030133677014
5771,000-000-12625,2024-09-01,3,20.26219258388308
5771,000-000-12625,2024-10-01,3,19.85611936971573
5771,000-000-12625,2024-11-01,3,19.746522433554208
5771,000-000-12625,2024-12-01,3,19.760937028970424
5771,000-000-12626,2024-07-01,3,19.385141971152112
5771,000-000-12626,2024-08-01,3,19.39835732234032
5771,000-000-12626,2024-09-01,3,18.397211210886102
5771,000-000-12626,2024-10-01,3,15.254549782805512
5771,000-000-12626,2024-11-01,3,13.95821006608626
5771,000-000-12626,2024-12-01,3,12.575285185073412
5771,000-000-2582,2024-07-01,3,28.484729787678084
5771,000-000-2582,2024-08-01,3,30.938290054166885
5771,000-000-2582,2024-09-01,3,32.241191499337326
5771,000-000-2582,2024-10-01,3,33.04083647654078
5771,000-000-2582,2024-11-01,3,33.595525189685624
5771,000-000-2582,2024-12-01,3,28.176483148705508
5771,000-000-3274,2024-07-01,3,18.06414436010436
5771,000-000-3274,2024-08-01,3,18.054198639889147
5771,000-000-3274,2024-09-01,3,18.128361090095215
5771,000-000-3274,2024-10-01,3,16.179643287817665
5771,000-000-3274,2024-11-01,3,16.16770989205114
5771,000-000-3274,2024-12-01,3,15.66043012960932
5771,000-000-5312,2024-07-01,3,20.192097671540647
5771,000-000-5312,2024-08-01,3,20.391230314187172
5771,000-000-5312,2024-09-01,3,20.356359452732956
5771,000-000-5312,2024-10-01,3,20.052256661091366
5771,000-000-5312,2024-11-01,3,19.942659724929857
5771,000-000-5312,2024-12-01,3,18.74672193166372
5771,000-000-6072,2024-07-01,3,18.196385010870202
5771,000-000-6072,2024-08-01,3,13.723460507894433
5771,000-000-6072,2024-09-01,3,14.159126591643034
5771,000-000-6072,2024-10-01,3,11.440269796279669
5771,000-000-6072,2024-11-01,3,10.819747407556834
5771,000-000-6072,2024-12-01,3,10.326053638048775
5771,000-000-6074,2024-07-01,3,16.75186908706865
5771,000-000-6074,2024-08-01,3,11.575249532939104
5771,000-000-6074,2024-09-01,3,11.959891459043654
5771,000-000-6074,2024-10-01,3,10.189984108205316
5771,000-000-6074,2024-11-01,3,9.890448631215905
5771,000-000-6074,2024-12-01,3,9.371028283591832
5771,000-000-6140,2024-07-01,3,16.131323735500096
5771,000-000-6140,2024-08-01,3,15.207046575751605
5771,000-000-6140,2024-09-01,3,13.277865934697221
5771,000-000-6140,2024-10-01,3,11.888538331985842
5771,000-000-6140,2024-11-01,3,11.793718120322726
5771,000-000-6140,2024-12-01,3,11.50166637705544
5799,000-000-3465,2024-07-01,3,18.161986781397648
5799,000-000-3465,2024-08-01,3,17.244115859401358
5799,000-000-3465,2024-09-01,3,16.46812765632048
5799,000-000-3465,2024-10-01,3,15.915549897203217
5799,000-000-3465,2024-11-01,3,15.836532180736345
5799,000-000-3465,2024-12-01,3,14.426192611311972
5799,000-000-6140,2024-07-01,3,9.316214712946776
5799,000-000-6140,2024-08-01,3,10.143877398006218
5799,000-000-6140,2024-09-01,3,10.677446247991737
5799,000-000-6140,2024-10-01,3,10.05618378756557
5799,000-000-6140,2024-11-01,3,9.244486559400643
5799,000-000-6140,2024-12-01,3,9.48591331797992
5823,000-000-13466,2024-07-01,1,17.046846384798666
5823,000-000-13466,2024-08-01,1,13.042810080719
5823,000-000-13466,2024-09-01,1,12.376585640071362
5823,000-000-13466,2024-10-01,1,10.992602456311609
5823,000-000-13466,2024-11-01,1,10.271052190293839
5823,000-000-13466,2024-12-01,1,9.424069404965769
5833,000-000-10057,2024-07-01,3,13.57362238837094
5833,000-000-10057,2024-08-01,3,13.634880779085488
5833,000-000-10057,2024-09-01,3,12.776337914164372
5833,000-000-10057,2024-10-01,3,12.595425475152396
5833,000-000-10057,2024-11-01,3,12.569445405198426
5833,000-000-10057,2024-12-01,3,11.250615220839563
5833,000-000-10885,2024-07-01,3,86.41994299391769
5833,000-000-10885,2024-08-01,3,79.40300816612856
5833,000-000-10885,2024-09-01,3,80.55313370043717
5833,000-000-10885,2024-10-01,3,79.44428290471731
5833,000-000-10885,2024-11-01,3,72.96483422693584
5833,000-000-10885,2024-12-01,3,64.78276390167979
5833,000-000-11803,2024-07-01,3,26.932513773487713
5833,000-000-11803,2024-08-01,3,23.928975800553616
5833,000-000-11803,2024-09-01,3,24.051273954015258
5833,000-000-11803,2024-10-01,3,23.46465597045154
5833,000-000-11803,2024-11-01,3,22.396583925898454
5833,000-000-11803,2024-12-01,3,20.43123691989799
5833,000-000-11828,2024-07-01,3,137.3288883651882
5833,000-000-11828,2024-08-01,3,137.3288883651882
5833,000-000-11828,2024-09-01,3,136.85819699616084
5833,000-000-11828,2024-10-01,3,136.10302980430885
5833,000-000-11828,2024-11-01,3,135.3082059048586
5833,000-000-11828,2024-12-01,3,133.1729378465596
5833,000-000-1732,2024-07-01,3,6.224910449762551
5833,000-000-1732,2024-08-01,3,5.433392508546643
5833,000-000-1732,2024-09-01,3,5.086206517642521
5833,000-000-1732,2024-10-01,3,4.729517357811075
5833,000-000-1732,2024-11-01,3,4.266173441397984
5833,000-000-1732,2024-12-01,3,4.408430255606744
5833,000-000-3176,2024-07-01,3,38.09261980222439
5833,000-000-3176,2024-08-01,3,42.421443399969206
5833,000-000-3176,2024-09-01,3,35.93553642792345
5833,000-000-3176,2024-10-01,3,32.1860027045266
5833,000-000-3176,2024-11-01,3,34.39818539833554
5833,000-000-3176,2024-12-01,3,33.23460634584382
5833,000-000-4013,2024-07-01,3,201.1715463763124
5833,000-000-4013,2024-08-01,3,165.2277275937881
5833,000-000-4013,2024-09-01,3,164.73843199616078
5833,000-000-4013,2024-10-01,3,164.70902570085855
5833,000-000-4013,2024-11-01,3,189.68728480932987
5833,000-000-4013,2024-12-01,3,148.6668735667493
5833,000-000-7198,2024-07-01,3,3.741189680410225
5833,000-000-7198,2024-08-01,3,3.3406785493574644
5833,000-000-7198,2024-09-01,3,3.4511471577327897
5833,000-000-7198,2024-10-01,3,3.2949248439467103
5833,000-000-7198,2024-11-01,3,2.9994092817949336
5833,000-000-7198,2024-12-01,3,2.8589657917513747
5833,000-000-9341,2024-07-01,3,6.486631821348609
5833,000-000-9341,2024-08-01,3,6.0349934289157146
5833,000-000-9341,2024-09-01,3,6.720981680215089
5833,000-000-9341,2024-10-01,3,6.869122090185248
5833,000-000-9341,2024-11-01,3,6.875254277221102
5833,000-000-9341,2024-12-01,3,6.505683625291872
5848,000-000-6140,2024-07-01,0,38.320793222870364
5848,000-000-6140,2024-08-01,0,37.168218334849925
5848,000-000-6140,2024-09-01,0,36.82652959179608
5848,000-000-6140,2024-10-01,0,31.832606316980254
5848,000-000-6140,2024-11-01,0,34.41568541377074
5848,000-000-6140,2024-12-01,0,33.039621219862376
5848,000-000-6596,2024-07-01,0,38.320793222870364
5848,000-000-6596,2024-08-01,0,37.4869143319178
5848,000-000-6596,2024-09-01,0,37.14522558886396
5848,000-000-6596,2024-10-01,0,32.01112797790717
5848,000-000-6596,2024-11-01,0,34.41568541377074
5848,000-000-6596,2024-12-01,0,33.039621219862376
5851,000-000-13890,2024-07-01,5,5.318059293002465
5851,000-000-13890,2024-08-01,5,5.34269059377562
5851,000-000-13890,2024-09-01,5,5.410075169373398
5851,000-000-13890,2024-10-01,5,5.196445971697775
5851,000-000-13890,2024-11-01,5,5.117646446946335
5851,000-000-13890,2024-12-01,5,4.935923750986898
5883,000-000-10130,2024-07-01,2,11.744143259113017
5883,000-000-10130,2024-08-01,2,12.027301622516099
5883,000-000-10130,2024-09-01,2,11.96164742683106
5883,000-000-10130,2024-10-01,2,11.658266895465722
5883,000-000-10130,2024-11-01,2,11.556867284386904
5883,000-000-10130,2024-12-01,2,11.37514458842746
5883,000-000-11554,2024-07-01,2,27.844467992176668
5883,000-000-11554,2024-08-01,2,25.98869253801364
5883,000-000-11554,2024-09-01,2,22.585701574478513
5883,000-000-11554,2024-10-01,2,21.404788688102638
5883,000-000-11554,2024-11-01,2,19.2947125397009
5883,000-000-11554,2024-12-01,2,18.94253551754321
5883,000-000-3176,2024-07-01,2,20.827667920993647
5883,000-000-3176,2024-08-01,2,15.89910073515599
5883,000-000-3176,2024-09-01,2,15.17377499947741
5883,000-000-3176,2024-10-01,2,13.803707799163288
5883,000-000-3176,2024-11-01,2,12.75797763586953
5883,000-000-3176,2024-12-01,2,11.327174886419535
5883,000-000-9419,2024-07-01,2,4.023481708558277
5883,000-000-9419,2024-08-01,2,4.010711597786628
5883,000-000-9419,2024-09-01,2,4.172619727624662
5883,000-000-9419,2024-10-01,2,3.9639883340308955
5883,000-000-9419,2024-11-01,2,3.942720875378846
5883,000-000-9419,2024-12-01,2,3.7700467488729728
5889,000-000-13612,2024-07-01,3,40.5963821195045
5889,000-000-13612,2024-08-01,3,38.92036338208464
5889,000-000-13612,2024-09-01,3,35.727388842183316
5889,000-000-13612,2024-10-01,3,35.044115171404314
5889,000-000-13612,2024-11-01,3,34.47656809431464
5889,000-000-13612,2024-12-01,3,33.580608388227276
5905,000-000-1009,2024-07-01,1,24.193325925347153
5905,000-000-1009,2024-08-01,1,24.20654127653536
5905,000-000-1009,2024-09-01,1,24.28070372674142
5905,000-000-1009,2024-10-01,1,23.870951492487215
5905,000-000-1009,2024-11-01,1,23.84682070609216
5905,000-000-1009,2024-12-01,1,23.646390886564667
5905,000-000-11283,2024-07-01,1,15.307743140944616
5905,000-000-11283,2024-08-01,1,12.367479877483259
5905,000-000-11283,2024-09-01,1,11.582152555892446
5905,000-000-11283,2024-10-01,1,11.148422813548535
5905,000-000-11283,2024-11-01,1,10.455177807356955
5905,000-000-11283,2024-12-01,1,9.68777265826263
5905,000-000-4056,2024-07-01,1,14.927459340044642
5905,000-000-4056,2024-08-01,1,15.255617349440158
5905,000-000-4056,2024-09-01,1,13.283786021453615
5905,000-000-4056,2024-10-01,1,12.803098557909081
5905,000-000-4056,2024-11-01,1,12.63587646313869
5905,000-000-4056,2024-12-01,1,11.229345222936377
5905,000-000-5312,2024-07-01,1,14.137349143118854
5905,000-000-5312,2024-08-01,1,16.059916440537823
5905,000-000-5312,2024-09-01,1,15.09400031531263
5905,000-000-5312,2024-10-01,1,14.611901788032814
5905,000-000-5312,2024-11-01,1,13.423319716892028
5905,000-000-5312,2024-12-01,1,13.280007011637174
5905,000-000-6140,2024-07-01,1,5.506870588560816
5905,000-000-6140,2024-08-01,1,6.275331523128389
5905,000-000-6140,2024-09-01,1,6.848714880275218
5905,000-000-6140,2024-10-01,1,6.983067800650528
5905,000-000-6140,2024-11-01,1,6.223643510482703
5905,000-000-6140,2024-12-01,1,5.785711913904702
5932,000-000-9419,2024-07-01,1,3.9302665633515823
5932,000-000-9419,2024-08-01,1,4.007338351943092
5932,000-000-9419,2024-09-01,1,4.129764042382746
5932,000-000-9419,2024-10-01,1,3.9211326487889813
5932,000-000-9419,2024-11-01,1,3.89986519013693
5932,000-000-9419,2024-12-01,1,3.727191063631054
5978,000-000-3313,2024-07-01,1,12.675443168979116
5978,000-000-3313,2024-08-01,1,13.583493646084575
5978,000-000-3313,2024-09-01,1,14.163447396412433
5978,000-000-3313,2024-10-01,1,13.615351139179616
5978,000-000-3313,2024-11-01,1,12.647691886092375
5978,000-000-3313,2024-12-01,1,12.691907973337372
5981,000-000-11913,2024-07-01,3,29.789633153951932
5981,000-000-11913,2024-08-01,3,29.802848505140147
5981,000-000-11913,2024-09-01,3,29.961078413739934
5981,000-000-11913,2024-10-01,3,29.639901595108164
5981,000-000-11913,2024-11-01,3,29.530304658946662
5981,000-000-11913,2024-12-01,3,29.34858196298723
5981,000-000-12625,2024-07-01,3,20.193783941742506
5981,000-000-12625,2024-08-01,3,20.20699929293072
5981,000-000-12625,2024-09-01,3,20.28116174313679
5981,000-000-12625,2024-10-01,3,19.85611936971573
5981,000-000-12625,2024-11-01,3,19.746522433554208
5981,000-000-12625,2024-12-01,3,19.760937028970424
5981,000-000-13349,2024-07-01,3,13.587604867159564
5981,000-000-13349,2024-08-01,3,10.93926836638921
5981,000-000-13349,2024-09-01,3,10.929459416524933
5981,000-000-13349,2024-10-01,3,10.156560679078622
5981,000-000-13349,2024-11-01,3,9.96552815818333
5981,000-000-13349,2024-12-01,3,9.715810198735687
5981,000-000-13358,2024-07-01,3,9.199674877493273
5981,000-000-13358,2024-08-01,3,8.862524471498512
5981,000-000-13358,2024-09-01,3,8.743819374870688
5981,000-000-13358,2024-10-01,3,8.487739078699361
5981,000-000-13358,2024-11-01,3,7.610103920251403
5981,000-000-13358,2024-12-01,3,7.327413397339832
5981,000-000-13360,2024-07-01,3,2.8603893031557157
5981,000-000-13360,2024-08-01,3,3.010781787280378
5981,000-000-13360,2024-09-01,3,3.127432304754213
5981,000-000-13360,2024-10-01,3,2.8749399309369212
5981,000-000-13360,2024-11-01,3,2.8771375291720385
5981,000-000-13360,2024-12-01,3,2.7917380443208093
5981,000-000-13612,2024-07-01,3,30.773934287766657
5981,000-000-13612,2024-08-01,3,30.68688726385836
5981,000-000-13612,2024-09-01,3,31.65200847691439
5981,000-000-13612,2024-10-01,3,31.96032907634722
5981,000-000-13612,2024-11-01,3,32.59905835339097
5981,000-000-13612,2024-12-01,3,31.844645405600446
5981,000-000-3312,2024-07-01,3,12.902975727099719
5981,000-000-3312,2024-08-01,3,14.320670670973335
5981,000-000-3312,2024-09-01,3,13.449150346230333
5981,000-000-3312,2024-10-01,3,12.77200716222962
5981,000-000-3312,2024-11-01,3,12.788304022995789
5981,000-000-3312,2024-12-01,3,12.698019208836708
5981,000-000-3313,2024-07-01,3,30.407900557246492
5981,000-000-3313,2024-08-01,3,29.466037726732466
5981,000-000-3313,2024-09-01,3,26.893672422623006
5981,000-000-3313,2024-10-01,3,23.549837886290145
5981,000-000-3313,2024-11-01,3,23.428298566468822
5981,000-000-3313,2024-12-01,3,21.996889550482923
5981,000-000-6140,2024-07-01,3,9.242673830515267
5981,000-000-6140,2024-08-01,3,8.919870909633064
5981,000-000-6140,2024-09-01,3,8.648878482482134
5981,000-000-6140,2024-10-01,3,8.311828024716268
5981,000-000-6140,2024-11-01,3,7.544072016957516
5981,000-000-6140,2024-12-01,3,7.248303101417248
5981,000-000-7049,2024-07-01,3,11.512277794129087
5981,000-000-7049,2024-08-01,3,11.512277794129087
5981,000-000-7049,2024-09-01,3,11.534544415540392
5981,000-000-7049,2024-10-01,3,11.356161312171437
5981,000-000-7049,2024-11-01,3,10.916564577672217
5981,000-000-7049,2024-12-01,3,10.284445280895858
6011,000-000-3313,2024-07-01,1,15.967923060107788
6011,000-000-3313,2024-08-01,1,13.91932965230626
6011,000-000-3313,2024-09-01,1,13.080617165810231
6011,000-000-3313,2024-10-01,1,11.629225188362202
6011,000-000-3313,2024-11-01,1,11.565245820171516
6011,000-000-3313,2024-12-01,1,10.6798020542968
6011,000-000-6140,2024-07-01,1,9.105345291895695
6011,000-000-6140,2024-08-01,1,10.1073920888546
6011,000-000-6140,2024-09-01,1,10.121777471218044
6011,000-000-6140,2024-10-01,1,9.489989337418164
6011,000-000-6140,2024-11-01,1,8.884938083358458
6011,000-000-6140,2024-12-01,1,9.320419466007204
6011,000-000-6596,2024-07-01,1,10.124435930967298
6011,000-000-6596,2024-08-01,1,10.313741682327027
6011,000-000-6596,2024-09-01,1,9.970363862312281
6011,000-000-6596,2024-10-01,1,9.566522827934103
6011,000-000-6596,2024-11-01,1,9.728454329842199
6011,000-000-6596,2024-12-01,1,9.550118630859183
606,000-000-5671,2024-07-01,1,9.654381462935714
606,000-000-5671,2024-08-01,1,9.241518361148477
606,000-000-5671,2024-09-01,1,9.106733247144755
606,000-000-5671,2024-10-01,1,8.56868315445188
606,000-000-5671,2024-11-01,1,8.950098160352896
606,000-000-5671,2024-12-01,1,8.187154724471496
606,000-000-9341,2024-07-01,1,4.118348097182185
606,000-000-9341,2024-08-01,1,4.099979444386653
606,000-000-9341,2024-09-01,1,4.2224051348263085
606,000-000-9341,2024-10-01,1,4.013773741232537
606,000-000-9341,2024-11-01,1,3.992506282580489
606,000-000-9341,2024-12-01,1,3.819832156074614
6110,000-000-10130,2024-07-01,3,23.88878110178593
6110,000-000-10130,2024-08-01,3,23.936916805041506
6110,000-000-10130,2024-09-01,3,24.00113353503236
6110,000-000-10130,2024-10-01,3,23.424461271683853
6110,000-000-10130,2024-11-01,3,22.88651146880043
6110,000-000-10130,2024-12-01,3,21.687113929986403
6110,000-000-10131,2024-07-01,3,21.495092552500715
6110,000-000-10131,2024-08-01,3,18.362643717820266
6110,000-000-10131,2024-09-01,3,18.6031676101532
6110,000-000-10131,2024-10-01,3,18.953482573456412
6110,000-000-10131,2024-11-01,3,17.701852559885083
6110,000-000-10131,2024-12-01,3,14.092969943791346
6110,000-000-10173,2024-07-01,3,6.907660835629208
6110,000-000-10173,2024-08-01,3,6.78169813240196
6110,000-000-10173,2024-09-01,3,6.472509815903148
6110,000-000-10173,2024-10-01,3,5.838297159444883
6110,000-000-10173,2024-11-01,3,5.638505492909864
6110,000-000-10173,2024-12-01,3,5.212529258182164
6110,000-000-10204,2024-07-01,3,12.067433644941282
6110,000-000-10204,2024-08-01,3,12.100859143241976
6110,000-000-10204,2024-09-01,3,12.17502159344804
6110,000-000-10204,2024-10-01,3,11.796936941227624
6110,000-000-10204,2024-11-01,3,11.821199404485881
6110,000-000-10204,2024-12-01,3,11.639476708526438
6110,000-000-11646,2024-07-01,3,21.911546762675492
6110,000-000-11646,2024-08-01,3,20.019894612725025
6110,000-000-11646,2024-09-01,3,19.13239232722492
6110,000-000-11646,2024-10-01,3,18.628145319513802
6110,000-000-11646,2024-11-01,3,17.556805801693297
6110,000-000-11646,2024-12-01,3,16.3469964200029
6110,000-000-1732,2024-07-01,3,3.820413516157734
6110,000-000-1732,2024-08-01,3,3.6800303712926516
6110,000-000-1732,2024-09-01,3,3.852551273111841
6110,000-000-1732,2024-10-01,3,3.6830753483022325
6110,000-000-1732,2024-11-01,3,3.8501608322347836
6110,000-000-1732,2024-12-01,3,3.7019637605139724
6110,000-000-1999,2024-07-01,3,12.350601319603559
6110,000-000-1999,2024-08-01,3,12.694802238128407
6110,000-000-1999,2024-09-01,3,12.76896468833447
6110,000-000-1999,2024-10-01,3,11.637340994587078
6110,000-000-1999,2024-11-01,3,11.564668669313996
6110,000-000-1999,2024-12-01,3,11.333513296539792
6110,000-000-2001,2024-07-01,3,11.628075241369856
6110,000-000-2001,2024-08-01,3,11.628075241369856
6110,000-000-2001,2024-09-01,3,11.702237691575917
6110,000-000-2001,2024-10-01,3,11.685902230426962
6110,000-000-2001,2024-11-01,3,11.576305294265445
6110,000-000-2001,2024-12-01,3,11.328554874069262
6110,000-000-3176,2024-07-01,3,44.76051588551633
6110,000-000-3176,2024-08-01,3,45.63557078966607
6110,000-000-3176,2024-09-01,3,45.68957705913938
6110,000-000-3176,2024-10-01,3,45.26909270540233
6110,000-000-3176,2024-11-01,3,45.207149022311675
6110,000-000-3176,2024-12-01,3,44.37731985250515
6110,000-000-4013,2024-07-01,3,94.55932541045064
6110,000-000-4013,2024-08-01,3,107.96549624928814
6110,000-000-4013,2024-09-01,3,116.11135089664202
6110,000-000-4013,2024-10-01,3,106.79200935503808
6110,000-000-4013,2024-11-01,3,100.61173263371461
6110,000-000-4013,2024-12-01,3,91.6406788155852
6110,000-000-6020,2024-07-01,3,24.280305701720486
6110,000-000-6020,2024-08-01,3,24.293521052908694
6110,000-000-6020,2024-09-01,3,24.367683503114762
6110,000-000-6020,2024-10-01,3,24.028107279460166
6110,000-000-6020,2024-11-01,3,23.918510343298642
6110,000-000-6020,2024-12-01,3,23.718080523771157
6110,000-000-9341,2024-07-01,3,5.581774274104339
6110,000-000-9341,2024-08-01,3,4.953579110866503
6110,000-000-9341,2024-09-01,3,5.370386858939979
6110,000-000-9341,2024-10-01,3,4.924449443682514
6110,000-000-9341,2024-11-01,3,4.764908079937804
6110,000-000-9341,2024-12-01,3,4.9223209984679865
6110,000-000-9419,2024-07-01,3,7.2167434473222025
6110,000-000-9419,2024-08-01,3,6.5772557425501885
6110,000-000-9419,2024-09-01,3,6.423390961744406
6110,000-000-9419,2024-10-01,3,5.968434389243853
6110,000-000-9419,2024-11-01,3,5.699320178980551
6110,000-000-9419,2024-12-01,3,5.448068443063784
6172,000-000-11283,2024-07-01,3,27.007961945794822
6172,000-000-11283,2024-08-01,3,24.190592502858763
6172,000-000-11283,2024-09-01,3,24.248446472563536
6172,000-000-11283,2024-10-01,3,23.53989216607493
6172,000-000-11283,2024-11-01,3,23.353749257826873
6172,000-000-11283,2024-12-01,3,22.305134167828115
6172,000-000-11913,2024-07-01,3,29.995623307331478
6172,000-000-11913,2024-08-01,3,30.002678248089182
6172,000-000-11913,2024-09-01,3,30.07684069829525
6172,000-000-11913,2024-10-01,3,29.450375605475468
6172,000-000-11913,2024-11-01,3,30.743635300515972
6172,000-000-11913,2024-12-01,3,30.506531403578432
6172,000-000-12625,2024-07-01,3,33.98562694526072
6172,000-000-12625,2024-08-01,3,30.964023676887795
6172,000-000-12625,2024-09-01,3,30.112918517992394
6172,000-000-12625,2024-10-01,3,32.69380351499356
6172,000-000-12625,2024-11-01,3,32.99838597190759
6172,000-000-12625,2024-12-01,3,31.3984444359822
6172,000-000-3274,2024-07-01,3,15.116583581433517
6172,000-000-3274,2024-08-01,3,14.357058333336735
6172,000-000-3274,2024-09-01,3,13.476923453867485
6172,000-000-3274,2024-10-01,3,11.879017816690478
6172,000-000-3274,2024-11-01,3,11.832877952372716
6172,000-000-3274,2024-12-01,3,10.731230466466023
6172,000-000-4053,2024-07-01,3,13.1475608714497
6172,000-000-4053,2024-08-01,3,11.981411292951197
6172,000-000-4053,2024-09-01,3,11.367520765135122
6172,000-000-4053,2024-10-01,3,10.148709517131193
6172,000-000-4053,2024-11-01,3,9.674198310054221
6172,000-000-4053,2024-12-01,3,9.307216642146654
6172,000-000-4056,2024-07-01,3,7.475642065960475
6172,000-000-4056,2024-08-01,3,7.720547824139859
6172,000-000-4056,2024-09-01,3,7.345805355823992
6172,000-000-4056,2024-10-01,3,6.998643123335216
6172,000-000-4056,2024-11-01,3,7.465743021540601
6172,000-000-4056,2024-12-01,3,6.618140877357823
6172,000-000-6074,2024-07-01,3,6.3172608977303115
6172,000-000-6074,2024-08-01,3,6.0546784440924055
6172,000-000-6074,2024-09-01,3,6.2331750004055255
6172,000-000-6074,2024-10-01,3,5.991570544944484
6172,000-000-6074,2024-11-01,3,5.722931237406254
6172,000-000-6074,2024-12-01,3,5.589073418417238
6172,000-000-6140,2024-07-01,3,12.623009878863561
6172,000-000-6140,2024-08-01,3,12.004911539091367
6172,000-000-6140,2024-09-01,3,10.485138637690344
6172,000-000-6140,2024-10-01,3,10.178680261846749
6172,000-000-6140,2024-11-01,3,9.591440605504273
6172,000-000-6140,2024-12-01,3,9.28299697201023
6172,000-000-6596,2024-07-01,3,10.222034636792998
6172,000-000-6596,2024-08-01,3,10.423903309654223
6172,000-000-6596,2024-09-01,3,10.06796256813798
6172,000-000-6596,2024-10-01,3,9.86862323079736
6172,000-000-6596,2024-11-01,3,10.071081720299555
6172,000-000-6596,2024-12-01,3,9.865765680269265
6294,000-000-10340,2024-07-01,4,10.457361534947221
6294,000-000-10340,2024-08-01,4,9.138526901627438
6294,000-000-10340,2024-09-01,4,9.752657594674897
6294,000-000-10340,2024-10-01,4,9.824495839053336
6294,000-000-10340,2024-11-01,4,9.533063821125593
6294,000-000-10340,2024-12-01,4,8.644835612571155
6294,000-000-10341,2024-07-01,4,5.842530827022777
6294,000-000-10341,2024-08-01,4,5.429007491537517
6294,000-000-10341,2024-09-01,4,5.357571261810678
6294,000-000-10341,2024-10-01,4,4.886145994278175
6294,000-000-10341,2024-11-01,4,4.678978292561828
6294,000-000-10341,2024-12-01,4,4.998731125616132
6294,000-000-10342,2024-07-01,4,12.645027569749681
6294,000-000-10342,2024-08-01,4,10.552201457612096
6294,000-000-10342,2024-09-01,4,10.454186243203425
6294,000-000-10342,2024-10-01,4,9.027271019877281
6294,000-000-10342,2024-11-01,4,9.334710524932353
6294,000-000-10342,2024-12-01,4,9.248797497672554
6294,000-000-11283,2024-07-01,4,27.176963733140653
6294,000-000-11283,2024-08-01,4,24.298854285897967
6294,000-000-11283,2024-09-01,4,24.41120671914439
6294,000-000-11283,2024-10-01,4,23.7571799418924
6294,000-000-11283,2024-11-01,4,23.467446565182495
6294,000-000-11283,2024-12-01,4,22.30482648405884
6294,000-000-11584,2024-07-01,4,6.7875479161080765
6294,000-000-11584,2024-08-01,4,6.554818848212552
6294,000-000-11584,2024-09-01,4,7.442408767941185
6294,000-000-11584,2024-10-01,4,7.101869161891391
6294,000-000-11584,2024-11-01,4,6.502338278905022
6294,000-000-11584,2024-12-01,4,6.244191115456562
6294,000-000-11586,2024-07-01,4,8.037515342532958
6294,000-000-11586,2024-08-01,4,8.020754518536032
6294,000-000-11586,2024-09-01,4,8.377388130278689
6294,000-000-11586,2024-10-01,4,7.843181639097224
6294,000-000-11586,2024-11-01,4,7.309227703686109
6294,000-000-11586,2024-12-01,4,6.878095860134703
6294,000-000-11913,2024-07-01,4,30.008354471652833
6294,000-000-11913,2024-08-01,4,30.3420944694581
6294,000-000-11913,2024-09-01,4,30.42241733009467
6294,000-000-11913,2024-10-01,4,29.92996616298533
6294,000-000-11913,2024-11-01,4,29.820369226823814
6294,000-000-11913,2024-12-01,4,29.358826917530887
6294,000-000-13358,2024-07-01,4,11.516433737118748
6294,000-000-13358,2024-08-01,4,9.748237636643765
6294,000-000-13358,2024-09-01,4,10.997526331896623
6294,000-000-13358,2024-10-01,4,10.301234257029554
6294,000-000-13358,2024-11-01,4,10.026695042775907
6294,000-000-13358,2024-12-01,4,9.357625214097682
6294,000-000-13359,2024-07-01,4,10.748269823547398
6294,000-000-13359,2024-08-01,4,10.391511267437794
6294,000-000-13359,2024-09-01,4,10.562528611250402
6294,000-000-13359,2024-10-01,4,10.199676521147252
6294,000-000-13359,2024-11-01,4,10.14107963482831
6294,000-000-13359,2024-12-01,4,9.715986557531872
6294,000-000-3274,2024-07-01,4,11.131924520573982
6294,000-000-3274,2024-08-01,4,11.720057096943812
6294,000-000-3274,2024-09-01,4,11.234863177673304
6294,000-000-3274,2024-10-01,4,10.513240417826138
6294,000-000-3274,2024-11-01,4,10.026695042775907
6294,000-000-3274,2024-12-01,4,9.792118371107774
6294,000-000-3313,2024-07-01,4,11.331593570939537
6294,000-000-3313,2024-08-01,4,9.946769329731515
6294,000-000-3313,2024-09-01,4,11.165246157670275
6294,000-000-3313,2024-10-01,4,10.087828653475762
6294,000-000-3313,2024-11-01,4,9.884750788966274
6294,000-000-3313,2024-12-01,4,8.821022740992161
6294,000-000-3465,2024-07-01,4,10.441109396069715
6294,000-000-3465,2024-08-01,4,9.190029596029431
6294,000-000-3465,2024-09-01,4,10.388724000330587
6294,000-000-3465,2024-10-01,4,10.360447728802248
6294,000-000-3465,2024-11-01,4,10.10844472376345
6294,000-000-3465,2024-12-01,4,9.145141173657523
6294,000-000-3466,2024-07-01,4,11.148207859932716
6294,000-000-3466,2024-08-01,4,11.080716940161105
6294,000-000-3466,2024-09-01,4,9.63762807749582
6294,000-000-3466,2024-10-01,4,9.28090076556723
6294,000-000-3466,2024-11-01,4,8.730687369935145
6294,000-000-3466,2024-12-01,4,8.671216382608256
6294,000-000-4053,2024-07-01,4,6.204987160130422
6294,000-000-4053,2024-08-01,4,6.017723336017811
6294,000-000-4053,2024-09-01,4,6.1301489508020275
6294,000-000-4053,2024-10-01,4,5.945650082438743
6294,000-000-4053,2024-11-01,4,5.849969412083885
6294,000-000-4053,2024-12-01,4,5.707826520530306
6294,000-000-4056,2024-07-01,4,5.441891602264949
6294,000-000-4056,2024-08-01,4,5.423354627947962
6294,000-000-4056,2024-09-01,4,5.516054052471011
6294,000-000-4056,2024-10-01,4,5.674753223127942
6294,000-000-4056,2024-11-01,4,5.961277215710384
6294,000-000-4056,2024-12-01,4,5.833136091640339
6294,000-000-4848,2024-07-01,4,6.0659074770589765
6294,000-000-4848,2024-08-01,4,6.451257054201694
6294,000-000-4848,2024-09-01,4,6.089901977302656
6294,000-000-4848,2024-10-01,4,5.74042887865334
6294,000-000-4848,2024-11-01,4,5.6932196824264985
6294,000-000-4848,2024-12-01,4,5.460536107325662
6294,000-000-5312,2024-07-01,4,21.31051829322429
6294,000-000-5312,2024-08-01,4,20.126946027905557
6294,000-000-5312,2024-09-01,4,21.30468094190801
6294,000-000-5312,2024-10-01,4,20.408558663665204
6294,000-000-5312,2024-11-01,4,19.734189536402777
6294,000-000-5312,2024-12-01,4,19.167140245394464
6294,000-000-6072,2024-07-01,4,10.484317550437952
6294,000-000-6072,2024-08-01,4,10.316188377664568
6294,000-000-6072,2024-09-01,4,10.45275468948705
6294,000-000-6072,2024-10-01,4,10.155064416454573
6294,000-000-6072,2024-11-01,4,10.009587007142864
6294,000-000-6072,2024-12-01,4,9.546652936738864
6294,000-000-6074,2024-07-01,4,8.589876262697944
6294,000-000-6074,2024-08-01,4,8.622699272639922
6294,000-000-6074,2024-09-01,4,8.923090673245577
6294,000-000-6074,2024-10-01,4,8.628832684500244
6294,000-000-6074,2024-11-01,4,8.39652398192918
6294,000-000-6074,2024-12-01,4,7.327943858569995
6294,000-000-6140,2024-07-01,4,7.6129266859920435
6294,000-000-6140,2024-08-01,4,8.41745243297878
6294,000-000-6140,2024-09-01,4,9.328860214999242
6294,000-000-6140,2024-10-01,4,9.657663795612518
6294,000-000-6140,2024-11-01,4,9.203490338416144
6294,000-000-6140,2024-12-01,4,8.95490050324464
6294,000-000-6596,2024-07-01,4,8.056721051580107
6294,000-000-6596,2024-08-01,4,7.625168532305647
6294,000-000-6596,2024-09-01,4,9.274600346389029
6294,000-000-6596,2024-10-01,4,9.974361497025306
6294,000-000-6596,2024-11-01,4,9.33851457817634
6294,000-000-6596,2024-12-01,4,8.484362216216658
6294,000-000-9537,2024-07-01,4,8.735195686658653
6294,000-000-9537,2024-08-01,4,9.111008739822449
6294,000-000-9537,2024-09-01,4,8.705227058191282
6294,000-000-9537,2024-10-01,4,8.33710716658087
6294,000-000-9537,2024-11-01,4,7.484003747805877
6294,000-000-9537,2024-12-01,4,7.370860763725009
6301,000-000-12450,2024-07-01,3,6.003202610034336
6301,000-000-12450,2024-08-01,3,6.0153404810571764
6301,000-000-12450,2024-09-01,3,6.075580995834963
6301,000-000-12450,2024-10-01,3,5.8339230500276305
6301,000-000-12450,2024-11-01,3,5.786713853800789
6301,000-000-12450,2024-12-01,3,5.687473679663272
6301,000-000-13239,2024-07-01,3,7.644759399853074
6301,000-000-13239,2024-08-01,3,7.966986455799692
6301,000-000-13239,2024-09-01,3,8.422779773601874
6301,000-000-13239,2024-10-01,3,8.208967385004716
6301,000-000-13239,2024-11-01,3,7.194647901023729
6301,000-000-13239,2024-12-01,3,6.808875899342657
6301,000-000-13268,2024-07-01,3,3.941078384424436
6301,000-000-13268,2024-08-01,3,3.6992549223513786
6301,000-000-13268,2024-09-01,3,4.078278744651561
6301,000-000-13268,2024-10-01,3,3.9793171142256107
6301,000-000-13268,2024-11-01,3,3.9347093376681364
6301,000-000-13268,2024-12-01,3,3.7620352111622606
6301,000-000-13348,2024-07-01,3,10.373634373569224
6301,000-000-13348,2024-08-01,3,10.463462625077407
6301,000-000-13348,2024-09-01,3,10.045118021944736
6301,000-000-13348,2024-10-01,3,9.735704543750655
6301,000-000-13348,2024-11-01,3,9.68476641062845
6301,000-000-13348,2024-12-01,3,9.423778661960027
6301,000-000-13451,2024-07-01,3,3.0817421083749585
6301,000-000-13451,2024-08-01,3,3.06897199760331
6301,000-000-13451,2024-09-01,3,3.152774941784219
6301,000-000-13451,2024-10-01,3,2.9183292265680767
6301,000-000-13451,2024-11-01,3,2.9310510072587275
6301,000-000-13451,2024-12-01,3,2.807837884422859
6301,000-000-13625,2024-07-01,3,7.105867862967887
6301,000-000-13625,2024-08-01,3,6.649930721204042
6301,000-000-13625,2024-09-01,3,6.590098094938249
6301,000-000-13625,2024-10-01,3,6.400328202370172
6301,000-000-13625,2024-11-01,3,5.97324163288164
6301,000-000-13625,2024-12-01,3,5.541182752250695
6301,000-000-3777,2024-07-01,3,9.53386162957206
6301,000-000-3777,2024-08-01,3,9.178379039823417
6301,000-000-3777,2024-09-01,3,8.478998870888992
6301,000-000-3777,2024-10-01,3,7.637962193319476
6301,000-000-3777,2024-11-01,3,8.07183276427392
6301,000-000-3777,2024-12-01,3,7.401646969141889
6301,000-000-4013,2024-07-01,3,70.08120424131043
6301,000-000-4013,2024-08-01,3,71.08917105377009
6301,000-000-4013,2024-09-01,3,71.87560874536301
6301,000-000-4013,2024-10-01,3,64.51402245376956
6301,000-000-4013,2024-11-01,3,58.76866800688735
6301,000-000-4013,2024-12-01,3,57.76370121566586
6301,000-000-9341,2024-07-01,3,7.335487598305024
6301,000-000-9341,2024-08-01,3,6.3558667445994885
6301,000-000-9341,2024-09-01,3,6.973028241567247
6301,000-000-9341,2024-10-01,3,6.8066339475479865
6301,000-000-9341,2024-11-01,3,6.376877421176089
6301,000-000-9341,2024-12-01,3,5.775574566556099
6301,000-000-9419,2024-07-01,3,5.583584431026722
6301,000-000-9419,2024-08-01,3,6.280451536776665
6301,000-000-9419,2024-09-01,3,5.881674539883372
6301,000-000-9419,2024-10-01,3,5.526476612482643
6301,000-000-9419,2024-11-01,3,5.533941715978891
6301,000-000-9419,2024-12-01,3,5.336996625260996
6358,000-000-10057,2024-07-01,2,15.892669991657769
6358,000-000-10057,2024-08-01,2,17.009874912771085
6358,000-000-10057,2024-09-01,2,16.125747981257863
6358,000-000-10057,2024-10-01,2,14.436275556387503
6358,000-000-10057,2024-11-01,2,13.535922868855515
6358,000-000-10057,2024-12-01,2,12.26645306192773
6358,000-000-10173,2024-07-01,2,1.8105690617748855
6358,000-000-10173,2024-08-01,2,1.9023776236112504
6358,000-000-10173,2024-09-01,2,2.0671421533977274
6358,000-000-10173,2024-10-01,2,1.6860595454175489
6358,000-000-10173,2024-11-01,2,1.8926039520406588
6358,000-000-10173,2024-12-01,2,1.7971392041238616
6358,000-000-11828,2024-07-01,2,134.4566291315511
6358,000-000-11828,2024-08-01,2,133.17149379472363
6358,000-000-11828,2024-09-01,2,133.02609918343518
6358,000-000-11828,2024-10-01,2,132.24711198333745
6358,000-000-11828,2024-11-01,2,132.09875552442952
6358,000-000-11828,2024-12-01,2,124.2076691566985
6358,000-000-3176,2024-07-01,2,15.356410843180136
6358,000-000-3176,2024-08-01,2,14.478477370254492
6358,000-000-3176,2024-09-01,2,13.755721278991281
6358,000-000-3176,2024-10-01,2,13.193767328687194
6358,000-000-3176,2024-11-01,2,12.145410869779344
6358,000-000-3176,2024-12-01,2,10.812374925150671
6406,000-000-13151,2024-07-01,1,4.351715541834986
6406,000-000-13151,2024-08-01,1,4.187829185749431
6406,000-000-13151,2024-09-01,1,4.079972156931005
6406,000-000-13151,2024-10-01,1,3.8098718369680005
6406,000-000-13151,2024-11-01,1,3.810228197801466
6406,000-000-13151,2024-12-01,1,3.5577821268278282
6406,000-000-3870,2024-07-01,1,7.131192829644373
6406,000-000-3870,2024-08-01,1,7.267662484957207
6406,000-000-3870,2024-09-01,1,6.801683222279686
6406,000-000-3870,2024-10-01,1,6.552508202095196
6406,000-000-3870,2024-11-01,1,6.439453215584439
6406,000-000-3870,2024-12-01,1,5.832365981457614
6406,000-000-3871,2024-07-01,1,5.929155631507085
6406,000-000-3871,2024-08-01,1,5.936850042769791
6406,000-000-3871,2024-09-01,1,6.011012492975855
6406,000-000-3871,2024-10-01,1,5.802381099382085
6406,000-000-3871,2024-11-01,1,5.755171903155244
6406,000-000-3871,2024-12-01,1,5.591397190513801
6488,000-000-1732,2024-07-01,1,6.437862916844583
6488,000-000-1732,2024-08-01,1,6.193652307063495
6488,000-000-1732,2024-09-01,1,5.773568915434604
6488,000-000-1732,2024-10-01,1,5.575339861061439
6488,000-000-1732,2024-11-01,1,5.306537457771066
6488,000-000-1732,2024-12-01,1,4.742021253573286
6492,000-000-11645,2024-07-01,3,16.409208067206507
6492,000-000-11645,2024-08-01,3,15.577371415994573
6492,000-000-11645,2024-09-01,3,13.609346696151317
6492,000-000-11645,2024-10-01,3,12.2019519455684
6492,000-000-11645,2024-11-01,3,11.187062625747075
6492,000-000-11645,2024-12-01,3,10.292433880769869
6492,000-000-11646,2024-07-01,3,20.83762697031388
6492,000-000-11646,2024-08-01,3,22.23765233181365
6492,000-000-11646,2024-09-01,3,21.313560529368807
6492,000-000-11646,2024-10-01,3,19.571568121664715
6492,000-000-11646,2024-11-01,3,19.576585520282745
6492,000-000-11646,2024-12-01,3,18.945581014769417
6492,000-000-13012,2024-07-01,3,10.211488897638032
6492,000-000-13012,2024-08-01,3,10.198718786866385
6492,000-000-13012,2024-09-01,3,10.049168737072444
6492,000-000-13012,2024-10-01,3,9.79146004250068
6492,000-000-13012,2024-11-01,3,9.835574862642082
6492,000-000-13012,2024-12-01,3,9.653852166682645
6492,000-000-13025,2024-07-01,3,10.334710808623756
6492,000-000-13025,2024-08-01,3,10.329627878358627
6492,000-000-13025,2024-09-01,3,10.480674308362717
6492,000-000-13025,2024-10-01,3,10.256752775602108
6492,000-000-13025,2024-11-01,3,10.078634487883027
6492,000-000-13025,2024-12-01,3,9.896911791923591
6492,000-000-1999,2024-07-01,3,14.123484212866277
6492,000-000-1999,2024-08-01,3,14.208321570558407
6492,000-000-1999,2024-09-01,3,13.293678599462854
6492,000-000-1999,2024-10-01,3,12.844658717952104
6492,000-000-1999,2024-11-01,3,12.84920036773535
6492,000-000-1999,2024-12-01,3,12.702164430864542
6492,000-000-2001,2024-07-01,3,17.32470661772076
6492,000-000-2001,2024-08-01,3,16.503389544602072
6492,000-000-2001,2024-09-01,3,13.390647281612363
6492,000-000-2001,2024-10-01,3,11.983252531029443
6492,000-000-2001,2024-11-01,3,10.976771361552977
6492,000-000-2001,2024-12-01,3,10.136134603692957
6492,000-000-2170,2024-07-01,3,11.983698420710645
6492,000-000-2170,2024-08-01,3,11.990753361468357
6492,000-000-2170,2024-09-01,3,12.064915811674421
6492,000-000-2170,2024-10-01,3,11.7644632293696
6492,000-000-2170,2024-11-01,3,11.663063618290781
6492,000-000-2170,2024-12-01,3,11.481340922331338
6492,000-000-2301,2024-07-01,3,18.227786044569783
6492,000-000-2301,2024-08-01,3,18.057066900483036
6492,000-000-2301,2024-09-01,3,16.07031888208211
6492,000-000-2301,2024-10-01,3,13.810037589190436
6492,000-000-2301,2024-11-01,3,12.74046522902
6492,000-000-2301,2024-12-01,3,11.593571914318542
6492,000-000-3176,2024-07-01,3,37.84065196349992
6492,000-000-3176,2024-08-01,3,35.33408466382705
6492,000-000-3176,2024-09-01,3,35.12267828475251
6492,000-000-3176,2024-10-01,3,34.58472380506617
6492,000-000-3176,2024-11-01,3,35.05678179907029
6492,000-000-3176,2024-12-01,3,34.124824930062154
6492,000-000-4013,2024-07-01,3,51.374854137133724
6492,000-000-4013,2024-08-01,3,52.460429486767126
6492,000-000-4013,2024-09-01,3,52.8957313299461
6492,000-000-4013,2024-10-01,3,51.99729589400662
6492,000-000-4013,2024-11-01,3,51.92529897715179
6492,000-000-4013,2024-12-01,3,51.05084874138635
6492,000-000-6020,2024-07-01,3,30.434674023469125
6492,000-000-6020,2024-08-01,3,29.039461469817116
6492,000-000-6020,2024-09-01,3,31.47251464903519
6492,000-000-6020,2024-10-01,3,31.378640659466488
6492,000-000-6020,2024-11-01,3,32.22392499642971
6492,000-000-6020,2024-12-01,3,32.081306851069016
6492,000-000-6178,2024-07-01,3,11.956512718110531
6492,000-000-6178,2024-08-01,3,11.969728069298746
6492,000-000-6178,2024-09-01,3,12.063986882647384
6492,000-000-6178,2024-10-01,3,11.685902230426962
6492,000-000-6178,2024-11-01,3,11.58069437851806
6492,000-000-6178,2024-12-01,3,11.380264558990557
6516,000-000-13884,2024-07-01,2,11.944925047070019
6516,000-000-13884,2024-08-01,2,12.335036895932564
6516,000-000-13884,2024-09-01,2,12.409199346138628
6516,000-000-13884,2024-10-01,2,11.242953853946478
6516,000-000-13884,2024-11-01,2,10.563021630148294
6516,000-000-13884,2024-12-01,2,9.85341885177551
6558,000-000-1693,2024-07-01,2,16.01393882455912
6558,000-000-1693,2024-08-01,2,16.081784671429155
6558,000-000-1693,2024-09-01,2,14.113759951585916
6558,000-000-1693,2024-10-01,2,12.757209552324696
6558,000-000-1693,2024-11-01,2,11.78082866106919
6558,000-000-1693,2024-12-01,2,11.48877691780191
6558,000-000-6020,2024-07-01,2,14.384162230052894
6558,000-000-6020,2024-08-01,2,11.448625060003579
6558,000-000-6020,2024-09-01,2,10.916595417216998
6558,000-000-6020,2024-10-01,2,10.117841947329309
6558,000-000-6020,2024-11-01,2,9.952638698929794
6558,000-000-6020,2024-12-01,2,9.68282437633958
6605,000-000-1009,2024-07-01,3,24.280305701720486
6605,000-000-1009,2024-08-01,3,24.293521052908694
6605,000-000-1009,2024-09-01,3,24.367683503114762
6605,000-000-1009,2024-10-01,3,24.138778421069347
6605,000-000-1009,2024-11-01,3,24.029181484907838
6605,000-000-1009,2024-12-01,3,23.847458788948405
6605,000-000-10342,2024-07-01,3,7.266162153608288
6605,000-000-10342,2024-08-01,3,7.026768856965094
6605,000-000-10342,2024-09-01,3,7.0492349069458236
6605,000-000-10342,2024-10-01,3,6.632764416619286
6605,000-000-10342,2024-11-01,3,6.055932009024637
6605,000-000-10342,2024-12-01,3,5.4456199571329815
6605,000-000-11283,2024-07-01,3,28.074404242764146
6605,000-000-11283,2024-08-01,3,29.438123465338553
6605,000-000-11283,2024-09-01,3,26.588536013048405
6605,000-000-11283,2024-10-01,3,23.445039599095725
6605,000-000-11283,2024-11-01,3,22.444376348230918
6605,000-000-11283,2024-12-01,3,20.238520695142633
6605,000-000-11584,2024-07-01,3,8.193324832883517
6605,000-000-11584,2024-08-01,3,7.34001401429509
6605,000-000-11584,2024-09-01,3,7.419654882919376
6605,000-000-11584,2024-10-01,3,6.656611543563808
6605,000-000-11584,2024-11-01,3,6.293081626956328
6605,000-000-11584,2024-12-01,3,5.533232420102877
6605,000-000-11586,2024-07-01,3,3.9056649421855947
6605,000-000-11586,2024-08-01,3,3.852440806922847
6605,000-000-11586,2024-09-01,3,4.276597873159959
6605,000-000-11586,2024-10-01,3,3.976730808715382
6605,000-000-11586,2024-11-01,3,3.8953083935964243
6605,000-000-11586,2024-12-01,3,3.6725386428480875
6605,000-000-13358,2024-07-01,3,15.508320467941205
6605,000-000-13358,2024-08-01,3,12.169646359965299
6605,000-000-13358,2024-09-01,3,12.411694563665424
6605,000-000-13358,2024-10-01,3,11.032517603881406
6605,000-000-13358,2024-11-01,3,10.319176234547255
6605,000-000-13358,2024-12-01,3,9.77280416693772
6605,000-000-3465,2024-07-01,3,34.521929097064096
6605,000-000-3465,2024-08-01,3,33.69029136514006
6605,000-000-3465,2024-09-01,3,35.83334202678835
6605,000-000-3465,2024-10-01,3,35.1285239197673
6605,000-000-3465,2024-11-01,3,34.88253635717984
6605,000-000-3465,2024-12-01,3,33.92829170809834
6605,000-000-3870,2024-07-01,3,7.599288031743834
6605,000-000-3870,2024-08-01,3,7.024570751501717
6605,000-000-3870,2024-09-01,3,7.52223567670993
6605,000-000-3870,2024-10-01,3,7.039890895658027
6605,000-000-3870,2024-11-01,3,7.4187718810154495
6605,000-000-3870,2024-12-01,3,6.655826647809874
6605,000-000-3871,2024-07-01,3,7.265841758572783
6605,000-000-3871,2024-08-01,3,7.557394477875622
6605,000-000-3871,2024-09-01,3,7.2861875137295975
6605,000-000-3871,2024-10-01,3,7.262735883548214
6605,000-000-3871,2024-11-01,3,6.603384731017739
6605,000-000-3871,2024-12-01,3,6.58914605637384
6605,000-000-4303,2024-07-01,3,31.325443837935122
6605,000-000-4303,2024-08-01,3,27.80397020828677
6605,000-000-4303,2024-09-01,3,29.508680096650412
6605,000-000-4303,2024-10-01,3,27.783117112461078
6605,000-000-4303,2024-11-01,3,26.37093963809342
6605,000-000-4303,2024-12-01,3,23.35714328982961
6605,000-000-5312,2024-07-01,3,32.28256584939477
6605,000-000-5312,2024-08-01,3,33.15189273101356
6605,000-000-5312,2024-09-01,3,32.03823306848818
6605,000-000-5312,2024-10-01,3,31.144763680590795
6605,000-000-5312,2024-11-01,3,28.86527945660833
6605,000-000-5312,2024-12-01,3,31.44529924696251
6605,000-000-6140,2024-07-01,3,35.1409074070811
6605,000-000-6140,2024-08-01,3,34.65898746119254
6605,000-000-6140,2024-09-01,3,35.65201312949499
6605,000-000-6140,2024-10-01,3,35.04222965036045
6605,000-000-6140,2024-11-01,3,34.869007630225646
6605,000-000-6140,2024-12-01,3,34.259897581443575
6605,000-000-6596,2024-07-01,3,46.653119260197435
6605,000-000-6596,2024-08-01,3,42.59690556029909
6605,000-000-6596,2024-09-01,3,38.28148459508353
6605,000-000-6596,2024-10-01,3,34.463315553705016
6605,000-000-6596,2024-11-01,3,34.028616286629294
6605,000-000-6596,2024-12-01,3,33.60562891129701
6614,000-000-10174,2024-07-01,2,6.00150177230158
6614,000-000-10174,2024-08-01,2,5.4206971381404365
6614,000-000-10174,2024-09-01,2,5.0474073298991495
6614,000-000-10174,2024-10-01,2,4.4699869841324755
6614,000-000-10174,2024-11-01,2,4.205217655223636
6614,000-000-10174,2024-12-01,2,4.040702322476832
6614,000-000-3176,2024-07-01,2,18.88110124577221
6614,000-000-3176,2024-08-01,2,19.93201054487997
6614,000-000-3176,2024-09-01,2,18.968062438032977
6614,000-000-3176,2024-10-01,2,19.430982214433307
6614,000-000-3176,2024-11-01,2,16.644647015906077
6614,000-000-3176,2024-12-01,2,15.292211400262293
6627,000-000-13612,2024-07-01,1,10.165581623316921
6627,000-000-13612,2024-08-01,1,11.444436960985401
6627,000-000-13612,2024-09-01,1,10.871255666251418
6627,000-000-13612,2024-10-01,1,9.853404858420836
6627,000-000-13612,2024-11-01,1,8.444465551856089
6627,000-000-13612,2024-12-01,1,6.990062705151518
6627,000-000-6140,2024-07-01,1,1.8989431577437956
6627,000-000-6140,2024-08-01,1,1.9037480223448309
6627,000-000-6140,2024-09-01,1,1.874689926198846
6627,000-000-6140,2024-10-01,1,1.6874299441511293
6627,000-000-6140,2024-11-01,1,1.8939743507742393
6627,000-000-6140,2024-12-01,1,1.7971392041238616
6655,000-000-8721,2024-07-01,1,4.155652934100997
6655,000-000-8721,2024-08-01,1,4.182016481607446
6655,000-000-8721,2024-09-01,1,4.293697462214178
6655,000-000-8721,2024-10-01,1,4.031905258932142
6655,000-000-8721,2024-11-01,1,4.010637800280088
6655,000-000-8721,2024-12-01,1,3.8379636737742167
6699,000-000-13523,2024-07-01,0,31.31829159231469
6699,000-000-13523,2024-08-01,0,32.20452936434322
6699,000-000-13523,2024-09-01,0,35.42919537782419
6699,000-000-13523,2024-10-01,0,35.284173256835935
6699,000-000-13523,2024-11-01,0,34.05013429124444
6699,000-000-13523,2024-12-01,0,32.97049660478181
6761,000-000-11283,2024-07-01,3,7.289176940034313
6761,000-000-11283,2024-08-01,3,7.949230755693181
6761,000-000-11283,2024-09-01,3,8.6812049075712
6761,000-000-11283,2024-10-01,3,8.983667474814956
6761,000-000-11283,2024-11-01,3,8.790816665428705
6761,000-000-11283,2024-12-01,3,7.815134038214053
6761,000-000-11586,2024-07-01,3,6.530475269476943
6761,000-000-11586,2024-08-01,3,5.957727408166166
6761,000-000-11586,2024-09-01,3,5.921022333775202
6761,000-000-11586,2024-10-01,3,5.920952764670345
6761,000-000-11586,2024-11-01,3,5.54153127977278
6761,000-000-11586,2024-12-01,3,5.548696480276391
6761,000-000-11913,2024-07-01,3,29.92980749009289
6761,000-000-11913,2024-08-01,3,29.9430228412811
6761,000-000-11913,2024-09-01,3,29.877010955346215
6761,000-000-11913,2024-10-01,3,29.38455978823688
6761,000-000-11913,2024-11-01,3,30.97585643560975
6761,000-000-11913,2024-12-01,3,30.891080360271683
6761,000-000-12404,2024-07-01,3,8.936469946635988
6761,000-000-12404,2024-08-01,3,8.64378215671634
6761,000-000-12404,2024-09-01,3,8.47774725654238
6761,000-000-12404,2024-10-01,3,7.332365812000701
6761,000-000-12404,2024-11-01,3,7.149235268322473
6761,000-000-12404,2024-12-01,3,6.414513815504245
6761,000-000-12553,2024-07-01,3,9.098011419578977
6761,000-000-12553,2024-08-01,3,8.470195517313536
6761,000-000-12553,2024-09-01,3,8.037009095737035
6761,000-000-12553,2024-10-01,3,7.4160722766554255
6761,000-000-12553,2024-11-01,3,7.559641743057509
6761,000-000-12553,2024-12-01,3,6.861733200350507
6761,000-000-12976,2024-07-01,3,30.944575600811465
6761,000-000-12976,2024-08-01,3,31.30166499585716
6761,000-000-12976,2024-09-01,3,32.51217378042865
6761,000-000-12976,2024-10-01,3,32.535113290473504
6761,000-000-12976,2024-11-01,3,33.266899247979495
6761,000-000-12976,2024-12-01,3,32.65795097045178
6761,000-000-13358,2024-07-01,3,6.468924459527546
6761,000-000-13358,2024-08-01,3,6.219160393866656
6761,000-000-13358,2024-09-01,3,6.29332284407272
6761,000-000-13358,2024-10-01,3,5.623439218250654
6761,000-000-13358,2024-11-01,3,5.7705127134342895
6761,000-000-13358,2024-12-01,3,5.632629380899473
6761,000-000-3274,2024-07-01,3,15.497393133118777
6761,000-000-3274,2024-08-01,3,14.493783398148139
6761,000-000-3274,2024-09-01,3,13.52047209657556
6761,000-000-3274,2024-10-01,3,13.068406105416688
6761,000-000-3274,2024-11-01,3,12.974349971143653
6761,000-000-3274,2024-12-01,3,11.640156016157935
6761,000-000-3465,2024-07-01,3,5.635409512733778
6761,000-000-3465,2024-08-01,3,5.884148715254248
6761,000-000-3465,2024-09-01,3,5.976848139777298
6761,000-000-3465,2024-10-01,3,5.80573235478535
6761,000-000-3465,2024-11-01,3,5.769301293900256
6761,000-000-3465,2024-12-01,3,5.5887367007556445
6761,000-000-4053,2024-07-01,3,16.15540670927892
6761,000-000-4053,2024-08-01,3,15.218566628028949
6761,000-000-4053,2024-09-01,3,13.273803490246472
6761,000-000-4053,2024-10-01,3,11.939543325159043
6761,000-000-4053,2024-11-01,3,11.77949557677189
6761,000-000-4053,2024-12-01,3,11.541534758798527
6761,000-000-4056,2024-07-01,3,13.486791894703268
6761,000-000-4056,2024-08-01,3,13.825208296460017
6761,000-000-4056,2024-09-01,3,14.387130992751786
6761,000-000-4056,2024-10-01,3,13.874758050551762
6761,000-000-4056,2024-11-01,3,11.873631932912847
6761,000-000-4056,2024-12-01,3,11.636532161066409
6761,000-000-6072,2024-07-01,3,9.753030895001945
6761,000-000-6072,2024-08-01,3,9.64356388738302
6761,000-000-6072,2024-09-01,3,9.157392846896327
6761,000-000-6072,2024-10-01,3,8.74023210260417
6761,000-000-6072,2024-11-01,3,9.0138093958177
6761,000-000-6072,2024-12-01,3,9.166285248957317
6761,000-000-6074,2024-07-01,3,11.03389036391041
6761,000-000-6074,2024-08-01,3,10.616054915627364
6761,000-000-6074,2024-09-01,3,10.094532756533928
6761,000-000-6074,2024-10-01,3,10.007048232725781
6761,000-000-6074,2024-11-01,3,10.011185971464263
6761,000-000-6074,2024-12-01,3,9.705731783587177
6761,000-000-6140,2024-07-01,3,10.04435549014326
6761,000-000-6140,2024-08-01,3,10.465210762184164
6761,000-000-6140,2024-09-01,3,10.308066958364742
6761,000-000-6140,2024-10-01,3,9.936249618554234
6761,000-000-6140,2024-11-01,3,9.713612903719179
6761,000-000-6140,2024-12-01,3,9.745082788478948
6793,000-000-4056,2024-07-01,1,3.849503243612005
6793,000-000-4056,2024-08-01,1,3.6472228192519
6793,000-000-4056,2024-09-01,1,4.109416688877024
6793,000-000-4056,2024-10-01,1,3.9331385640359824
6793,000-000-4056,2024-11-01,1,3.9459428115519057
6793,000-000-4056,2024-12-01,1,3.7248923901293627
6793,000-000-6140,2024-07-01,1,3.0389046081487447
6793,000-000-6140,2024-08-01,1,2.9502802227375144
6793,000-000-6140,2024-09-01,1,3.086471145290704
6793,000-000-6140,2024-10-01,1,2.8348557155409284
6793,000-000-6140,2024-11-01,1,2.7853987723814844
6793,000-000-6140,2024-12-01,1,2.6899340244646885
6797,000-000-13177,2024-07-01,3,26.786130837148843
6797,000-000-13177,2024-08-01,3,24.155034312995802
6797,000-000-13177,2024-09-01,3,24.277332466457445
6797,000-000-13177,2024-10-01,3,23.65695173793941
6797,000-000-13177,2024-11-01,3,23.44677916998605
6797,000-000-13177,2024-12-01,3,22.242440988629774
6797,000-000-3870,2024-07-01,3,6.2931260197404315
6797,000-000-3870,2024-08-01,3,6.288043089475301
6797,000-000-3870,2024-09-01,3,6.38503652382893
6797,000-000-3870,2024-10-01,3,6.136335717246359
6797,000-000-3870,2024-11-01,3,5.8247031282862665
6797,000-000-3870,2024-12-01,3,5.624273308758774
6797,000-000-3871,2024-07-01,3,6.32496489187719
6797,000-000-3871,2024-08-01,3,6.021671407067652
6797,000-000-3871,2024-09-01,3,6.095833857273716
6797,000-000-3871,2024-10-01,3,5.871912324513108
6797,000-000-3871,2024-11-01,3,5.887665172656021
6797,000-000-3871,2024-12-01,3,5.714298548837288
6797,000-000-7754,2024-07-01,3,6.015972720805985
6797,000-000-7754,2024-08-01,3,6.0153404810571764
6797,000-000-7754,2024-09-01,3,6.113705452886656
6797,000-000-7754,2024-10-01,3,5.877646049103207
6797,000-000-7754,2024-11-01,3,5.869196375622705
6797,000-000-7754,2024-12-01,3,5.66038062717112
6805,000-000-3870,2024-07-01,1,5.931151356508124
6805,000-000-3870,2024-08-01,1,5.918381245736475
6805,000-000-3870,2024-09-01,1,5.992543695942539
6805,000-000-3870,2024-10-01,1,5.783912302348769
6805,000-000-3870,2024-11-01,1,5.760905627745341
6805,000-000-3870,2024-12-01,1,5.617942454532246
6822,000-000-10340,2024-07-01,1,3.279666449407705
6822,000-000-10340,2024-08-01,1,2.9677993559956346
6822,000-000-10340,2024-09-01,1,3.1505572028605324
6822,000-000-10340,2024-10-01,1,2.85278636988881
6822,000-000-10340,2024-11-01,1,2.949812200669957
6822,000-000-10340,2024-12-01,1,2.7236827842884863
6822,000-000-10342,2024-07-01,1,3.2822218890908155
6822,000-000-10342,2024-08-01,1,2.962361348469131
6822,000-000-10342,2024-09-01,1,3.115930931566614
6822,000-000-10342,2024-10-01,1,2.8162892668717805
6822,000-000-10342,2024-11-01,1,2.920956013804888
6822,000-000-10342,2024-12-01,1,2.696402775384254
6822,000-000-11283,2024-07-01,1,6.724734066605306
6822,000-000-11283,2024-08-01,1,6.640294828030305
6822,000-000-11283,2024-09-01,1,6.647203833278032
6822,000-000-11283,2024-10-01,1,6.5671177768399405
6822,000-000-11283,2024-11-01,1,6.020931461170612
6822,000-000-11283,2024-12-01,1,5.486146911236457
6822,000-000-11586,2024-07-01,1,5.168985079129778
6822,000-000-11586,2024-08-01,1,4.096755224525165
6822,000-000-11586,2024-09-01,1,4.564876766906636
6822,000-000-11586,2024-10-01,1,4.284891071992066
6822,000-000-11586,2024-11-01,1,4.368452366773472
6822,000-000-11586,2024-12-01,1,3.7109604498245914
6822,000-000-13358,2024-07-01,1,4.667426381232897
6822,000-000-13358,2024-08-01,1,4.8191767499440585
6822,000-000-13358,2024-09-01,1,4.724626147332793
6822,000-000-13358,2024-10-01,1,4.416581444279331
6822,000-000-13358,2024-11-01,1,4.614300582048536
6822,000-000-13358,2024-12-01,1,4.284301560606947
6822,000-000-4056,2024-07-01,1,5.630296347240662
6822,000-000-4056,2024-08-01,1,5.518963638888081
6822,000-000-4056,2024-09-01,1,5.647571697045146
6822,000-000-4056,2024-10-01,1,5.652052349771006
6822,000-000-4056,2024-11-01,1,5.5759306298187425
6822,000-000-4056,2024-12-01,1,5.40226642517735
6822,000-000-5312,2024-07-01,1,9.383780032325467
6822,000-000-5312,2024-08-01,1,9.263511104846787
6822,000-000-5312,2024-09-01,1,9.818753322234118
6822,000-000-5312,2024-10-01,1,9.658387959131323
6822,000-000-5312,2024-11-01,1,9.192532512587258
6822,000-000-5312,2024-12-01,1,8.097082255559757
6822,000-000-6072,2024-07-01,1,8.082506415681666
6822,000-000-6072,2024-08-01,1,6.9434925447741005
6822,000-000-6072,2024-09-01,1,7.085549038924254
6822,000-000-6072,2024-10-01,1,6.498679197391123
6822,000-000-6072,2024-11-01,1,5.775117814474612
6822,000-000-6072,2024-12-01,1,5.286290570716336
6822,000-000-6140,2024-07-01,1,8.75666147116667
6822,000-000-6140,2024-08-01,1,8.580839413458165
6822,000-000-6140,2024-09-01,1,8.282683985133291
6822,000-000-6140,2024-10-01,1,7.452464678250752
6822,000-000-6140,2024-11-01,1,7.013096032106169
6822,000-000-6140,2024-12-01,1,6.3725663499420575
6822,000-000-6596,2024-07-01,1,9.043715035731932
6822,000-000-6596,2024-08-01,1,8.663247166518394
6822,000-000-6596,2024-09-01,1,8.403800425085043
6822,000-000-6596,2024-10-01,1,7.110491314453045
6822,000-000-6596,2024-11-01,1,6.942355547894387
6822,000-000-6596,2024-12-01,1,6.329715835316567
6831,000-000-12490,2024-07-01,1,3.9303538757362877
6831,000-000-12490,2024-08-01,1,3.4682431627809787
6831,000-000-12490,2024-09-01,1,3.275968632964164
6831,000-000-12490,2024-10-01,1,2.762046930372384
6831,000-000-12490,2024-11-01,1,2.8138566116092245
6831,000-000-12490,2024-12-01,1,2.6426687274780307
6831,000-000-12496,2024-07-01,1,2.007355445836788
6831,000-000-12496,2024-08-01,1,2.00672320608798
6831,000-000-12496,2024-09-01,1,2.171487735874455
6831,000-000-12496,2024-10-01,1,1.9820993515325942
6831,000-000-12496,2024-11-01,1,1.9842969497677114
6831,000-000-12496,2024-12-01,1,1.8888322018509147
6831,000-000-12504,2024-07-01,1,2.5106991199527413
6831,000-000-12504,2024-08-01,1,2.6351082321840846
6831,000-000-12504,2024-09-01,1,2.366485156202913
6831,000-000-12504,2024-10-01,1,2.386783407720096
6831,000-000-12504,2024-11-01,1,2.0071551170051056
6831,000-000-12504,2024-12-01,1,1.91169036908831
6831,000-000-12963,2024-07-01,1,4.861771242954633
6831,000-000-12963,2024-08-01,1,5.427212062067394
6831,000-000-12963,2024-09-01,1,4.8437675288108935
6831,000-000-12963,2024-10-01,1,4.530103875697652
6831,000-000-12963,2024-11-01,1,4.502396535281774
6831,000-000-12963,2024-12-01,1,4.506654832701329
6831,000-000-13088,2024-07-01,1,2.103747035104497
6831,000-000-13088,2024-08-01,1,2.103747035104497
6831,000-000-13088,2024-09-01,1,2.176137208188599
6831,000-000-13088,2024-10-01,1,1.9888772261408783
6831,000-000-13088,2024-11-01,1,1.9910748243759955
6831,000-000-13088,2024-12-01,1,1.8956100764591988
6883,000-000-11283,2024-07-01,1,3.8984617075337833
6883,000-000-11283,2024-08-01,1,3.9030755474876675
6883,000-000-11283,2024-09-01,1,4.119874931465956
6883,000-000-11283,2024-10-01,1,3.916426363030323
6883,000-000-11283,2024-11-01,1,3.8736697969606886
6883,000-000-11283,2024-12-01,1,3.71883737529082
6883,000-000-3871,2024-07-01,1,5.899579862191771
6883,000-000-3871,2024-08-01,1,5.894496931926641
6883,000-000-3871,2024-09-01,1,5.968659382132705
6883,000-000-3871,2024-10-01,1,5.7262408267277785
6883,000-000-3871,2024-11-01,1,5.654416984964271
6883,000-000-3871,2024-12-01,1,5.582220836713585
6901,000-000-4053,2024-07-01,1,4.8336071200702175
6901,000-000-4053,2024-08-01,1,4.546603039300885
6901,000-000-4053,2024-09-01,1,5.026984909235564
6901,000-000-4053,2024-10-01,1,4.903923748260304
6901,000-000-4053,2024-11-01,1,5.0644423652612005
6901,000-000-4053,2024-12-01,1,4.874790681075451
6901,000-000-4056,2024-07-01,1,9.11431913878877
6901,000-000-4056,2024-08-01,1,9.58985708824343
6901,000-000-4056,2024-09-01,1,9.186717096216471
6901,000-000-4056,2024-10-01,1,7.992979050756823
6901,000-000-4056,2024-11-01,1,7.214154840884097
6901,000-000-4056,2024-12-01,1,6.91626595487015
6901,000-000-6140,2024-07-01,1,9.896234149253461
6901,000-000-6140,2024-08-01,1,11.615425007656363
6901,000-000-6140,2024-09-01,1,9.617906451031526
6901,000-000-6140,2024-10-01,1,9.641823861275414
6901,000-000-6140,2024-11-01,1,9.47698304575197
6901,000-000-6140,2024-12-01,1,8.98657800629145
6901,000-000-6596,2024-07-01,1,6.145553680434747
6901,000-000-6596,2024-08-01,1,6.20795754205117
6901,000-000-6596,2024-09-01,1,6.504337032012029
6901,000-000-6596,2024-10-01,1,6.158120270659188
6901,000-000-6596,2024-11-01,1,5.86048069039842
6901,000-000-6596,2024-12-01,1,5.531078849171852
6929,000-000-13612,2024-07-01,1,11.414310033137927
6929,000-000-13612,2024-08-01,1,10.80533667462114
6929,000-000-13612,2024-09-01,1,10.44780964757834
6929,000-000-13612,2024-10-01,1,10.138732945742818
6929,000-000-13612,2024-11-01,1,9.976766587361675
6929,000-000-13612,2024-12-01,1,9.549626479555196
6929,000-000-5312,2024-07-01,1,8.989740689819573
6929,000-000-5312,2024-08-01,1,8.473582106748866
6929,000-000-5312,2024-09-01,1,7.526135321472992
6929,000-000-5312,2024-10-01,1,7.232011982445748
6929,000-000-5312,2024-11-01,1,7.098722378882445
6929,000-000-5312,2024-12-01,1,6.365859864973273
6975,000-000-1009,2024-07-01,1,13.844131054011182
6975,000-000-1009,2024-08-01,1,13.968145992084157
6975,000-000-1009,2024-09-01,1,12.203669340546693
6975,000-000-1009,2024-10-01,1,11.736881817162878
6975,000-000-1009,2024-11-01,1,11.830152703560152
6975,000-000-1009,2024-12-01,1,11.502817182491775
6975,000-000-4056,2024-07-01,1,5.889810149727648
6975,000-000-4056,2024-08-01,1,6.511514926210508
6975,000-000-4056,2024-09-01,1,6.541217780098559
6975,000-000-4056,2024-10-01,1,6.332967972774856
6975,000-000-4056,2024-11-01,1,5.851435795335323
6975,000-000-4056,2024-12-01,1,5.470265602457827
6975,000-000-6140,2024-07-01,1,8.730708820009427
6975,000-000-6140,2024-08-01,1,8.328895015459414
6975,000-000-6140,2024-09-01,1,7.907107894562767
6975,000-000-6140,2024-10-01,1,7.622966376551785
6975,000-000-6140,2024-11-01,1,7.416212366145318
6975,000-000-6140,2024-12-01,1,7.040842703684847
7031,000-000-10340,2024-07-01,3,12.715931957071854
7031,000-000-10340,2024-08-01,3,13.395997531167579
7031,000-000-10340,2024-09-01,3,10.092116914861869
7031,000-000-10340,2024-10-01,3,9.110339058450672
7031,000-000-10340,2024-11-01,3,8.343948800850962
7031,000-000-10340,2024-12-01,3,7.216024516771771
7031,000-000-10341,2024-07-01,3,10.836338108425045
7031,000-000-10341,2024-08-01,3,11.414332704209741
7031,000-000-10341,2024-09-01,3,8.8370427683679
7031,000-000-10341,2024-10-01,3,8.424274215790293
7031,000-000-10341,2024-11-01,3,7.443955464216788
7031,000-000-10341,2024-12-01,3,7.0556731320770005
7031,000-000-11283,2024-07-01,3,11.430628647674688
7031,000-000-11283,2024-08-01,3,11.299415840845976
7031,000-000-11283,2024-09-01,3,10.94188881380318
7031,000-000-11283,2024-10-01,3,10.524828443161306
7031,000-000-11283,2024-11-01,3,10.445067459818317
7031,000-000-11283,2024-12-01,3,10.162300329398684
7031,000-000-11586,2024-07-01,3,11.483008983283517
7031,000-000-11586,2024-08-01,3,11.366428135713196
7031,000-000-11586,2024-09-01,3,8.866965074714686
7031,000-000-11586,2024-10-01,3,8.288387616524163
7031,000-000-11586,2024-11-01,3,7.250607129964671
7031,000-000-11586,2024-12-01,3,6.916515212676861
7031,000-000-13784,2024-07-01,3,3.0020163554759267
7031,000-000-13784,2024-08-01,3,3.057710108879346
7031,000-000-13784,2024-09-01,3,3.209194987480449
7031,000-000-13784,2024-10-01,3,3.0025668748955554
7031,000-000-13784,2024-11-01,3,2.901998670328188
7031,000-000-13784,2024-12-01,3,2.7976640602534997
7031,000-000-3313,2024-07-01,3,37.74609736723294
7031,000-000-3313,2024-08-01,3,37.80011602730645
7031,000-000-3313,2024-09-01,3,32.29704901974387
7031,000-000-3313,2024-10-01,3,31.426073663982915
7031,000-000-3313,2024-11-01,3,33.65574776350976
7031,000-000-3313,2024-12-01,3,32.755679554249646
7031,000-000-3465,2024-07-01,3,31.191290925085077
7031,000-000-3465,2024-08-01,3,30.056700235672892
7031,000-000-3465,2024-09-01,3,27.601193652689503
7031,000-000-3465,2024-10-01,3,26.081456950016907
7031,000-000-3465,2024-11-01,3,23.272693474118554
7031,000-000-3465,2024-12-01,3,22.08741901594871
7031,000-000-3466,2024-07-01,3,22.348434110085122
7031,000-000-3466,2024-08-01,3,20.996769814828664
7031,000-000-3466,2024-09-01,3,21.25332667378023
7031,000-000-3466,2024-10-01,3,19.528672811723766
7031,000-000-3466,2024-11-01,3,18.46795820275719
7031,000-000-3466,2024-12-01,3,17.47546473857621
7031,000-000-4053,2024-07-01,3,16.537537892772708
7031,000-000-4053,2024-08-01,3,17.398082057958767
7031,000-000-4053,2024-09-01,3,16.32549858503643
7031,000-000-4053,2024-10-01,3,15.697508600210057
7031,000-000-4053,2024-11-01,3,15.585217286019017
7031,000-000-4053,2024-12-01,3,15.40529086198077
7031,000-000-4056,2024-07-01,3,16.23373629173727
7031,000-000-4056,2024-08-01,3,16.258082985975086
7031,000-000-4056,2024-09-01,3,15.063911316353032
7031,000-000-4056,2024-10-01,3,14.781386763036064
7031,000-000-4056,2024-11-01,3,13.774607159638073
7031,000-000-4056,2024-12-01,3,12.212971720566994
7031,000-000-5312,2024-07-01,3,25.051619407135675
7031,000-000-5312,2024-08-01,3,22.854395349877233
7031,000-000-5312,2024-09-01,3,23.16713058360125
7031,000-000-5312,2024-10-01,3,21.619969138500437
7031,000-000-5312,2024-11-01,3,20.560190584725
7031,000-000-5312,2024-12-01,3,19.32667906894948
7031,000-000-6072,2024-07-01,3,8.285115366984732
7031,000-000-6072,2024-08-01,3,7.488616366738384
7031,000-000-6072,2024-09-01,3,7.250307490743159
7031,000-000-6072,2024-10-01,3,6.7009311029108485
7031,000-000-6072,2024-11-01,3,6.5956805642690295
7031,000-000-6072,2024-12-01,3,6.082311068600653
7031,000-000-6074,2024-07-01,3,5.919075002468751
7031,000-000-6074,2024-08-01,3,5.593034345115989
7031,000-000-6074,2024-09-01,3,6.245141023624882
7031,000-000-6074,2024-10-01,3,6.271628298497124
7031,000-000-6074,2024-11-01,3,5.725947416281381
7031,000-000-6074,2024-12-01,3,5.498992748515272
7031,000-000-6140,2024-07-01,3,10.022866209755653
7031,000-000-6140,2024-08-01,3,9.646968374532515
7031,000-000-6140,2024-09-01,3,9.342633853525784
7031,000-000-6140,2024-10-01,3,8.810397791597184
7031,000-000-6140,2024-11-01,3,8.808018923814478
7031,000-000-6140,2024-12-01,3,8.576337170975053
710,000-000-13612,2024-07-01,0,81.02152338303557
710,000-000-13612,2024-08-01,0,85.46786318831742
710,000-000-13612,2024-09-01,0,88.18852546345282
710,000-000-13612,2024-10-01,0,79.75186732388526
710,000-000-13612,2024-11-01,0,73.1145344846966
710,000-000-13612,2024-12-01,0,71.89982924111104
710,000-000-13784,2024-07-01,0,11.641511246344823
710,000-000-13784,2024-08-01,0,11.641511246344823
710,000-000-13784,2024-09-01,0,11.715673696550883
710,000-000-13784,2024-10-01,0,11.714628374568765
710,000-000-13784,2024-11-01,0,11.659221853259226
710,000-000-13784,2024-12-01,0,11.404382093605506
7132,000-000-6596,2024-07-01,1,9.33876260422357
7132,000-000-6596,2024-08-01,1,9.85679930505059
7132,000-000-6596,2024-09-01,1,8.872247803874783
7132,000-000-6596,2024-10-01,1,8.374978735275755
7132,000-000-6596,2024-11-01,1,7.617644515230367
7132,000-000-6596,2024-12-01,1,7.330269940396656
7201,000-000-10130,2024-07-01,3,15.52962193226712
7201,000-000-10130,2024-08-01,3,15.577371415994573
7201,000-000-10130,2024-09-01,3,13.609346696151317
7201,000-000-10130,2024-10-01,3,12.2019519455684
7201,000-000-10130,2024-11-01,3,11.187062625747075
7201,000-000-10130,2024-12-01,3,10.292433880769869
7201,000-000-10174,2024-07-01,3,5.909897437673722
7201,000-000-10174,2024-08-01,3,5.346121822675068
7201,000-000-10174,2024-09-01,3,5.285700982216866
7201,000-000-10174,2024-10-01,3,4.907185214793381
7201,000-000-10174,2024-11-01,3,4.806684850940009
7201,000-000-10174,2024-12-01,3,4.963087466996226
7201,000-000-11646,2024-07-01,3,15.325725174830616
7201,000-000-11646,2024-08-01,3,12.42236734786399
7201,000-000-11646,2024-09-01,3,12.528709141152742
7201,000-000-11646,2024-10-01,3,12.032731538441361
7201,000-000-11646,2024-11-01,3,11.911192218620034
7201,000-000-11646,2024-12-01,3,11.81848074012946
7201,000-000-12882,2024-07-01,3,158.70604381724874
7201,000-000-12882,2024-08-01,3,146.38936300929976
7201,000-000-12882,2024-09-01,3,144.82181029376295
7201,000-000-12882,2024-10-01,3,138.92606219490253
7201,000-000-12882,2024-11-01,3,138.80452287508112
7201,000-000-12882,2024-12-01,3,134.59347535901003
7201,000-000-13099,2024-07-01,3,322.2650341046005
7201,000-000-13099,2024-08-01,3,295.3518385468397
7201,000-000-13099,2024-09-01,3,294.36864515073495
7201,000-000-13099,2024-10-01,3,294.59989857590324
7201,000-000-13099,2024-11-01,3,294.47835925608194
7201,000-000-13099,2024-12-01,3,278.5943807007619
7201,000-000-13287,2024-07-01,3,157.82248480506752
7201,000-000-13287,2024-08-01,3,151.79308126510443
7201,000-000-13287,2024-09-01,3,151.4695007834568
7201,000-000-13287,2024-10-01,3,150.3284417983455
7201,000-000-13287,2024-11-01,3,151.3009202955817
7201,000-000-13287,2024-12-01,3,136.20361436448667
7201,000-000-13348,2024-07-01,3,3.624743562430498
7201,000-000-13348,2024-08-01,3,3.8876861667725815
7201,000-000-13348,2024-09-01,3,4.078645610086735
7201,000-000-13348,2024-10-01,3,3.8496448041712203
7201,000-000-13348,2024-11-01,3,3.9266054762595446
7201,000-000-13348,2024-12-01,3,3.774875210633342
7201,000-000-3176,2024-07-01,3,23.310998513461755
7201,000-000-3176,2024-08-01,3,20.37134927288091
7201,000-000-3176,2024-09-01,3,20.7578357347097
7201,000-000-3176,2024-10-01,3,19.8682122340821
7201,000-000-3176,2024-11-01,3,19.63317375302449
7201,000-000-3176,2024-12-01,3,19.008173662725582
7201,000-000-6020,2024-07-01,3,16.09193412921137
7201,000-000-6020,2024-08-01,3,16.178749135335103
7201,000-000-6020,2024-09-01,3,14.233845087269387
7201,000-000-6020,2024-10-01,3,12.8150468276407
7201,000-000-6020,2024-11-01,3,11.800157507819371
7201,000-000-6020,2024-12-01,3,11.37988480499195
7201,000-000-7198,2024-07-01,3,3.181768489376037
7201,000-000-7198,2024-08-01,3,3.158139305104658
7201,000-000-7198,2024-09-01,3,3.0424743681948754
7201,000-000-7198,2024-10-01,3,2.8236613700869744
7201,000-000-7198,2024-11-01,3,2.8258589683220925
7201,000-000-7198,2024-12-01,3,2.703869372166681
7201,000-000-9341,2024-07-01,3,7.4228299546251915
7201,000-000-9341,2024-08-01,3,6.018640153704242
7201,000-000-9341,2024-09-01,3,6.207975303171103
7201,000-000-9341,2024-10-01,3,6.077461556582196
7201,000-000-9341,2024-11-01,3,5.833655876626094
7201,000-000-9341,2024-12-01,3,5.275138813286164
7201,000-000-9419,2024-07-01,3,5.165597661140119
7201,000-000-9419,2024-08-01,3,5.309563037678759
7201,000-000-9419,2024-09-01,3,5.167242898785666
7201,000-000-9419,2024-10-01,3,4.8229676028943445
7201,000-000-9419,2024-11-01,3,5.216542238894899
7201,000-000-9419,2024-12-01,3,5.044257855965462
7305,000-000-12625,2024-07-01,3,31.776620200131955
7305,000-000-12625,2024-08-01,3,28.579540858015854
7305,000-000-12625,2024-09-01,3,30.271215654711195
7305,000-000-12625,2024-10-01,3,27.677141312679225
7305,000-000-12625,2024-11-01,3,25.684484493724614
7305,000-000-12625,2024-12-01,3,23.35714328982961
7305,000-000-4303,2024-07-01,3,35.10747661225589
7305,000-000-4303,2024-08-01,3,42.322952467931806
7305,000-000-4303,2024-09-01,3,35.871500200999975
7305,000-000-4303,2024-10-01,3,32.234881886789196
7305,000-000-4303,2024-11-01,3,31.594089658783524
7305,000-000-4303,2024-12-01,3,32.87203625683024
7305,000-000-6140,2024-07-01,3,25.345882190865716
7305,000-000-6140,2024-08-01,3,23.175760912610215
7305,000-000-6140,2024-09-01,3,23.187995433838744
7305,000-000-6140,2024-10-01,3,21.60753337148615
7305,000-000-6140,2024-11-01,3,20.533854877549977
7305,000-000-6140,2024-12-01,3,19.347543919186975
7305,000-000-6596,2024-07-01,3,23.294244082449094
7305,000-000-6596,2024-08-01,3,20.799378773375096
7305,000-000-6596,2024-09-01,3,21.30738117747569
7305,000-000-6596,2024-10-01,3,20.543916400855306
7305,000-000-6596,2024-11-01,3,20.45455642411667
7305,000-000-6596,2024-12-01,3,19.287476768254745
7341,000-000-12490,2024-07-01,1,10.047487311481706
7341,000-000-12490,2024-08-01,1,8.440011241658121
7341,000-000-12490,2024-09-01,1,7.797374229400208
7341,000-000-12490,2024-10-01,1,7.5399117277455545
7341,000-000-12490,2024-11-01,1,7.792611182442934
7341,000-000-12490,2024-12-01,1,6.834559692237285
7341,000-000-12963,2024-07-01,1,7.819006110794126
7341,000-000-12963,2024-08-01,1,7.579147758602963
7341,000-000-12963,2024-09-01,1,7.728276991926949
7341,000-000-12963,2024-10-01,1,7.561135968055214
7341,000-000-12963,2024-11-01,1,6.974513142539735
7341,000-000-12963,2024-12-01,1,6.572971537169792
7350,000-000-3113,2024-07-01,2,282.27745356063934
7350,000-000-3113,2024-08-01,2,270.8771742135562
7350,000-000-3113,2024-09-01,2,273.9196704434142
7350,000-000-3113,2024-10-01,2,277.0543617938265
7350,000-000-3113,2024-11-01,2,272.98731884161714
7350,000-000-3113,2024-12-01,2,255.81918201970177
7443,000-000-10057,2024-07-01,2,20.920326386672087
7443,000-000-10057,2024-08-01,2,19.905606847894788
7443,000-000-10057,2024-09-01,2,17.87806814842947
7443,000-000-10057,2024-10-01,2,17.4008089448726
7443,000-000-10057,2024-11-01,2,15.30753402392794
7443,000-000-10057,2024-12-01,2,11.997760919004364
7443,000-000-11554,2024-07-01,2,16.147210131417854
7443,000-000-11554,2024-08-01,2,14.088110281502466
7443,000-000-11554,2024-09-01,2,14.974891892563768
7443,000-000-11554,2024-10-01,2,11.816901831124067
7443,000-000-11554,2024-11-01,2,11.69536251130274
7443,000-000-11554,2024-12-01,2,11.322403642209828
7521,000-000-11646,2024-07-01,2,13.135192322484688
7521,000-000-11646,2024-08-01,2,12.223426844462544
7521,000-000-11646,2024-09-01,2,12.297589294668608
7521,000-000-11646,2024-10-01,2,11.86421566485858
7521,000-000-11646,2024-11-01,2,11.789634066237877
7521,000-000-11646,2024-12-01,2,11.931665960870493
7521,000-000-13889,2024-07-01,2,6.129917760181658
7521,000-000-13889,2024-08-01,2,5.695611042552137
7521,000-000-13889,2024-09-01,2,6.0065912235887176
7521,000-000-13889,2024-10-01,2,5.764172668183791
7521,000-000-13889,2024-11-01,2,5.716963471956948
7521,000-000-13889,2024-12-01,2,5.501923041983332
7521,000-000-3176,2024-07-01,2,18.309333484572807
7521,000-000-3176,2024-08-01,2,16.52538088667764
7521,000-000-3176,2024-09-01,2,16.77618345683381
7521,000-000-3176,2024-10-01,2,16.280606950869185
7521,000-000-3176,2024-11-01,2,15.676615881031964
7521,000-000-3176,2024-12-01,2,15.246794461164704
7521,000-000-4013,2024-07-01,2,50.745690882204585
7521,000-000-4013,2024-08-01,2,51.21314141115642
7521,000-000-4013,2024-09-01,2,52.37964934820075
7521,000-000-4013,2024-10-01,2,51.55639375783077
7521,000-000-4013,2024-11-01,2,51.446796821669246
7521,000-000-4013,2024-12-01,2,50.75505231819958
7521,000-000-6020,2024-07-01,2,12.204457685208833
7521,000-000-6020,2024-08-01,2,12.204457685208833
7521,000-000-6020,2024-09-01,2,12.622821053939742
7521,000-000-6020,2024-10-01,2,12.232037978939253
7521,000-000-6020,2024-11-01,2,12.122441042777737
7521,000-000-6020,2024-12-01,2,11.793790263690095
7524,000-000-10057,2024-07-01,4,15.327499643985835
7524,000-000-10057,2024-08-01,4,12.372993314682802
7524,000-000-10057,2024-09-01,4,12.498304267225269
7524,000-000-10057,2024-10-01,4,11.320840623253321
7524,000-000-10057,2024-11-01,4,10.627595617061742
7524,000-000-10057,2024-12-01,4,10.027955680143412
7524,000-000-10129,2024-07-01,4,16.28249964398578
7524,000-000-10129,2024-08-01,4,13.456221548776785
7524,000-000-10129,2024-09-01,4,13.39874360668281
7524,000-000-10129,2024-10-01,4,12.009416003971428
7524,000-000-10129,2024-11-01,4,11.199301303431994
7524,000-000-10129,2024-12-01,4,10.382857707528975
7524,000-000-10130,2024-07-01,4,15.334588983443375
7524,000-000-10130,2024-08-01,4,12.344960888100136
7524,000-000-10130,2024-09-01,4,12.451302681388889
7524,000-000-10130,2024-10-01,4,11.980260538588276
7524,000-000-10130,2024-11-01,4,11.8878766841501
7524,000-000-10130,2024-12-01,4,11.842122926860153
7524,000-000-10204,2024-07-01,4,17.579144364221687
7524,000-000-10204,2024-08-01,4,17.149526705200795
7524,000-000-10204,2024-09-01,4,16.381578754882543
7524,000-000-10204,2024-10-01,4,15.865592697699338
7524,000-000-10204,2024-11-01,4,15.67534163273572
7524,000-000-10204,2024-12-01,4,15.28485051330603
7524,000-000-10885,2024-07-01,4,96.68918220581412
7524,000-000-10885,2024-08-01,4,86.24069371214283
7524,000-000-10885,2024-09-01,4,86.46098507772162
7524,000-000-10885,2024-10-01,4,79.83684072773839
7524,000-000-10885,2024-11-01,4,80.68763682901732
7524,000-000-10885,2024-12-01,4,79.69255105071741
7524,000-000-11645,2024-07-01,4,12.535176527819868
7524,000-000-11645,2024-08-01,4,11.761134997335311
7524,000-000-11645,2024-09-01,4,11.799743235386515
7524,000-000-11645,2024-10-01,4,11.818961986392413
7524,000-000-11645,2024-11-01,4,11.709365050230897
7524,000-000-11645,2024-12-01,4,11.567540022411794
7524,000-000-11646,2024-07-01,4,30.51112387782341
7524,000-000-11646,2024-08-01,4,29.74126535731043
7524,000-000-11646,2024-09-01,4,27.770456737694737
7524,000-000-11646,2024-10-01,4,26.531725966460996
7524,000-000-11646,2024-11-01,4,23.313128612224062
7524,000-000-11646,2024-12-01,4,22.1047334822767
7524,000-000-11803,2024-07-01,4,24.73415659133918
7524,000-000-11803,2024-08-01,4,24.610502835608955
7524,000-000-11803,2024-09-01,4,24.553111627182368
7524,000-000-11803,2024-10-01,4,23.996056871646307
7524,000-000-11803,2024-11-01,4,23.953868729173067
7524,000-000-11803,2024-12-01,4,23.968283324589283
7524,000-000-11809,2024-07-01,4,24.492752047760796
7524,000-000-11809,2024-08-01,4,24.390767694660198
7524,000-000-11809,2024-09-01,4,24.454984424651045
7524,000-000-11809,2024-10-01,4,23.888944768499204
7524,000-000-11809,2024-11-01,4,23.951063523911525
7524,000-000-11809,2024-12-01,4,23.625217950085435
7524,000-000-11828,2024-07-01,4,136.95224556081024
7524,000-000-11828,2024-08-01,4,137.08304161541025
7524,000-000-11828,2024-09-01,4,138.213912475393
7524,000-000-11828,2024-10-01,4,137.39727862893776
7524,000-000-11828,2024-11-01,4,137.47576630267042
7524,000-000-11828,2024-12-01,4,135.79849909283212
7524,000-000-11878,2024-07-01,4,136.88236616693484
7524,000-000-11878,2024-08-01,4,136.88236616693484
7524,000-000-11878,2024-09-01,4,139.06369816930209
7524,000-000-11878,2024-10-01,4,139.33161356521725
7524,000-000-11878,2024-11-01,4,135.31172423274566
7524,000-000-11878,2024-12-01,4,133.69454040044886
7524,000-000-13348,2024-07-01,4,6.377015173081476
7524,000-000-13348,2024-08-01,4,6.171810719867219
7524,000-000-13348,2024-09-01,4,5.871780346411256
7524,000-000-13348,2024-10-01,4,5.702304421601648
7524,000-000-13348,2024-11-01,4,5.838058714809161
7524,000-000-13348,2024-12-01,4,5.6285129632654805
7524,000-000-1693,2024-07-01,4,12.075537199579635
7524,000-000-1693,2024-08-01,4,12.070454269314506
7524,000-000-1693,2024-09-01,4,12.14461671952057
7524,000-000-1693,2024-10-01,4,11.766532067300151
7524,000-000-1693,2024-11-01,4,11.656935131138635
7524,000-000-1693,2024-12-01,4,11.554881419746984
7524,000-000-1999,2024-07-01,4,13.255834079555957
7524,000-000-1999,2024-08-01,4,13.274803238809668
7524,000-000-1999,2024-09-01,4,13.423698607775123
7524,000-000-1999,2024-10-01,4,13.374970037404108
7524,000-000-1999,2024-11-01,4,12.19894973599584
7524,000-000-1999,2024-12-01,4,11.98186879544425
7524,000-000-2001,2024-07-01,4,12.401021145241696
7524,000-000-2001,2024-08-01,4,12.401021145241696
7524,000-000-2001,2024-09-01,4,12.47518359544776
7524,000-000-2001,2024-10-01,4,12.026519826470889
7524,000-000-2001,2024-11-01,4,12.307865876167554
7524,000-000-2001,2024-12-01,4,11.436408948468557
7524,000-000-2170,2024-07-01,4,12.166475547237724
7524,000-000-2170,2024-08-01,4,12.181488980115166
7524,000-000-2170,2024-09-01,4,12.25565143032123
7524,000-000-2170,2024-10-01,4,11.87756677810081
7524,000-000-2170,2024-11-01,4,11.822160256791271
7524,000-000-2170,2024-12-01,4,11.626119521516387
7524,000-000-2528,2024-07-01,4,52.180279015441286
7524,000-000-2528,2024-08-01,4,53.26585436507469
7524,000-000-2528,2024-09-01,4,53.4439021017086
7524,000-000-2528,2024-10-01,4,52.61779968056618
7524,000-000-2528,2024-11-01,4,52.638449536429555
7524,000-000-2528,2024-12-01,4,51.839428031049586
7524,000-000-3176,2024-07-01,4,31.544638646417425
7524,000-000-3176,2024-08-01,4,30.58995541567429
7524,000-000-3176,2024-09-01,4,35.05433426324391
7524,000-000-3176,2024-10-01,4,34.22404309439304
7524,000-000-3176,2024-11-01,4,34.98317700962775
7524,000-000-3176,2024-12-01,4,31.880185321476304
7524,000-000-4013,2024-07-01,4,99.01303830755279
7524,000-000-4013,2024-08-01,4,89.67718107300523
7524,000-000-4013,2024-09-01,4,94.74795055410904
7524,000-000-4013,2024-10-01,4,88.38290362428711
7524,000-000-4013,2024-11-01,4,93.91327731793389
7524,000-000-4013,2024-12-01,4,87.32940743545764
7524,000-000-6020,2024-07-01,4,19.259761876742104
7524,000-000-6020,2024-08-01,4,19.1586570186472
7524,000-000-6020,2024-09-01,4,19.220607533680333
7524,000-000-6020,2024-10-01,4,16.83725349451581
7524,000-000-6020,2024-11-01,4,15.804256531117552
7524,000-000-6020,2024-12-01,4,15.384537509521724
7524,000-000-7198,2024-07-01,4,3.795132971665758
7524,000-000-7198,2024-08-01,4,3.889506665204394
7524,000-000-7198,2024-09-01,4,4.011932355644047
7524,000-000-7198,2024-10-01,4,3.8220825290514155
7524,000-000-7198,2024-11-01,4,3.8395745931457017
7524,000-000-7198,2024-12-01,4,3.660577135390923
7524,000-000-9341,2024-07-01,4,6.050773337608976
7524,000-000-9341,2024-08-01,4,5.130123892720858
7524,000-000-9341,2024-09-01,4,5.461178347525024
7524,000-000-9341,2024-10-01,4,4.920960517914461
7524,000-000-9341,2024-11-01,4,4.821912406711691
7524,000-000-9341,2024-12-01,4,4.9525633903425135
7524,000-000-9419,2024-07-01,4,5.979530719985568
7524,000-000-9419,2024-08-01,4,6.391894669448015
7524,000-000-9419,2024-09-01,4,6.2979342278802655
7524,000-000-9419,2024-10-01,4,5.940814752258296
7524,000-000-9419,2024-11-01,4,5.971062582589854
7524,000-000-9419,2024-12-01,4,5.9630720000597925
7543,000-000-1009,2024-07-01,3,17.291755603415787
7543,000-000-1009,2024-08-01,3,17.021042126989226
7543,000-000-1009,2024-09-01,3,16.244686737869966
7543,000-000-1009,2024-10-01,3,17.590494897662907
7543,000-000-1009,2024-11-01,3,15.587592660895723
7543,000-000-1009,2024-12-01,3,15.31041392035138
7543,000-000-11283,2024-07-01,3,10.608103782072698
7543,000-000-11283,2024-08-01,3,9.931396256315496
7543,000-000-11283,2024-09-01,3,10.066376282611428
7543,000-000-11283,2024-10-01,3,9.75079457163257
7543,000-000-11283,2024-11-01,3,9.707616958462859
7543,000-000-11283,2024-12-01,3,9.444703848087615
7543,000-000-13324,2024-07-01,3,3.0864217811710275
7543,000-000-13324,2024-08-01,3,3.0864217811710275
7543,000-000-13324,2024-09-01,3,3.191945845018456
7543,000-000-13324,2024-10-01,3,2.9569519728268223
7543,000-000-13324,2024-11-01,3,2.9591495710619387
7543,000-000-13324,2024-12-01,3,2.8464606306816047
7543,000-000-13340,2024-07-01,3,7.409560389608133
7543,000-000-13340,2024-08-01,3,7.000686059199261
7543,000-000-13340,2024-09-01,3,6.915810729893561
7543,000-000-13340,2024-10-01,3,6.653557211695295
7543,000-000-13340,2024-11-01,3,6.621427523122623
7543,000-000-13340,2024-12-01,3,6.4143087849562175
7543,000-000-13358,2024-07-01,3,11.232526845091584
7543,000-000-13358,2024-08-01,3,10.560861653291832
7543,000-000-13358,2024-09-01,3,10.193359972376046
7543,000-000-13358,2024-10-01,3,9.832035621006332
7543,000-000-13358,2024-11-01,3,9.89353093383764
7543,000-000-13358,2024-12-01,3,9.570023335901618
7543,000-000-13359,2024-07-01,3,9.752682655342461
7543,000-000-13359,2024-08-01,3,10.598837497086649
7543,000-000-13359,2024-09-01,3,9.954787318007847
7543,000-000-13359,2024-10-01,3,9.430269306655477
7543,000-000-13359,2024-11-01,3,9.09109397426777
7543,000-000-13359,2024-12-01,3,9.374111332860798
7543,000-000-13360,2024-07-01,3,5.326192884719939
7543,000-000-13360,2024-08-01,3,5.969662191200156
7543,000-000-13360,2024-09-01,3,5.493644149406476
7543,000-000-13360,2024-10-01,3,5.114406478473555
7543,000-000-13360,2024-11-01,3,4.831523685514295
7543,000-000-13360,2024-12-01,3,4.56037342542602
7543,000-000-3465,2024-07-01,3,12.27951264101873
7543,000-000-3465,2024-08-01,3,12.32998325319183
7543,000-000-3465,2024-09-01,3,11.641710834843362
7543,000-000-3465,2024-10-01,3,11.327889420726411
7543,000-000-3465,2024-11-01,3,10.673704207989443
7543,000-000-3465,2024-12-01,3,10.262179465840278
7543,000-000-3466,2024-07-01,3,10.687978105348748
7543,000-000-3466,2024-08-01,3,10.550801722695661
7543,000-000-3466,2024-09-01,3,10.552239672872778
7543,000-000-3466,2024-10-01,3,10.185007394402232
7543,000-000-3466,2024-11-01,3,10.031696910147785
7543,000-000-3466,2024-12-01,3,9.731776132216462
7543,000-000-4056,2024-07-01,3,5.8151399311096785
7543,000-000-4056,2024-08-01,3,5.999656675026493
7543,000-000-4056,2024-09-01,3,6.073819125232557
7543,000-000-4056,2024-10-01,3,5.87881011619737
7543,000-000-4056,2024-11-01,3,5.831600919970528
7543,000-000-4056,2024-12-01,3,5.649878224011095
7543,000-000-5312,2024-07-01,3,13.70455608815414
7543,000-000-5312,2024-08-01,3,11.921791802495544
7543,000-000-5312,2024-09-01,3,11.588461306040344
7543,000-000-5312,2024-10-01,3,11.24845507362506
7543,000-000-5312,2024-11-01,3,10.52433875209381
7543,000-000-5312,2024-12-01,3,9.978987872666076
7543,000-000-6072,2024-07-01,3,5.383579478941661
7543,000-000-6072,2024-08-01,3,5.370809368170011
7543,000-000-6072,2024-09-01,3,5.464442623154227
7543,000-000-6072,2024-10-01,3,5.287610462548594
7543,000-000-6072,2024-11-01,3,5.2404012663217525
7543,000-000-6072,2024-12-01,3,5.058678570362318
7543,000-000-6140,2024-07-01,3,12.165736796791752
7543,000-000-6140,2024-08-01,3,12.142792551669206
7543,000-000-6140,2024-09-01,3,11.323605001875272
7543,000-000-6140,2024-10-01,3,10.315672047232779
7543,000-000-6140,2024-11-01,3,9.782485045545679
7543,000-000-6140,2024-12-01,3,9.429615726188525
7543,000-000-6596,2024-07-01,3,12.184346188526636
7543,000-000-6596,2024-08-01,3,12.142792551669206
7543,000-000-6596,2024-09-01,3,11.323605001875272
7543,000-000-6596,2024-10-01,3,10.332063937459539
7543,000-000-6596,2024-11-01,3,10.00619754554568
7543,000-000-6596,2024-12-01,3,9.657362443299197
7543,000-000-7463,2024-07-01,3,8.21000950899395
7543,000-000-7463,2024-08-01,3,7.089127155785986
7543,000-000-7463,2024-09-01,3,7.267220967452811
7543,000-000-7463,2024-10-01,3,6.641910040262392
7543,000-000-7463,2024-11-01,3,6.393975682384326
7543,000-000-7463,2024-12-01,3,5.674754202546886
7554,000-000-12450,2024-07-01,3,7.444516491167166
7554,000-000-12450,2024-08-01,3,6.778234027641547
7554,000-000-12450,2024-09-01,3,6.850818045439304
7554,000-000-12450,2024-10-01,3,6.328685958134292
7554,000-000-12450,2024-11-01,3,5.847153780694759
7554,000-000-12450,2024-12-01,3,5.4217498288609836
7554,000-000-13348,2024-07-01,3,8.654377701313733
7554,000-000-13348,2024-08-01,3,8.447200805294363
7554,000-000-13348,2024-09-01,3,7.694087654222365
7554,000-000-13348,2024-10-01,3,7.5208977515353865
7554,000-000-13348,2024-11-01,3,7.506877004944878
7554,000-000-13348,2024-12-01,3,7.25548630627598
7554,000-000-1732,2024-07-01,3,4.554449759025651
7554,000-000-1732,2024-08-01,3,4.657808610441416
7554,000-000-1732,2024-09-01,3,5.033340305129518
7554,000-000-1732,2024-10-01,3,4.7879411893930985
7554,000-000-1732,2024-11-01,3,4.461058412938836
7554,000-000-1732,2024-12-01,3,4.642726104050848
7554,000-000-1999,2024-07-01,3,15.52962193226712
7554,000-000-1999,2024-08-01,3,15.597467779137148
7554,000-000-1999,2024-09-01,3,13.609346696151317
7554,000-000-1999,2024-10-01,3,12.257602520865824
7554,000-000-1999,2024-11-01,3,11.296903615896476
7554,000-000-1999,2024-12-01,3,10.402274870919276
7554,000-000-3176,2024-07-01,3,25.81101083871385
7554,000-000-3176,2024-08-01,3,26.05501665974885
7554,000-000-3176,2024-09-01,3,24.251938564806522
7554,000-000-3176,2024-10-01,3,23.78902735408785
7554,000-000-3176,2024-11-01,3,23.657542314051312
7554,000-000-3176,2024-12-01,3,23.23292164066251
7554,000-000-5044,2024-07-01,3,4.575616200678821
7554,000-000-5044,2024-08-01,3,4.170457316904782
7554,000-000-5044,2024-09-01,3,4.665413781583364
7554,000-000-5044,2024-10-01,3,4.431552094042166
7554,000-000-5044,2024-11-01,3,4.485359368960632
7554,000-000-5044,2024-12-01,3,3.7147507614248094
7554,000-000-9419,2024-07-01,3,5.826415501248993
7554,000-000-9419,2024-08-01,3,5.339401760909393
7554,000-000-9419,2024-09-01,3,5.648620972581453
7554,000-000-9419,2024-10-01,3,5.260066225414866
7554,000-000-9419,2024-11-01,3,5.033183341128435
7554,000-000-9419,2024-12-01,3,4.883993936297401
7629,000-000-11913,2024-07-01,3,42.222656666907
7629,000-000-11913,2024-08-01,3,39.501767517885426
7629,000-000-11913,2024-09-01,3,41.65590489667436
7629,000-000-11913,2024-10-01,3,41.19819886882442
7629,000-000-11913,2024-11-01,3,41.15298480342703
7629,000-000-11913,2024-12-01,3,40.50645855174059
7629,000-000-3312,2024-07-01,3,4.203383137044403
7629,000-000-3312,2024-08-01,3,4.006238162571638
7629,000-000-3312,2024-09-01,3,4.475889236753957
7629,000-000-3312,2024-10-01,3,3.9295098013034404
7629,000-000-3312,2024-11-01,3,3.9973782645771654
7629,000-000-3312,2024-12-01,3,3.840221170609324
7629,000-000-3313,2024-07-01,3,11.266484258875911
7629,000-000-3313,2024-08-01,3,10.381399304715027
7629,000-000-3313,2024-09-01,3,10.578783192627382
7629,000-000-3313,2024-10-01,3,10.354352434078882
7629,000-000-3313,2024-11-01,3,9.993706848477236
7629,000-000-3313,2024-12-01,3,9.776286295304912
7634,000-000-12976,2024-07-01,5,34.22899188500739
7634,000-000-12976,2024-08-01,5,32.48230911019218
7634,000-000-12976,2024-09-01,5,34.827342820221524
7634,000-000-12976,2024-10-01,5,33.33021061735576
7634,000-000-12976,2024-11-01,5,39.14129101930658
7634,000-000-12976,2024-12-01,5,35.986191742847964
7634,000-000-6140,2024-07-01,5,12.560247314465357
7634,000-000-6140,2024-08-01,5,11.648481836443217
7634,000-000-6140,2024-09-01,5,11.742740649791852
7634,000-000-6140,2024-10-01,5,11.373909844770132
7634,000-000-6140,2024-11-01,5,10.686697872321856
7634,000-000-6140,2024-12-01,5,9.96773686535082
763,000-000-13162,2024-07-01,2,19.084463609727575
763,000-000-13162,2024-08-01,2,20.011357970762365
763,000-000-13162,2024-09-01,2,18.9380266962042
763,000-000-13162,2024-10-01,2,17.858561152229193
763,000-000-13162,2024-11-01,2,15.69129037583231
763,000-000-13162,2024-12-01,2,15.273242241008585
7672,000-000-6020,2024-07-01,1,21.838877311564666
7672,000-000-6020,2024-08-01,1,21.060350386252843
7672,000-000-6020,2024-09-01,1,20.187871376821285
7672,000-000-6020,2024-10-01,1,18.597069794200305
7672,000-000-6020,2024-11-01,1,18.376986408174314
7672,000-000-6020,2024-12-01,1,16.061196869510628
7672,000-000-9419,2024-07-01,1,6.255946686055469
7672,000-000-9419,2024-08-01,1,5.169217715008108
7672,000-000-9419,2024-09-01,1,5.466412104593816
7672,000-000-9419,2024-10-01,1,4.989819891450669
7672,000-000-9419,2024-11-01,1,4.561589708532805
7672,000-000-9419,2024-12-01,1,4.7921668652748295
7678,000-000-6020,2024-07-01,2,12.11104615800593
7678,000-000-6020,2024-08-01,2,11.663199606437978
7678,000-000-6020,2024-09-01,2,11.916716044363795
7678,000-000-6020,2024-10-01,2,11.553921531310216
7678,000-000-6020,2024-11-01,2,11.464420958291274
7678,000-000-6020,2024-12-01,2,10.692285452393522
7698,000-000-13216,2024-07-01,0,14.177148676820579
7698,000-000-13216,2024-08-01,0,14.285163557110298
7698,000-000-13216,2024-09-01,0,14.359326007316362
7698,000-000-13216,2024-10-01,0,13.951697343671555
7698,000-000-13216,2024-11-01,0,13.916542829786156
7698,000-000-13216,2024-12-01,0,11.886826261137372
7806,000-000-6020,2024-07-01,5,13.377911549134481
7806,000-000-6020,2024-08-01,5,12.49832541419503
7806,000-000-6020,2024-09-01,5,12.57248786440109
7806,000-000-6020,2024-10-01,5,12.12346798289034
7806,000-000-6020,2024-11-01,5,12.049242496803522
7806,000-000-6020,2024-12-01,5,11.425586815833839
788,000-000-3092,2024-07-01,2,158.3140939777901
788,000-000-3092,2024-08-01,2,156.26139333649934
788,000-000-3092,2024-09-01,2,151.1598882155341
788,000-000-3092,2024-10-01,2,143.8947033871783
788,000-000-3092,2024-11-01,2,138.0860454144858
788,000-000-3092,2024-12-01,2,132.42714780664755
8035,000-000-10173,2024-07-01,3,4.564014218434625
8035,000-000-10173,2024-08-01,3,4.727560026846699
8035,000-000-10173,2024-09-01,3,5.33904059607302
8035,000-000-10173,2024-10-01,3,5.016100445955586
8035,000-000-10173,2024-11-01,3,5.049425084958871
8035,000-000-10173,2024-12-01,3,4.850218792111836
8035,000-000-10174,2024-07-01,3,3.977381239155721
8035,000-000-10174,2024-08-01,3,3.9646111283840715
8035,000-000-10174,2024-09-01,3,4.087036818823725
8035,000-000-10174,2024-10-01,3,3.863115286063121
8035,000-000-10174,2024-11-01,3,3.9243303492329775
8035,000-000-10174,2024-12-01,3,3.7794045976461796
8035,000-000-1732,2024-07-01,3,3.0177049589048717
8035,000-000-1732,2024-08-01,3,2.881388873996769
8035,000-000-1732,2024-09-01,3,2.996858580872147
8035,000-000-1732,2024-10-01,3,2.842576617592242
8035,000-000-1732,2024-11-01,3,2.871272029258782
8035,000-000-1732,2024-12-01,3,2.7865854166837347
8035,000-000-3176,2024-07-01,3,22.02454753657961
8035,000-000-3176,2024-08-01,3,17.119724058436102
8035,000-000-3176,2024-09-01,3,19.389916890329154
8035,000-000-3176,2024-10-01,3,18.670859602764484
8035,000-000-3176,2024-11-01,3,17.396232604048
8035,000-000-3176,2024-12-01,3,14.395893923574675
8035,000-000-3750,2024-07-01,3,5.05134910493881
8035,000-000-3750,2024-08-01,3,4.724398145641047
8035,000-000-3750,2024-09-01,3,5.124583615061264
8035,000-000-3750,2024-10-01,3,4.952445153108007
8035,000-000-3750,2024-11-01,3,5.157287572093761
8035,000-000-3750,2024-12-01,3,4.935827676983029
8035,000-000-6020,2024-07-01,3,16.38110595901901
8035,000-000-6020,2024-08-01,3,14.247279736168547
8035,000-000-6020,2024-09-01,3,14.340959895326328
8035,000-000-6020,2024-10-01,3,12.959996578324056
8035,000-000-6020,2024-11-01,3,12.838457258502729
8035,000-000-6020,2024-12-01,3,12.65041043569068
8035,000-000-7198,2024-07-01,3,3.012528968346223
8035,000-000-7198,2024-08-01,3,2.8762128834381193
8035,000-000-7198,2024-09-01,3,3.0345721927098928
8035,000-000-7198,2024-10-01,3,2.842326267465243
8035,000-000-7198,2024-11-01,3,2.811048492971939
8035,000-000-7198,2024-12-01,3,2.7263618803968916
8035,000-000-8721,2024-07-01,3,13.262749630324357
8035,000-000-8721,2024-08-01,3,13.241748731213974
8035,000-000-8721,2024-09-01,3,12.404145703397894
8035,000-000-8721,2024-10-01,3,11.908168100686513
8035,000-000-8721,2024-11-01,3,11.833942614599696
8035,000-000-8721,2024-12-01,3,11.541890871332413
8035,000-000-9341,2024-07-01,3,8.025629355186856
8035,000-000-9341,2024-08-01,3,8.376973305551418
8035,000-000-9341,2024-09-01,3,7.731624068257461
8035,000-000-9341,2024-10-01,3,8.193427061185721
8035,000-000-9341,2024-11-01,3,7.372515762606876
8035,000-000-9341,2024-12-01,3,7.071142147783333
8035,000-000-9419,2024-07-01,3,8.520328300999992
8035,000-000-9419,2024-08-01,3,9.420907742356786
8035,000-000-9419,2024-09-01,3,8.85596877896591
8035,000-000-9419,2024-10-01,3,8.136329242745491
8035,000-000-9419,2024-11-01,3,7.590377724672761
8035,000-000-9419,2024-12-01,3,7.351274522831321
8120,000-000-3870,2024-07-01,1,9.862066312711555
8120,000-000-3870,2024-08-01,1,10.27836467564951
8120,000-000-3870,2024-09-01,1,9.93498685563476
8120,000-000-3870,2024-10-01,1,9.943661581318791
8120,000-000-3870,2024-11-01,1,9.566132995546239
8120,000-000-3870,2024-12-01,1,9.010628247499634
8120,000-000-3871,2024-07-01,1,5.9419329730349215
8120,000-000-3871,2024-08-01,1,5.936850042769791
8120,000-000-3871,2024-09-01,1,6.011012492975855
8120,000-000-3871,2024-10-01,1,5.802381099382085
8120,000-000-3871,2024-11-01,1,5.755171903155244
8120,000-000-3871,2024-12-01,1,5.548487545322326
8120,000-000-6140,2024-07-01,1,4.295632587544652
8120,000-000-6140,2024-08-01,1,4.523388344473066
8120,000-000-6140,2024-09-01,1,4.282414328270486
8120,000-000-6140,2024-10-01,1,4.10056867810162
8120,000-000-6140,2024-11-01,1,3.8164840179151027
8120,000-000-6140,2024-12-01,1,4.073009427126866
8142,000-000-11661,2024-07-01,1,44.64278381585813
8142,000-000-11661,2024-08-01,1,45.825553910485134
8142,000-000-11661,2024-09-01,1,36.595765093567614
8142,000-000-11661,2024-10-01,1,34.217288968895815
8142,000-000-11661,2024-11-01,1,33.84837080283426
8142,000-000-11661,2024-12-01,1,32.885002303058585
8177,000-000-13358,2024-07-01,1,6.352201403303972
8177,000-000-13358,2024-08-01,1,5.768508221095054
8177,000-000-13358,2024-09-01,1,5.841092238892811
8177,000-000-13358,2024-10-01,1,5.371850310061321
8177,000-000-13358,2024-11-01,1,4.900326529160115
8177,000-000-13358,2024-12-01,1,4.677942922028457
8177,000-000-13360,2024-07-01,1,3.858198025513689
8177,000-000-13360,2024-08-01,1,4.212907415066388
8177,000-000-13360,2024-09-01,1,3.6072052117426883
8177,000-000-13360,2024-10-01,1,3.4402425797265948
8177,000-000-13360,2024-11-01,1,3.13801923505614
8177,000-000-13360,2024-12-01,1,2.696477493659423
8177,000-000-13612,2024-07-01,1,103.29073618951497
8177,000-000-13612,2024-08-01,1,106.62441602835169
8177,000-000-13612,2024-09-01,1,103.10040498730558
8177,000-000-13612,2024-10-01,1,102.28959270532998
8177,000-000-13612,2024-11-01,1,102.16805338550868
8177,000-000-13612,2024-12-01,1,99.41076321637433
8177,000-000-13890,2024-07-01,1,6.000014140992169
8177,000-000-13890,2024-08-01,1,5.895867330660222
8177,000-000-13890,2024-09-01,1,5.968659382132705
8177,000-000-13890,2024-10-01,1,5.772805330066772
8177,000-000-13890,2024-11-01,1,5.720030270552353
8177,000-000-13890,2024-12-01,1,5.504989840578736
8177,000-000-3313,2024-07-01,1,26.232895219308887
8177,000-000-3313,2024-08-01,1,23.895895756425787
8177,000-000-3313,2024-09-01,1,23.879470675373284
8177,000-000-3313,2024-10-01,1,23.25439364374255
8177,000-000-3313,2024-11-01,1,22.746872535626867
8177,000-000-3313,2024-12-01,1,21.122259697829225
8177,000-000-6140,2024-07-01,1,6.0439193356021175
8177,000-000-6140,2024-08-01,1,5.09881808821045
8177,000-000-6140,2024-09-01,1,5.830833625974731
8177,000-000-6140,2024-10-01,1,5.432902378490859
8177,000-000-6140,2024-11-01,1,5.011587992543966
8177,000-000-6140,2024-12-01,1,4.650560104637666
8224,000-000-3312,2024-07-01,1,21.561537949113298
8224,000-000-3312,2024-08-01,1,19.845272987002993
8224,000-000-3312,2024-09-01,1,18.994927099491562
8224,000-000-3312,2024-10-01,1,18.376571551790036
8224,000-000-3312,2024-11-01,1,15.65093273388882
8224,000-000-3312,2024-12-01,1,16.053566515127503
8246,000-000-13546,2024-07-01,1,5.081943461291896
8246,000-000-13546,2024-08-01,1,4.712551781984726
8246,000-000-13546,2024-09-01,1,5.361885467266787
8246,000-000-13546,2024-10-01,1,5.001911320188044
8246,000-000-13546,2024-11-01,1,5.098673109071935
8246,000-000-13546,2024-12-01,1,4.844959296784372
8246,000-000-13890,2024-07-01,1,4.231035439796598
8246,000-000-13890,2024-08-01,1,4.176414951295216
8246,000-000-13890,2024-09-01,1,4.318431838247587
8246,000-000-13890,2024-10-01,1,4.076013282842659
8246,000-000-13890,2024-11-01,1,4.040823888762333
8246,000-000-13890,2024-12-01,1,3.838592311958702
8246,000-000-6140,2024-07-01,1,8.04159450160326
8246,000-000-6140,2024-08-01,1,6.876819684179644
8246,000-000-6140,2024-09-01,1,7.227655351038785
8246,000-000-6140,2024-10-01,1,6.827047294900033
8246,000-000-6140,2024-11-01,1,6.6703362941589015
8246,000-000-6140,2024-12-01,1,6.305565436265937
8248,000-000-13358,2024-07-01,1,7.836129173891747
8248,000-000-13358,2024-08-01,1,8.141088179043761
8248,000-000-13358,2024-09-01,1,8.956828953736835
8248,000-000-13358,2024-10-01,1,8.978647284419067
8248,000-000-13358,2024-11-01,1,9.066179222233929
8248,000-000-13358,2024-12-01,1,8.606043449659955
8248,000-000-6140,2024-07-01,1,10.844374031683154
8248,000-000-6140,2024-08-01,1,9.698887100607573
8248,000-000-6140,2024-09-01,1,10.364268321545378
8248,000-000-6140,2024-10-01,1,10.010662482376334
8248,000-000-6140,2024-11-01,1,9.783005752845648
8248,000-000-6140,2024-12-01,1,8.837355064252774
8248,000-000-7049,2024-07-01,1,57.41794174485271
8248,000-000-7049,2024-08-01,1,51.68440591279672
8248,000-000-7049,2024-09-01,1,44.41486324916791
8248,000-000-7049,2024-10-01,1,48.82959449023018
8248,000-000-7049,2024-11-01,1,44.393797796272636
8248,000-000-7049,2024-12-01,1,47.7760983014007
8257,000-000-10129,2024-07-01,4,12.186571910380295
8257,000-000-10129,2024-08-01,4,12.181488980115166
8257,000-000-10129,2024-09-01,4,12.25565143032123
8257,000-000-10129,2024-10-01,4,11.949038437585912
8257,000-000-10129,2024-11-01,4,11.90182924135907
8257,000-000-10129,2024-12-01,4,11.720106545399624
8257,000-000-10130,2024-07-01,4,19.31159158140261
8257,000-000-10130,2024-08-01,4,18.50837443603646
8257,000-000-10130,2024-09-01,4,16.474221162254565
8257,000-000-10130,2024-10-01,4,15.090725186616037
8257,000-000-10130,2024-11-01,4,13.992518348334961
8257,000-000-10130,2024-12-01,4,12.807116605067677
8257,000-000-10173,2024-07-01,4,7.8233639681986045
8257,000-000-10173,2024-08-01,4,7.859401285715274
8257,000-000-10173,2024-09-01,4,7.598281598549822
8257,000-000-10173,2024-10-01,4,7.541006334989773
8257,000-000-10173,2024-11-01,4,7.516832307258459
8257,000-000-10173,2024-12-01,4,7.196114362529329
8257,000-000-10174,2024-07-01,4,9.173923569335567
8257,000-000-10174,2024-08-01,4,9.129417927457363
8257,000-000-10174,2024-09-01,4,9.203580377663426
8257,000-000-10174,2024-10-01,4,9.181992755880698
8257,000-000-10174,2024-11-01,4,8.446029797964071
8257,000-000-10174,2024-12-01,4,7.352444663575829
8257,000-000-11784,2024-07-01,4,374.9319331697645
8257,000-000-11784,2024-08-01,4,344.8496622594344
8257,000-000-11784,2024-09-01,4,314.05278154695264
8257,000-000-11784,2024-10-01,4,301.8216513940906
8257,000-000-11784,2024-11-01,4,293.9390441814953
8257,000-000-11784,2024-12-01,4,282.0291096745888
8257,000-000-12334,2024-07-01,4,21.398635208748264
8257,000-000-12334,2024-08-01,4,22.36097168150278
8257,000-000-12334,2024-09-01,4,21.425853754254167
8257,000-000-12334,2024-10-01,4,20.781772697217377
8257,000-000-12334,2024-11-01,4,18.542734352678746
8257,000-000-12334,2024-12-01,4,20.089331263121675
8257,000-000-12842,2024-07-01,4,95.2182420558324
8257,000-000-12842,2024-08-01,4,80.29386701324204
8257,000-000-12842,2024-09-01,4,80.11953550986678
8257,000-000-12842,2024-10-01,4,72.87216758483437
8257,000-000-12842,2024-11-01,4,73.56932416119129
8257,000-000-12842,2024-12-01,4,72.41850655232693
8257,000-000-12882,2024-07-01,4,215.92294049138275
8257,000-000-12882,2024-08-01,4,214.59723977465222
8257,000-000-12882,2024-09-01,4,223.61268378879885
8257,000-000-12882,2024-10-01,4,232.15208817184393
8257,000-000-12882,2024-11-01,4,232.5619831383377
8257,000-000-12882,2024-12-01,4,231.63002626932953
8257,000-000-13099,2024-07-01,4,511.09428677394897
8257,000-000-13099,2024-08-01,4,489.78410255880834
8257,000-000-13099,2024-09-01,4,491.81078284295353
8257,000-000-13099,2024-10-01,4,504.8816659585971
8257,000-000-13099,2024-11-01,4,504.76012663877583
8257,000-000-13099,2024-12-01,4,460.27642447801685
8257,000-000-13348,2024-07-01,4,3.5978185323547645
8257,000-000-13348,2024-08-01,4,4.015504490311736
8257,000-000-13348,2024-09-01,4,4.1379301807513915
8257,000-000-13348,2024-10-01,4,4.023198583918271
8257,000-000-13348,2024-11-01,4,4.020236278833165
8257,000-000-13348,2024-12-01,4,3.8615563361936256
8257,000-000-13889,2024-07-01,4,9.836562913322643
8257,000-000-13889,2024-08-01,4,9.891952011982132
8257,000-000-13889,2024-09-01,4,9.782196605977182
8257,000-000-13889,2024-10-01,4,9.539199573139276
8257,000-000-13889,2024-11-01,4,9.333976749948016
8257,000-000-13889,2024-12-01,4,8.73750038322517
8257,000-000-1999,2024-07-01,4,11.819739789043705
8257,000-000-1999,2024-08-01,4,12.181488980115166
8257,000-000-1999,2024-09-01,4,12.25565143032123
8257,000-000-1999,2024-10-01,4,11.87756677810081
8257,000-000-1999,2024-11-01,4,11.822160256791271
8257,000-000-1999,2024-12-01,4,11.621730437263771
8257,000-000-2001,2024-07-01,4,12.157019637508359
8257,000-000-2001,2024-08-01,4,12.17023498869657
8257,000-000-2001,2024-09-01,4,12.156674397317431
8257,000-000-2001,2024-10-01,4,11.838003726785246
8257,000-000-2001,2024-11-01,4,11.736604115706427
8257,000-000-2001,2024-12-01,4,11.561970759204524
8257,000-000-2170,2024-07-01,4,11.799643425901134
8257,000-000-2170,2024-08-01,4,11.819739789043705
8257,000-000-2170,2024-09-01,4,12.25565143032123
8257,000-000-2170,2024-10-01,4,11.87756677810081
8257,000-000-2170,2024-11-01,4,11.822160256791271
8257,000-000-2170,2024-12-01,4,11.621730437263771
8257,000-000-3176,2024-07-01,4,40.90446631335029
8257,000-000-3176,2024-08-01,4,36.07627353029725
8257,000-000-3176,2024-09-01,4,38.241223860748214
8257,000-000-3176,2024-10-01,4,36.91852317405402
8257,000-000-3176,2024-11-01,4,36.4936202566782
8257,000-000-3176,2024-12-01,4,36.2622331711377
8257,000-000-3612,2024-07-01,4,35.77975373178391
8257,000-000-3612,2024-08-01,4,25.522167770159587
8257,000-000-3612,2024-09-01,4,28.882668187122444
8257,000-000-3612,2024-10-01,4,25.876165816464912
8257,000-000-3612,2024-11-01,4,23.319814728154427
8257,000-000-3612,2024-12-01,4,22.654342032170486
8257,000-000-3750,2024-07-01,4,5.928919872782286
8257,000-000-3750,2024-08-01,4,5.904259284486484
8257,000-000-3750,2024-09-01,4,6.165685558805157
8257,000-000-3750,2024-10-01,4,5.952542161386299
8257,000-000-3750,2024-11-01,4,5.851142550307481
8257,000-000-3750,2024-12-01,4,5.650712730779988
8257,000-000-3777,2024-07-01,4,5.996873056464793
8257,000-000-3777,2024-08-01,4,6.035154559016021
8257,000-000-3777,2024-09-01,4,6.142022324349263
8257,000-000-3777,2024-10-01,4,5.927111071715842
8257,000-000-3777,2024-11-01,4,5.879901875488999
8257,000-000-3777,2024-12-01,4,5.70104495904477
8257,000-000-4013,2024-07-01,4,100.80517421997567
8257,000-000-4013,2024-08-01,4,89.10794912684888
8257,000-000-4013,2024-09-01,4,109.74256022772055
8257,000-000-4013,2024-10-01,4,111.67252048066062
8257,000-000-4013,2024-11-01,4,108.70965505384589
8257,000-000-4013,2024-12-01,4,100.60828110932827
8257,000-000-6020,2024-07-01,4,14.69370622128196
8257,000-000-6020,2024-08-01,4,14.492967869124506
8257,000-000-6020,2024-09-01,4,14.551346439676397
8257,000-000-6020,2024-10-01,4,14.013212497618014
8257,000-000-6020,2024-11-01,4,14.023728176746069
8257,000-000-6020,2024-12-01,4,11.993874284218279
8257,000-000-8722,2024-07-01,4,12.348005935403283
8257,000-000-8722,2024-08-01,4,12.69220685392813
8257,000-000-8722,2024-09-01,4,12.00987604619625
8257,000-000-8722,2024-10-01,4,11.670299822541658
8257,000-000-8722,2024-11-01,4,11.656935131138635
8257,000-000-8722,2024-12-01,4,11.456505311611132
8257,000-000-9341,2024-07-01,4,5.676326046405807
8257,000-000-9341,2024-08-01,4,5.03352027272185
8257,000-000-9341,2024-09-01,4,5.475788957971146
8257,000-000-9341,2024-10-01,4,5.0030854275547565
8257,000-000-9341,2024-11-01,4,4.856388243540694
8257,000-000-9341,2024-12-01,4,5.027723097499154
8257,000-000-9419,2024-07-01,4,5.847505040695593
8257,000-000-9419,2024-08-01,4,5.333654646016056
8257,000-000-9419,2024-09-01,4,5.774412871595272
8257,000-000-9419,2024-10-01,4,5.454522972906478
8257,000-000-9419,2024-11-01,4,5.275546130655842
8257,000-000-9419,2024-12-01,4,5.046346811528306
8257,000-000-9919,2024-07-01,4,10.43047623992109
8257,000-000-9919,2024-08-01,4,10.660448004438887
8257,000-000-9919,2024-09-01,4,10.202462779042607
8257,000-000-9919,2024-10-01,4,10.31481608932039
8257,000-000-9919,2024-11-01,4,10.26967706349121
8257,000-000-9919,2024-12-01,4,9.350393943400812
8582,000-000-10173,2024-07-01,1,4.587803164912554
8582,000-000-10173,2024-08-01,1,4.29299376157601
8582,000-000-10173,2024-09-01,1,4.65603719449812
8582,000-000-10173,2024-10-01,1,4.516861911122513
8582,000-000-10173,2024-11-01,1,4.858886917081001
8582,000-000-10173,2024-12-01,1,4.417540340269868
8666,000-000-11283,2024-07-01,1,5.4580259690795785
8666,000-000-11283,2024-08-01,1,4.468075238181143
8666,000-000-11283,2024-09-01,1,4.689649013527426
8666,000-000-11283,2024-10-01,1,4.439303990554642
8666,000-000-11283,2024-11-01,1,4.499607344266257
8666,000-000-11283,2024-12-01,1,4.211989759071017
8666,000-000-13890,2024-07-01,1,5.817449852014185
8666,000-000-13890,2024-08-01,1,5.828227987355936
8666,000-000-13890,2024-09-01,1,5.943881267693092
8666,000-000-13890,2024-10-01,1,5.699949902936602
8666,000-000-13890,2024-11-01,1,5.652740706709761
8666,000-000-13890,2024-12-01,1,5.471769476149058
8666,000-000-3313,2024-07-01,1,12.242411620096487
8666,000-000-3313,2024-08-01,1,12.215113988394588
8666,000-000-3313,2024-09-01,1,11.382523993990848
8666,000-000-3313,2024-10-01,1,10.512302539201352
8666,000-000-3313,2024-11-01,1,9.967271067213856
8666,000-000-3313,2024-12-01,1,9.631555395368393
8666,000-000-3870,2024-07-01,1,6.148540657215106
8666,000-000-3870,2024-08-01,1,6.135770546443457
8666,000-000-3870,2024-09-01,1,6.070116350758415
8666,000-000-3870,2024-10-01,1,5.861484957164645
8666,000-000-3870,2024-11-01,1,5.814275760937804
8666,000-000-3870,2024-12-01,1,5.617942454532246
8666,000-000-5312,2024-07-01,1,10.601424827790344
8666,000-000-5312,2024-08-01,1,10.110813952595715
8666,000-000-5312,2024-09-01,1,9.587217970834049
8666,000-000-5312,2024-10-01,1,8.512016037821416
8666,000-000-5312,2024-11-01,1,8.849262812628767
8666,000-000-5312,2024-12-01,1,8.667297022228523
8666,000-000-6973,2024-07-01,1,2.531571672290077
8666,000-000-6973,2024-08-01,1,2.7070651455639596
8666,000-000-6973,2024-09-01,1,2.829490836003614
8666,000-000-6973,2024-10-01,1,2.633007976485175
8666,000-000-6973,2024-11-01,1,2.6338351759867122
8666,000-000-6973,2024-12-01,1,2.544149398240864
871,000-000-3313,2024-07-01,1,8.938765381302822
871,000-000-3313,2024-08-01,1,6.781777720624065
871,000-000-3313,2024-09-01,1,7.295918439426097
871,000-000-3313,2024-10-01,1,6.688377952328569
871,000-000-3313,2024-11-01,1,6.504331283422551
871,000-000-3313,2024-12-01,1,5.998348966200339
901,000-000-10057,2024-07-01,1,16.01393882455912
901,000-000-10057,2024-08-01,1,16.081784671429155
901,000-000-10057,2024-09-01,1,14.113759951585916
901,000-000-10057,2024-10-01,1,12.710251831124069
901,000-000-10057,2024-11-01,1,11.742320232503367
901,000-000-10057,2024-12-01,1,11.450268489236084
901,000-000-10174,2024-07-01,1,3.5936657237342815
901,000-000-10174,2024-08-01,1,3.543141895060766
901,000-000-10174,2024-09-01,1,3.885964709123489
901,000-000-10174,2024-10-01,1,3.8774651069565675
901,000-000-10174,2024-11-01,1,3.8091082761495385
901,000-000-10174,2024-12-01,1,3.509877200453045
901,000-000-7198,2024-07-01,1,2.0880468620903136
901,000-000-7198,2024-08-01,1,2.0880468620903136
901,000-000-7198,2024-09-01,1,2.164183343021666
901,000-000-7198,2024-10-01,1,1.976923360973945
901,000-000-7198,2024-11-01,1,1.9735224171851782
901,000-000-7198,2024-12-01,1,1.8780576692683815
9093,000-000-1009,2024-07-01,4,24.325045881083945
9093,000-000-1009,2024-08-01,4,24.338261232272146
9093,000-000-1009,2024-09-01,4,24.603900447119493
9093,000-000-1009,2024-10-01,4,24.259602956710225
9093,000-000-1009,2024-11-01,4,24.15000602054871
9093,000-000-1009,2024-12-01,4,23.968283324589283
9093,000-000-11664,2024-07-01,4,10.147993711269931
9093,000-000-11664,2024-08-01,4,10.106032712209885
9093,000-000-11664,2024-09-01,4,9.873994455244832
9093,000-000-11664,2024-10-01,4,9.757441825048693
9093,000-000-11664,2024-11-01,4,9.65604221396987
9093,000-000-11664,2024-12-01,4,9.218539448159222
9093,000-000-12625,2024-07-01,4,25.332077866249787
9093,000-000-12625,2024-08-01,4,25.27454177372379
9093,000-000-12625,2024-09-01,4,24.45691478918127
9093,000-000-12625,2024-10-01,4,23.770708668846584
9093,000-000-12625,2024-11-01,4,23.528175849549196
9093,000-000-12625,2024-12-01,4,23.171896469641975
9093,000-000-13181,2024-07-01,4,23.866416396836183
9093,000-000-13181,2024-08-01,4,22.00848238554428
9093,000-000-13181,2024-09-01,4,22.379665601727467
9093,000-000-13181,2024-10-01,4,20.809836146571538
9093,000-000-13181,2024-11-01,4,20.68829682675022
9093,000-000-13181,2024-12-01,4,19.29451127913028
9093,000-000-13323,2024-07-01,4,6.601555818796561
9093,000-000-13323,2024-08-01,4,6.9767151932384435
9093,000-000-13323,2024-09-01,4,7.304800013752678
9093,000-000-13323,2024-10-01,4,7.018771358149155
9093,000-000-13323,2024-11-01,4,6.773576564584973
9093,000-000-13323,2024-12-01,4,6.5466218968188645
9093,000-000-13324,2024-07-01,4,8.887281536990924
9093,000-000-13324,2024-08-01,4,8.549885049411309
9093,000-000-13324,2024-09-01,4,9.606364760860293
9093,000-000-13324,2024-10-01,4,9.47776468524892
9093,000-000-13324,2024-11-01,4,8.950326453080992
9093,000-000-13324,2024-12-01,4,9.037461890486897
9093,000-000-13325,2024-07-01,4,6.656880231551076
9093,000-000-13325,2024-08-01,4,7.000434473249741
9093,000-000-13325,2024-09-01,4,6.820153339086096
9093,000-000-13325,2024-10-01,4,6.580044100446687
9093,000-000-13325,2024-11-01,4,6.76009034371852
9093,000-000-13325,2024-12-01,4,6.5610434751412186
9093,000-000-13340,2024-07-01,4,33.53113610453308
9093,000-000-13340,2024-08-01,4,33.49972975188784
9093,000-000-13340,2024-09-01,4,33.84641356008564
9093,000-000-13340,2024-10-01,4,32.820074172426914
9093,000-000-13340,2024-11-01,4,33.1998312793756
9093,000-000-13340,2024-12-01,4,32.55509710309745
9093,000-000-13349,2024-07-01,4,24.26618727760537
9093,000-000-13349,2024-08-01,4,24.224062214307466
9093,000-000-13349,2024-09-01,4,24.298224664513533
9093,000-000-13349,2024-10-01,4,23.84920478300276
9093,000-000-13349,2024-11-01,4,24.055696960967715
9093,000-000-13349,2024-12-01,4,23.816593759126278
9093,000-000-13364,2024-07-01,4,21.06776753490391
9093,000-000-13364,2024-08-01,4,21.057821814688698
9093,000-000-13364,2024-09-01,4,21.319421897674047
9093,000-000-13364,2024-10-01,4,20.00438432486339
9093,000-000-13364,2024-11-01,4,19.894787388701882
9093,000-000-13364,2024-12-01,4,19.426403547463007
9093,000-000-13609,2024-07-01,4,7.700179870721933
9093,000-000-13609,2024-08-01,4,7.700126570598392
9093,000-000-13609,2024-09-01,4,7.169906315580027
9093,000-000-13609,2024-10-01,4,7.095016545608122
9093,000-000-13609,2024-11-01,4,6.70325856549089
9093,000-000-13609,2024-12-01,4,6.369519071622722
9093,000-000-13612,2024-07-01,4,60.482007070978774
9093,000-000-13612,2024-08-01,4,44.84147099475734
9093,000-000-13612,2024-09-01,4,48.09646220840241
9093,000-000-13612,2024-10-01,4,42.16380017758497
9093,000-000-13612,2024-11-01,4,41.99738792314509
9093,000-000-13612,2024-12-01,4,41.236235454058104
9093,000-000-3465,2024-07-01,4,25.107746252442197
9093,000-000-3465,2024-08-01,4,27.007918457033973
9093,000-000-3465,2024-09-01,4,28.156457849579777
9093,000-000-3465,2024-10-01,4,30.815870051444456
9093,000-000-3465,2024-11-01,4,31.409713847454647
9093,000-000-3465,2024-12-01,4,27.215505864799326
9093,000-000-3466,2024-07-01,4,20.003272075130244
9093,000-000-3466,2024-08-01,4,20.28562023189721
9093,000-000-3466,2024-09-01,4,20.384912251787487
9093,000-000-3466,2024-10-01,4,19.95986987836643
9093,000-000-3466,2024-11-01,4,19.850272942204914
9093,000-000-3466,2024-12-01,4,19.64984312267742
9093,000-000-6140,2024-07-01,4,9.818555442731165
9093,000-000-6140,2024-08-01,4,10.776435084289192
9093,000-000-6140,2024-09-01,4,10.429941875658244
9093,000-000-6140,2024-10-01,4,10.125645137632725
9093,000-000-6140,2024-11-01,4,9.260825507182522
9093,000-000-6140,2024-12-01,4,8.71914497789088
9093,000-000-6973,2024-07-01,4,2.894828352246615
9093,000-000-6973,2024-08-01,4,2.8913688755693587
9093,000-000-6973,2024-09-01,4,3.1297789417362494
9093,000-000-6973,2024-10-01,4,2.9543455533959215
9093,000-000-6973,2024-11-01,4,2.9080550072107605
9093,000-000-6973,2024-12-01,4,2.8316675907817674
9093,000-000-7049,2024-07-01,4,72.19311531114482
9093,000-000-7049,2024-08-01,4,63.97423469091447
9093,000-000-7049,2024-09-01,4,68.97220989559642
9093,000-000-7049,2024-10-01,4,66.57187508837218
9093,000-000-7049,2024-11-01,4,66.71012702898875
9093,000-000-7049,2024-12-01,4,65.59823534329271
9093,000-000-7167,2024-07-01,4,3.0318587539348063
9093,000-000-7167,2024-08-01,4,3.019088643163158
9093,000-000-7167,2024-09-01,4,3.167742903700995
9093,000-000-7167,2024-10-01,4,2.9543455533959215
9093,000-000-7167,2024-11-01,4,2.9565431516310396
9093,000-000-7167,2024-12-01,4,2.8316675907817674
9155,000-000-11283,2024-07-01,3,4.1492748032501865
9155,000-000-11283,2024-08-01,3,4.1492748032501865
9155,000-000-11283,2024-09-01,3,4.310561712902604
9155,000-000-11283,2024-10-01,3,4.086640180141995
9155,000-000-11283,2024-11-01,3,4.104855160888322
9155,000-000-11283,2024-12-01,3,3.9271017612275485
9155,000-000-13342,2024-07-01,3,20.068983135000448
9155,000-000-13342,2024-08-01,3,19.951779080523334
9155,000-000-13342,2024-09-01,3,20.025941530729394
9155,000-000-13342,2024-10-01,3,19.53349036362006
9155,000-000-13342,2024-11-01,3,19.706408671776177
9155,000-000-13342,2024-12-01,3,19.592629049503508
9155,000-000-3465,2024-07-01,3,20.1748147824888
9155,000-000-3465,2024-08-01,3,20.188030133677014
9155,000-000-3465,2024-09-01,3,20.26219258388308
9155,000-000-3465,2024-10-01,3,19.85611936971573
9155,000-000-3465,2024-11-01,3,19.831988583320662
9155,000-000-3465,2024-12-01,3,19.66534592560434
9155,000-000-3870,2024-07-01,3,6.524166236768985
9155,000-000-3870,2024-08-01,3,6.6692865514264605
9155,000-000-3870,2024-09-01,3,6.683401502276141
9155,000-000-3870,2024-10-01,3,6.459479969515531
9155,000-000-3870,2024-11-01,3,5.977947792075998
9155,000-000-3870,2024-12-01,3,5.585999463856757
9155,000-000-5312,2024-07-01,3,9.784043980237998
9155,000-000-5312,2024-08-01,3,9.897148868621573
9155,000-000-5312,2024-09-01,3,10.270141847384815
9155,000-000-5312,2024-10-01,3,9.475862473860863
9155,000-000-5312,2024-11-01,3,8.77764234234524
9155,000-000-5312,2024-12-01,3,8.16333149097384
9155,000-000-6074,2024-07-01,3,10.264562827605342
9155,000-000-6074,2024-08-01,3,9.793285770183532
9155,000-000-6074,2024-09-01,3,9.626954335584058
9155,000-000-6074,2024-10-01,3,9.711235256209386
9155,000-000-6074,2024-11-01,3,9.701637865861978
9155,000-000-6074,2024-12-01,3,9.570568976634563
9155,000-000-6140,2024-07-01,3,6.43107844042718
9155,000-000-6140,2024-08-01,3,6.394730795343776
9155,000-000-6140,2024-09-01,3,5.791150509538065
9155,000-000-6140,2024-10-01,3,5.549357603395524
9155,000-000-6140,2024-11-01,3,5.543646246079675
9155,000-000-6140,2024-12-01,3,5.31222436310302
9158,000-000-3313,2024-07-01,1,18.372886930916874
9158,000-000-3313,2024-08-01,1,19.79692515039113
9158,000-000-3313,2024-09-01,1,19.40191616638297
9158,000-000-3313,2024-10-01,1,19.223941737720246
9158,000-000-3313,2024-11-01,1,16.43286923064086
9158,000-000-3313,2024-12-01,1,15.260974092874086
9158,000-000-4053,2024-07-01,1,5.234619243391716
9158,000-000-4053,2024-08-01,1,4.759065252408867
9158,000-000-4053,2024-09-01,1,5.217137281395953
9158,000-000-4053,2024-10-01,1,5.10685346194853
9158,000-000-4053,2024-11-01,1,5.089214627419176
9158,000-000-4053,2024-12-01,1,4.848338024224786
9158,000-000-4056,2024-07-01,1,13.489680146482529
9158,000-000-4056,2024-08-01,1,13.844413786058348
9158,000-000-4056,2024-09-01,1,10.771889487716589
9158,000-000-4056,2024-10-01,1,9.8145816665227
9158,000-000-4056,2024-11-01,1,9.316782928234405
9158,000-000-4056,2024-12-01,1,8.790622360385372
9158,000-000-7049,2024-07-01,1,6.951120660185251
9158,000-000-7049,2024-08-01,1,7.576336668233387
9158,000-000-7049,2024-09-01,1,7.935436216635945
9158,000-000-7049,2024-10-01,1,7.852549221843264
9158,000-000-7049,2024-11-01,1,8.022971859162622
9158,000-000-7049,2024-12-01,1,7.183204764121867
9158,000-000-7167,2024-07-01,1,3.3367178623381304
9158,000-000-7167,2024-08-01,1,3.1292849077468587
9158,000-000-7167,2024-09-01,1,2.930436355063493
9158,000-000-7167,2024-10-01,1,2.7325418988353483
9158,000-000-7167,2024-11-01,1,2.738842895744028
9158,000-000-7167,2024-12-01,1,2.6071513588911697
9521,000-000-12489,2024-07-01,1,5.056198591247094
9521,000-000-12489,2024-08-01,1,4.04186733472865
9521,000-000-12489,2024-09-01,1,4.472208082580012
9521,000-000-12489,2024-10-01,1,3.9425598551839607
9521,000-000-12489,2024-11-01,1,3.989123831514329
9521,000-000-12489,2024-12-01,1,3.766870932796411
9521,000-000-12490,2024-07-01,1,5.27061460975159
9521,000-000-12490,2024-08-01,1,4.240602497987288
9521,000-000-12490,2024-09-01,1,4.442632313264699
9521,000-000-12490,2024-10-01,1,3.949012583488622
9521,000-000-12490,2024-11-01,1,3.880149300641768
9521,000-000-12490,2024-12-01,1,3.7244406948298763
9521,000-000-3871,2024-07-01,1,5.918374014980287
9521,000-000-3871,2024-08-01,1,5.918381245736475
9521,000-000-3871,2024-09-01,1,5.992543695942539
9521,000-000-3871,2024-10-01,1,5.783912302348769
9521,000-000-3871,2024-11-01,1,5.736703106121928
9521,000-000-3871,2024-12-01,1,5.617942454532246
9521,000-000-5312,2024-07-01,1,3.220807965304816
9521,000-000-5312,2024-08-01,1,3.1483533716484975
9521,000-000-5312,2024-09-01,1,3.270779062088152
9521,000-000-5312,2024-10-01,1,3.115323329986372
9521,000-000-5312,2024-11-01,1,3.090815830350945
9521,000-000-5312,2024-12-01,1,2.7562036625631205
9521,000-000-6140,2024-07-01,1,5.06163796774473
9521,000-000-6140,2024-08-01,1,4.489016224224709
9521,000-000-6140,2024-09-01,1,4.589964417855674
9521,000-000-6140,2024-10-01,1,4.4418344133410645
9521,000-000-6140,2024-11-01,1,4.495641688259532
9521,000-000-6140,2024-12-01,1,4.144406984151702
9521,000-000-6596,2024-07-01,1,3.2277864954888194
9521,000-000-6596,2024-08-01,1,3.0067525750886888
9521,000-000-6596,2024-09-01,1,3.1268510436384678
9521,000-000-6596,2024-10-01,1,2.956569080675893
9521,000-000-6596,2024-11-01,1,2.908211900081603
9521,000-000-6596,2024-12-01,1,2.8127471521648073
9521,000-000-6973,2024-07-01,1,2.6147836580986445
9521,000-000-6973,2024-08-01,1,2.7649221893370926
9521,000-000-6973,2024-09-01,1,2.887347879776747
9521,000-000-6973,2024-10-01,1,2.700076953584577
9521,000-000-6973,2024-11-01,1,2.710769551247647
9521,000-000-6973,2024-12-01,1,2.5929189179699823
9521,000-000-7049,2024-07-01,1,11.58324836953845
9521,000-000-7049,2024-08-01,1,11.023727339592575
9521,000-000-7049,2024-09-01,1,10.921154091722366
9521,000-000-7049,2024-10-01,1,10.184804483451098
9521,000-000-7049,2024-11-01,1,10.000861302013346
9521,000-000-7049,2024-12-01,1,9.8808279316956
9524,000-000-12625,2024-07-01,3,19.85932686771186
9524,000-000-12625,2024-08-01,3,20.14783543490933
9524,000-000-12625,2024-09-01,3,20.221997885115396
9524,000-000-12625,2024-10-01,3,19.85611936971573
9524,000-000-12625,2024-11-01,3,19.746522433554208
9524,000-000-12625,2024-12-01,3,19.546092614026723
9524,000-000-12626,2024-07-01,3,20.95157085934461
9524,000-000-12626,2024-08-01,3,20.188030133677014
9524,000-000-12626,2024-09-01,3,20.449630216662364
9524,000-000-12626,2024-10-01,3,19.769741416773748
9524,000-000-12626,2024-11-01,3,19.66151487934581
9524,000-000-12626,2024-12-01,3,19.29419071794424
9524,000-000-3465,2024-07-01,3,22.345300313508446
9524,000-000-3465,2024-08-01,3,19.896246161716785
9524,000-000-3465,2024-09-01,3,21.278468036488356
9524,000-000-3465,2024-10-01,3,20.430167030694697
9524,000-000-3465,2024-11-01,3,19.58856117049784
9524,000-000-3465,2024-12-01,3,18.312236971037006
9524,000-000-5312,2024-07-01,3,25.268484831013872
9524,000-000-5312,2024-08-01,3,23.12284550626119
9524,000-000-5312,2024-09-01,3,23.469946926344008
9524,000-000-5312,2024-10-01,3,21.822076070303144
9524,000-000-5312,2024-11-01,3,20.527175368228402
9524,000-000-5312,2024-12-01,3,19.10083930446601
9524,000-000-6140,2024-07-01,3,18.320604104571196
9524,000-000-6140,2024-08-01,3,17.204136791862446
9524,000-000-6140,2024-09-01,3,16.16141543815647
9524,000-000-6140,2024-10-01,3,13.824450000832755
9524,000-000-6140,2024-11-01,3,12.700596847276916
9524,000-000-6140,2024-12-01,3,11.63444841558724
9524,000-000-6973,2024-07-01,3,3.7511094078151497
9524,000-000-6973,2024-08-01,3,4.011769541866634
9524,000-000-6973,2024-09-01,3,4.22988822347733
9524,000-000-6973,2024-10-01,3,3.6349557528279965
9524,000-000-6973,2024-11-01,3,3.8034116354941294
9524,000-000-6973,2024-12-01,3,3.6384083616056864
9524,000-000-7167,2024-07-01,3,3.7064586139631284
9524,000-000-7167,2024-08-01,3,3.9683646217010264
9524,000-000-7167,2024-09-01,3,4.152729230943807
9524,000-000-7167,2024-10-01,3,3.9338817997829696
9524,000-000-7167,2024-11-01,3,3.895172652047395
9524,000-000-7167,2024-12-01,3,3.764241084326929
9546,000-000-10341,2024-07-01,4,5.422949150991169
9546,000-000-10341,2024-08-01,4,5.441366504892008
9546,000-000-10341,2024-09-01,4,5.033966553320747
9546,000-000-10341,2024-10-01,4,4.874400223211149
9546,000-000-10341,2024-11-01,4,5.135731712435485
9546,000-000-10341,2024-12-01,4,4.980386992661543
9546,000-000-10342,2024-07-01,4,5.467216862846943
9546,000-000-10342,2024-08-01,4,5.471712281319505
9546,000-000-10342,2024-09-01,4,5.05703113877834
9546,000-000-10342,2024-10-01,4,4.886614481939043
9546,000-000-10342,2024-11-01,4,5.231977753954521
9546,000-000-10342,2024-12-01,4,5.044713559699842
9546,000-000-11283,2024-07-01,4,16.24225180887339
9546,000-000-11283,2024-08-01,4,14.218480116846255
9546,000-000-11283,2024-09-01,4,13.35140643211287
9546,000-000-11283,2024-10-01,4,11.9887979375597
9546,000-000-11283,2024-11-01,4,11.867258617738369
9546,000-000-11283,2024-12-01,4,11.622520708205602
9546,000-000-11586,2024-07-01,4,6.142522360397949
9546,000-000-11586,2024-08-01,4,5.877167570180871
9546,000-000-11586,2024-09-01,4,5.9272981628718995
9546,000-000-11586,2024-10-01,4,5.547165026387706
9546,000-000-11586,2024-11-01,4,5.802315662692793
9546,000-000-11586,2024-12-01,4,5.629634218084373
9546,000-000-11905,2024-07-01,4,30.376185294926852
9546,000-000-11905,2024-08-01,4,30.488429216029555
9546,000-000-11905,2024-09-01,4,30.42241733009467
9546,000-000-11905,2024-10-01,4,29.92996616298533
9546,000-000-11905,2024-11-01,4,29.820369226823814
9546,000-000-11905,2024-12-01,4,29.491718447736197
9546,000-000-11913,2024-07-01,4,47.746054887607116
9546,000-000-11913,2024-08-01,4,42.55643236027318
9546,000-000-11913,2024-09-01,4,42.91293272451735
9546,000-000-11913,2024-10-01,4,42.24253108547505
9546,000-000-11913,2024-11-01,4,42.16819232306622
9546,000-000-11913,2024-12-01,4,41.38899476224363
9546,000-000-12490,2024-07-01,4,3.3461567369906935
9546,000-000-12490,2024-08-01,4,3.3339574308998725
9546,000-000-12490,2024-09-01,4,3.456383121339527
9546,000-000-12490,2024-10-01,4,3.2113310552740377
9546,000-000-12490,2024-11-01,4,3.2005553926777
9546,000-000-12490,2024-12-01,4,3.0764742948663204
9546,000-000-12497,2024-07-01,4,3.3561596263525257
9546,000-000-12497,2024-08-01,4,3.351637278972946
9546,000-000-12497,2024-09-01,4,3.4740629694125995
9546,000-000-12497,2024-10-01,4,3.1284788427670978
9546,000-000-12497,2024-11-01,4,3.130676441002215
9546,000-000-12497,2024-12-01,4,2.9655450741184732
9546,000-000-13017,2024-07-01,4,6.532803609172387
9546,000-000-13017,2024-08-01,4,6.4023399239549175
9546,000-000-13017,2024-09-01,4,6.046856561381858
9546,000-000-13017,2024-10-01,4,5.893589916276442
9546,000-000-13017,2024-11-01,4,5.836900792053481
9546,000-000-13017,2024-12-01,4,5.591341704078928
9546,000-000-13324,2024-07-01,4,9.369147759739516
9546,000-000-13324,2024-08-01,4,8.701364837277284
9546,000-000-13324,2024-09-01,4,8.900962216491928
9546,000-000-13324,2024-10-01,4,8.684036526318936
9546,000-000-13324,2024-11-01,4,8.714788189983638
9546,000-000-13324,2024-12-01,4,8.382974842196768
9546,000-000-13325,2024-07-01,4,6.305191067866363
9546,000-000-13325,2024-08-01,4,6.315593407086962
9546,000-000-13325,2024-09-01,4,6.157994897113591
9546,000-000-13325,2024-10-01,4,5.934073364352983
9546,000-000-13325,2024-11-01,4,5.8868641681261415
9546,000-000-13325,2024-12-01,4,5.686434348598649
9546,000-000-13326,2024-07-01,4,11.179176735068932
9546,000-000-13326,2024-08-01,4,10.509933983653932
9546,000-000-13326,2024-09-01,4,10.155362191625317
9546,000-000-13326,2024-10-01,4,10.052213877712274
9546,000-000-13326,2024-11-01,4,9.944187105395562
9546,000-000-13326,2024-12-01,4,9.89234772766673
9546,000-000-3274,2024-07-01,4,16.602089209241438
9546,000-000-3274,2024-08-01,4,16.66601037962401
9546,000-000-3274,2024-09-01,4,16.75712185055028
9546,000-000-3274,2024-10-01,4,16.351048636382938
9546,000-000-3274,2024-11-01,4,16.28840942142205
9546,000-000-3274,2024-12-01,4,14.967119962499613
9546,000-000-3313,2024-07-01,4,56.18404673520509
9546,000-000-3313,2024-08-01,4,56.197262086393295
9546,000-000-3313,2024-09-01,4,56.271424536599355
9546,000-000-3313,2024-10-01,4,55.5162573447473
9546,000-000-3313,2024-11-01,4,55.40666040858579
9546,000-000-3313,2024-12-01,4,54.56632546331744
9546,000-000-3465,2024-07-01,4,29.936867526880363
9546,000-000-3465,2024-08-01,4,27.100597233146402
9546,000-000-3465,2024-09-01,4,24.787148472275817
9546,000-000-3465,2024-10-01,4,23.730696431825837
9546,000-000-3465,2024-11-01,4,23.508928403342015
9546,000-000-3465,2024-12-01,4,23.162209846198046
9546,000-000-3466,2024-07-01,4,39.26731692652653
9546,000-000-3466,2024-08-01,4,36.39527905581191
9546,000-000-3466,2024-09-01,4,36.23639101733367
9546,000-000-3466,2024-10-01,4,35.31359413541792
9546,000-000-3466,2024-11-01,4,35.23532983802933
9546,000-000-3466,2024-12-01,4,34.54518297567845
9546,000-000-5312,2024-07-01,4,21.842435695939713
9546,000-000-5312,2024-08-01,4,20.774251916344735
9546,000-000-5312,2024-09-01,4,20.895677663189133
9546,000-000-5312,2024-10-01,4,20.23417804607868
9546,000-000-5312,2024-11-01,4,20.025206794367204
9546,000-000-5312,2024-12-01,4,19.340025594521023
9546,000-000-6140,2024-07-01,4,20.95692213803492
9546,000-000-6140,2024-08-01,4,21.896981798513686
9546,000-000-6140,2024-09-01,4,21.792622587792813
9546,000-000-6140,2024-10-01,4,20.397826757608517
9546,000-000-6140,2024-11-01,4,20.261450216835595
9546,000-000-6140,2024-12-01,4,19.37244983986507
9546,000-000-6973,2024-07-01,4,11.344338239562038
9546,000-000-6973,2024-08-01,4,10.704493565705578
9546,000-000-6973,2024-09-01,4,10.346966538662778
9546,000-000-6973,2024-10-01,4,9.920948478278921
9546,000-000-6973,2024-11-01,4,9.984956901660725
9546,000-000-6973,2024-12-01,4,9.900412208804712
9571,000-000-6140,2024-07-01,1,6.237421344066135
9571,000-000-6140,2024-08-01,1,5.357547288303637
9571,000-000-6140,2024-09-01,1,5.031983107520583
9571,000-000-6140,2024-10-01,1,4.4530057862731685
9571,000-000-6140,2024-11-01,1,4.2218954861048115
9571,000-000-6140,2024-12-01,1,4.04104410169772
9571,000-000-6596,2024-07-01,1,11.729610858956688
9571,000-000-6596,2024-08-01,1,9.29999391450044
9571,000-000-6596,2024-09-01,1,9.743517824820383
9571,000-000-6596,2024-10-01,1,9.103145690421977
9571,000-000-6596,2024-11-01,1,8.699433909493594
9571,000-000-6596,2024-12-01,1,8.334727875247852
964,000-000-10173,2024-07-01,3,3.42475657045899
964,000-000-10173,2024-08-01,3,3.0969121213448196
964,000-000-10173,2024-09-01,3,2.9832459999052383
964,000-000-10173,2024-10-01,3,2.859594516935251
964,000-000-10173,2024-11-01,3,2.8232826824568016
964,000-000-10173,2024-12-01,3,2.6247093017086223
964,000-000-13099,2024-07-01,3,245.96719806950273
964,000-000-13099,2024-08-01,3,261.73729630553845
964,000-000-13099,2024-09-01,3,265.42519935617577
964,000-000-13099,2024-10-01,3,265.86310429146334
964,000-000-13099,2024-11-01,3,235.38062294831155
964,000-000-13099,2024-12-01,3,234.4486660793034
964,000-000-3176,2024-07-01,3,15.50892806564147
964,000-000-3176,2024-08-01,3,15.560651845395508
964,000-000-3176,2024-09-01,3,15.634814295601572
964,000-000-3176,2024-10-01,3,15.448469560601922
964,000-000-3176,2024-11-01,3,13.205872624440406
964,000-000-3176,2024-12-01,3,11.935888015179124
964,000-000-3777,2024-07-01,3,5.759122126877134
964,000-000-3777,2024-08-01,3,4.9528904358486585
964,000-000-3777,2024-09-01,3,5.369114877438699
964,000-000-3777,2024-10-01,3,4.869440674418856
964,000-000-3777,2024-11-01,3,4.775069731649658
964,000-000-3777,2024-12-01,3,4.919642650708758
964,000-000-6020,2024-07-01,3,15.07326029784716
964,000-000-6020,2024-08-01,3,14.344214961486532
964,000-000-6020,2024-09-01,3,11.896300409852863
964,000-000-6020,2024-10-01,3,11.479459871424808
964,000-000-6020,2024-11-01,3,10.809533964745535
964,000-000-6020,2024-12-01,3,9.967630158656233
964,000-000-8721,2024-07-01,3,4.276478168201251
964,000-000-8721,2024-08-01,3,4.172272092722434
964,000-000-8721,2024-09-01,3,4.272729386960915
964,000-000-8721,2024-10-01,3,4.3656672148663365
964,000-000-8721,2024-11-01,3,3.968781043836111
964,000-000-8721,2024-12-01,3,3.7961069173302353
964,000-000-9419,2024-07-01,3,8.649518818913501
964,000-000-9419,2024-08-01,3,8.894272260004895
964,000-000-9419,2024-09-01,3,8.932272643777173
964,000-000-9419,2024-10-01,3,7.976097140895728
964,000-000-9419,2024-11-01,3,7.378655353558569
964,000-000-9419,2024-12-01,3,7.121122651889332
9650,000-000-13612,2024-07-01,3,47.69988847997107
9650,000-000-13612,2024-08-01,3,42.18733117008606
9650,000-000-13612,2024-09-01,3,42.21662068567358
9650,000-000-13612,2024-10-01,3,41.56012057751825
9650,000-000-13612,2024-11-01,3,41.438581257696924
9650,000-000-13612,2024-12-01,3,40.68655697093325
9666,000-000-12625,2024-07-01,3,29.806949814040724
9666,000-000-12625,2024-08-01,3,29.943170782463334
9666,000-000-12625,2024-09-01,3,31.511822697274958
9666,000-000-12625,2024-10-01,3,32.11537768483729
9666,000-000-12625,2024-11-01,3,33.58352549828641
9666,000-000-12625,2024-12-01,3,32.593476081369296
9666,000-000-13296,2024-07-01,3,8.275742982868369
9666,000-000-13296,2024-08-01,3,8.002679943432844
9666,000-000-13296,2024-09-01,3,8.58714722513821
9666,000-000-13296,2024-10-01,3,8.296408046166519
9666,000-000-13296,2024-11-01,3,7.5592978446090555
9666,000-000-13296,2024-12-01,3,7.114998970658366
9666,000-000-13612,2024-07-01,3,73.63858027796815
9666,000-000-13612,2024-08-01,3,73.66085935768837
9666,000-000-13612,2024-09-01,3,73.08728377808809
9666,000-000-13612,2024-10-01,3,72.89723328764313
9666,000-000-13612,2024-11-01,3,72.55727473696933
9666,000-000-13612,2024-12-01,3,65.08028068482645
9666,000-000-13784,2024-07-01,3,16.245058671043225
9666,000-000-13784,2024-08-01,3,16.312904517913257
9666,000-000-13784,2024-09-01,3,14.34487979807005
9666,000-000-13784,2024-10-01,3,12.97303925964199
9666,000-000-13784,2024-11-01,3,11.958149939820661
9666,000-000-13784,2024-12-01,3,11.666098196553378
9666,000-000-6140,2024-07-01,3,16.987376100866406
9666,000-000-6140,2024-08-01,3,15.051812954600802
9666,000-000-6140,2024-09-01,3,15.072659087513617
9666,000-000-6140,2024-10-01,3,11.691472609698927
9666,000-000-6140,2024-11-01,3,11.671095362540044
9666,000-000-6140,2024-12-01,3,11.340609827224643
9666,000-000-7049,2024-07-01,3,47.93918362756192
9666,000-000-7049,2024-08-01,3,48.46712434160264
9666,000-000-7049,2024-09-01,3,48.5412867918087
9666,000-000-7049,2024-10-01,3,47.64401303725457
9666,000-000-7049,2024-11-01,3,51.84867347522925
9666,000-000-7049,2024-12-01,3,47.23678261474571
970,000-000-6140,2024-07-01,1,5.385931310202423
970,000-000-6140,2024-08-01,1,4.2860972605138725
970,000-000-6140,2024-09-01,1,4.56491989852143
970,000-000-6140,2024-10-01,1,4.234039535739945
970,000-000-6140,2024-11-01,1,4.47159576581107
970,000-000-6140,2024-12-01,1,4.178256050368692
9743,000-000-10057,2024-07-01,4,31.179516116605853
9743,000-000-10057,2024-08-01,4,29.99642380979321
9743,000-000-10057,2024-09-01,4,27.967649286128008
9743,000-000-10057,2024-10-01,4,26.67086357650125
9743,000-000-10057,2024-11-01,4,23.372705413507777
9743,000-000-10057,2024-12-01,4,22.142122975782843
9743,000-000-10130,2024-07-01,4,26.883279857508633
9743,000-000-10130,2024-08-01,4,25.507832484635802
9743,000-000-10130,2024-09-01,4,23.04605162523673
9743,000-000-10130,2024-10-01,4,22.633664240473752
9743,000-000-10130,2024-11-01,4,21.48598693549444
9743,000-000-10130,2024-12-01,4,20.180983852240466
9743,000-000-10204,2024-07-01,4,19.297608578859354
9743,000-000-10204,2024-08-01,4,18.08538218626816
9743,000-000-10204,2024-09-01,4,18.26254191291635
9743,000-000-10204,2024-10-01,4,15.904570311424884
9743,000-000-10204,2024-11-01,4,15.783030991603574
9743,000-000-10204,2024-12-01,4,15.509862541178137
9743,000-000-11646,2024-07-01,4,26.567573787173508
9743,000-000-11646,2024-08-01,4,23.88946252519151
9743,000-000-11646,2024-09-01,4,23.927123697783195
9743,000-000-11646,2024-10-01,4,23.477877013636448
9743,000-000-11646,2024-11-01,4,22.432925640860883
9743,000-000-11646,2024-12-01,4,20.427671972969517
9743,000-000-11803,2024-07-01,4,24.401130237361357
9743,000-000-11803,2024-08-01,4,24.414345588549565
9743,000-000-11803,2024-09-01,4,24.603900447119493
9743,000-000-11803,2024-10-01,4,24.259602956710225
9743,000-000-11803,2024-11-01,4,24.15000602054871
9743,000-000-11803,2024-12-01,4,23.991403996366795
9743,000-000-11809,2024-07-01,4,24.401130237361357
9743,000-000-11809,2024-08-01,4,24.414345588549565
9743,000-000-11809,2024-09-01,4,24.488508038755633
9743,000-000-11809,2024-10-01,4,24.259602956710225
9743,000-000-11809,2024-11-01,4,24.17312669232622
9743,000-000-11809,2024-12-01,4,23.991403996366795
9743,000-000-11827,2024-07-01,4,138.95304576268933
9743,000-000-11827,2024-08-01,4,138.06700611019033
9743,000-000-11827,2024-09-01,4,138.73384313827717
9743,000-000-11827,2024-10-01,4,137.95505455086928
9743,000-000-11827,2024-11-01,4,138.03766620585796
9743,000-000-11827,2024-12-01,4,137.94277417382077
9743,000-000-11828,2024-07-01,4,381.9580122957075
9743,000-000-11828,2024-08-01,4,327.4102020169667
9743,000-000-11828,2024-09-01,4,304.16741305702493
9743,000-000-11828,2024-10-01,4,282.02525001710745
9743,000-000-11828,2024-11-01,4,274.0319877875934
9743,000-000-11828,2024-12-01,4,273.1000309185852
9743,000-000-11834,2024-07-01,4,287.7341358260322
9743,000-000-11834,2024-08-01,4,275.01833827947536
9743,000-000-11834,2024-09-01,4,274.94437622689725
9743,000-000-11834,2024-10-01,4,274.1182738057548
9743,000-000-11834,2024-11-01,4,275.45630570945855
9743,000-000-11834,2024-12-01,4,275.6533446033384
9743,000-000-11857,2024-07-01,4,157.52306856692408
9743,000-000-11857,2024-08-01,4,164.76586369670028
9743,000-000-11857,2024-09-01,4,166.34994306110397
9743,000-000-11857,2024-10-01,4,150.64887510020066
9743,000-000-11857,2024-11-01,4,149.38823023247588
9743,000-000-11857,2024-12-01,4,146.86214577260037
9743,000-000-11878,2024-07-01,4,190.37649956427032
9743,000-000-11878,2024-08-01,4,165.58005097609737
9743,000-000-11878,2024-09-01,4,154.2560769693608
9743,000-000-11878,2024-10-01,4,151.44292019120388
9743,000-000-11878,2024-11-01,4,145.14145431423668
9743,000-000-11878,2024-12-01,4,148.06427995672493
9743,000-000-12102,2024-07-01,4,12.18240725841924
9743,000-000-12102,2024-08-01,4,12.17732432815411
9743,000-000-12102,2024-09-01,4,12.163763736774971
9743,000-000-12102,2024-10-01,4,11.84509306624279
9743,000-000-12102,2024-11-01,4,11.743693455163971
9743,000-000-12102,2024-12-01,4,11.561970759204524
9743,000-000-1732,2024-07-01,4,8.436269857800362
9743,000-000-1732,2024-08-01,4,8.889841011855784
9743,000-000-1732,2024-09-01,4,9.436457085353823
9743,000-000-1732,2024-10-01,4,9.149582396675418
9743,000-000-1732,2024-11-01,4,8.364036692316061
9743,000-000-1732,2024-12-01,4,8.043339519207352
9743,000-000-1782,2024-07-01,4,450.12923051803097
9743,000-000-1782,2024-08-01,4,421.5616314415799
9743,000-000-1782,2024-09-01,4,389.2820778057226
9743,000-000-1782,2024-10-01,4,385.3948298872852
9743,000-000-1782,2024-11-01,4,379.3062920248282
9743,000-000-1782,2024-12-01,4,350.4901959171946
9743,000-000-2170,2024-07-01,4,11.787560445961013
9743,000-000-2170,2024-08-01,4,11.819739789043705
9743,000-000-2170,2024-09-01,4,11.893902239249769
9743,000-000-2170,2024-10-01,4,11.444882357739015
9743,000-000-2170,2024-11-01,4,11.219583255081355
9743,000-000-2170,2024-12-01,4,10.533054018178769
9743,000-000-2624,2024-07-01,4,726.2187158219286
9743,000-000-2624,2024-08-01,4,700.7318659236968
9743,000-000-2624,2024-09-01,4,619.9228009449922
9743,000-000-2624,2024-10-01,4,596.0033076345184
9743,000-000-2624,2024-11-01,4,568.922641001175
9743,000-000-2624,2024-12-01,4,551.7636740509354
9743,000-000-2631,2024-07-01,4,519.5594768414978
9743,000-000-2631,2024-08-01,4,503.4944925902935
9743,000-000-2631,2024-09-01,4,504.7719341262067
9743,000-000-2631,2024-10-01,4,491.15995173993815
9743,000-000-2631,2024-11-01,4,494.69758666444824
9743,000-000-2631,2024-12-01,4,474.46310937923687
9743,000-000-3176,2024-07-01,4,20.041686024858688
9743,000-000-3176,2024-08-01,4,19.659968031216554
9743,000-000-3176,2024-09-01,4,20.847072371967936
9743,000-000-3176,2024-10-01,4,18.328831474381722
9743,000-000-3176,2024-11-01,4,16.94214735185159
9743,000-000-3176,2024-12-01,4,15.353475752966407
9743,000-000-3442,2024-07-01,4,273.1796897947937
9743,000-000-3442,2024-08-01,4,265.983931590182
9743,000-000-3442,2024-09-01,4,269.6718346408193
9743,000-000-3442,2024-10-01,4,265.23199161924566
9743,000-000-3442,2024-11-01,4,265.11045229942425
9743,000-000-3442,2024-12-01,4,264.7099297167312
9743,000-000-4013,2024-07-01,4,175.1881435947715
9743,000-000-4013,2024-08-01,4,162.02515261759777
9743,000-000-4013,2024-09-01,4,160.2242997535101
9743,000-000-4013,2024-10-01,4,159.92963161868283
9743,000-000-4013,2024-11-01,4,165.93504650965636
9743,000-000-4013,2024-12-01,4,150.06334439495677
9743,000-000-4682,2024-07-01,4,16.27971395256253
9743,000-000-4682,2024-08-01,4,14.20826556226326
9743,000-000-4682,2024-09-01,4,14.298640130501074
9743,000-000-4682,2024-10-01,4,12.77587446048135
9743,000-000-4682,2024-11-01,4,12.693534232638857
9743,000-000-4682,2024-12-01,4,12.358413856958848
9743,000-000-6020,2024-07-01,4,19.496589663698792
9743,000-000-6020,2024-08-01,4,18.118188450428786
9743,000-000-6020,2024-09-01,4,19.425438870826977
9743,000-000-6020,2024-10-01,4,18.645570274763262
9743,000-000-6020,2024-11-01,4,16.795390580010864
9743,000-000-6020,2024-12-01,4,15.591881193166671
9743,000-000-7198,2024-07-01,4,4.6879388831766935
9743,000-000-7198,2024-08-01,4,5.411171746185628
9743,000-000-7198,2024-09-01,4,4.795131792200095
9743,000-000-7198,2024-10-01,4,4.382072331250562
9743,000-000-7198,2024-11-01,4,4.576666181584546
9743,000-000-7198,2024-12-01,4,4.585786511902439
9743,000-000-9419,2024-07-01,4,16.12851718470377
9743,000-000-9419,2024-08-01,4,18.106555912352487
9743,000-000-9419,2024-09-01,4,16.339619487035666
9743,000-000-9419,2024-10-01,4,15.880222829038747
9743,000-000-9419,2024-11-01,4,14.699500597686395
9743,000-000-9419,2024-12-01,4,13.404088031436196
