cliente,SKU,metric,HistoricAverage,AutoARIMA,AutoLightGBM
1299,000-000-10340,smape,0.24267399267399267,0.24267399267399267,0.129503367003367
1299,000-000-11283,smape,0.3604406130268199,0.2780378050114892,0.16865079365079363
1299,000-000-12976,smape,0.32184873949579834,0.32184873949579834,0.21352793547915497
1299,000-000-5312,smape,0.196847220792883,0.196847220792883,0.20299737883787072
1299,000-000-6973,smape,0.3333333333333333,0.3111111111111111,0.20000000000000004
1299,000-000-7049,smape,0.4709644275754674,0.4709644275754674,0.3080237862495927
1339,000-000-13358,smape,0.21085858585858586,0.23585858585858585,0.22904040404040404
1339,000-000-4848,smape,0.12328042328042328,0.12328042328042328,0.12169312169312169
1339,000-000-6140,smape,0.2248196248196248,0.2248196248196248,0.1536852036852037
1339,000-000-6596,smape,0.29945609945609947,0.3206682206682207,0.29945609945609947
1353,000-000-10130,smape,0.2658396101019052,0.2658396101019052,0.28703826145427924
1353,000-000-10204,smape,0.12365431511330517,0.15436210847975554,0.13733028955905321
1353,000-000-10885,smape,0.4367346938775511,0.4367346938775511,0.3639219029977618
1353,000-000-11827,smape,0.16428039173940814,0.3724052718286656,0.23107127115218215
1353,000-000-11828,smape,0.21125213021847378,0.24372865001368485,0.22565723316318578
1353,000-000-13315,smape,0.16450216450216448,0.19624819624819623,0.06666666666666667
1353,000-000-13451,smape,0.22348484848484848,0.18253968253968253,0.1880952380952381
1353,000-000-1732,smape,0.3,0.3857142857142857,0.2626984126984127
1353,000-000-2624,smape,0.2962118933498831,0.4853747877384296,0.30901929374622433
1353,000-000-3176,smape,0.19432419432419432,0.19432419432419432,0.23229559916816198
1353,000-000-8721,smape,0.08585858585858586,0.08585858585858586,0.2242063492063492
1353,000-000-8722,smape,0.10101010101010101,0.10101010101010101,0.19418163137675334
1376,000-000-1009,smape,0.15789473684210525,0.15789473684210525,0.023401360544217684
1376,000-000-13784,smape,0.2215007215007215,0.2215007215007215,0.2546120546120546
1376,000-000-3465,smape,0.13043478260869565,0.13043478260869565,0.058513176493891185
1422,000-000-3465,smape,0.25925925925925924,0.25925925925925924,0.07647907647907648
1574,000-000-13296,smape,0.20296370296370295,0.20296370296370295,0.23885003885003886
1594,000-000-5312,smape,0.17505803375368592,0.17505803375368592,0.24146283823703177
1745,000-000-12963,smape,0.4181818181818182,0.2597402597402597,0.26204906204906203
1745,000-000-13575,smape,0.25555555555555554,0.25555555555555554,0.12857142857142856
1834,000-000-13180,smape,0.20164857500223354,0.20164857500223354,0.1879848262926795
1834,000-000-13612,smape,0.11385465649939262,0.12443282550306863,0.1760547487564177
1834,000-000-3101,smape,0.17777777777777778,0.17777777777777778,0.302014652014652
1883,000-000-6140,smape,0.12784992784992785,0.12784992784992785,0.12894975394975394
1883,000-000-6596,smape,0.1520979020979021,0.1520979020979021,0.18835978835978837
1923,000-000-10130,smape,0.25,0.25,0.07076923076923076
1923,000-000-10131,smape,0.19047619047619047,0.17566137566137566,0.06954954954954955
1923,000-000-11554,smape,0.19059011164274323,0.19059011164274323,0.10982118758434549
1923,000-000-13348,smape,0.14444444444444446,0.14761904761904762,0.14761904761904762
1923,000-000-2170,smape,0.19047619047619047,0.19047619047619047,0.08222222222222221
1923,000-000-3176,smape,0.1402020202020202,0.1402020202020202,0.13041921041921042
1923,000-000-3777,smape,0.07535903250188965,0.07535903250188965,0.17546975691531386
1923,000-000-4680,smape,0.08452950558213716,0.08452950558213716,0.2518698664708851
1923,000-000-6020,smape,0.1640749601275917,0.1640749601275917,0.13648785425101215
1944,000-000-3313,smape,0.5382019156409155,0.5029335244770097,0.4787134162134162
1944,000-000-6140,smape,0.3771505376344086,0.5343061635744563,0.4487179487179487
1952,000-000-11283,smape,0.4055555555555555,0.4055555555555555,0.4078259656352962
1952,000-000-11586,smape,0.3956043956043956,0.3797313797313797,0.24242424242424243
1952,000-000-6140,smape,0.20033670033670034,0.20033670033670034,0.07936507936507936
2079,000-000-4013,smape,0.13892454714020824,0.1282899439200945,0.08930005962094208
2079,000-000-6020,smape,0.1481597180503825,0.08888888888888889,0.1225885225885226
2133,000-000-3313,smape,0.2923076923076923,0.2923076923076923,0.21057118499573743
2182,000-000-13612,smape,0.09473299338732476,0.3161491347564142,0.32729896671790976
2252,000-000-0299,smape,0.3111111111111111,0.3111111111111111,0.11904761904761903
2259,000-000-10173,smape,0.2126984126984127,0.21677559912854028,0.2126984126984127
2259,000-000-10174,smape,0.24444444444444446,0.2226475279106858,0.27921318447634236
2259,000-000-3176,smape,0.2180569627378138,0.2180569627378138,0.1417469131950944
2259,000-000-3777,smape,0.13105413105413105,0.13105413105413105,0.05698005698005698
2259,000-000-8721,smape,0.12348484848484849,0.12348484848484849,0.14742664742664743
2259,000-000-8722,smape,0.13644501278772378,0.13644501278772378,0.19955932603391768
2259,000-000-9341,smape,0.37566137566137564,0.37566137566137564,0.35229476405946997
2314,000-000-5312,smape,0.10952380952380952,0.10952380952380952,0.1015873015873016
2314,000-000-6140,smape,0.1948051948051948,0.17460317460317457,0.16373626373626374
2340,000-000-9341,smape,0.17552334943639292,0.17552334943639292,0.09936507936507936
2637,000-000-6140,smape,0.2635373341255694,0.2366013071895425,0.337037037037037
2637,000-000-7049,smape,0.1835176805765041,0.1711837147321018,0.19485106908911135
27135,000-000-3176,smape,0.12590266875981163,0.12590266875981163,0.14843996802838968
27135,000-000-6020,smape,0.20085061137692717,0.2665670276329862,0.2226475279106858
27135,000-000-9341,smape,0.10210622710622712,0.10210622710622712,0.16011072472970558
27135,000-000-9461,smape,0.12836067441330598,0.12836067441330598,0.14072932205576408
2722,000-000-12625,smape,0.3220338983050847,0.332464146023468,0.3456603268963086
2743,000-000-10425,smape,0.29167974882260594,0.14319980357716208,0.17628370610826752
27480,000-000-12625,smape,0.16666666666666666,0.16950113378684806,0.058693244739756366
27480,000-000-13151,smape,0.22348484848484848,0.3,0.05555555555555555
27480,000-000-13612,smape,0.2088958660387232,0.2088958660387232,0.2093857914474202
27480,000-000-6973,smape,0.19999999999999998,0.19999999999999998,0.31666666666666665
27480,000-000-7167,smape,0.2222222222222222,0.38888888888888884,0.39999999999999997
27677,000-000-12625,smape,0.19458729416653683,0.19458729416653683,0.16007302166225698
27677,000-000-13151,smape,0.13858825950506765,0.16573196918024505,0.12030234882558721
27677,000-000-13177,smape,0.059356136820925554,0.059356136820925554,0.18432522079350336
27677,000-000-13295,smape,0.2179186933285294,0.2179186933285294,0.19497758617617086
27677,000-000-13323,smape,0.1548076923076923,0.1548076923076923,0.15538200339558575
27677,000-000-13324,smape,0.12222222222222223,0.12222222222222223,0.21038961038961038
27677,000-000-13325,smape,0.28787798551239413,0.28787798551239413,0.24924998330327922
27677,000-000-13326,smape,0.21859066042427674,0.21859066042427674,0.23896103896103896
27677,000-000-13349,smape,0.10330697947794172,0.1397545758310206,0.12583565246126863
27677,000-000-13612,smape,0.15057189991122338,0.15057189991122338,0.23980748586390918
27677,000-000-3101,smape,0.17130089374379343,0.17130089374379343,0.18969489909423168
27677,000-000-3746,smape,0.1619047619047619,0.1619047619047619,0.1261808367071525
27677,000-000-3792,smape,0.20404040404040402,0.44808640911444503,0.25543507354020456
27677,000-000-4053,smape,0.44,0.44,0.13655462184873948
27677,000-000-6973,smape,0.17640692640692643,0.18412698412698414,0.16720779220779222
27677,000-000-7167,smape,0.19999999999999998,0.20292207792207792,0.2327485380116959
2900,000-000-7048,smape,0.1939416792357969,0.1939416792357969,0.19015151515151518
2929,000-000-13311,smape,0.4585858585858586,0.40663780663780663,0.40471380471380475
2929,000-000-3274,smape,0.13900134952766532,0.2044127818351421,0.16848373260017155
2929,000-000-3312,smape,0.40350877192982454,0.40350877192982454,0.4061206746652756
2929,000-000-3313,smape,0.39675291730086254,0.39675291730086254,0.3346822259865738
2929,000-000-3465,smape,0.27169539152572025,0.26868016462989636,0.3003835364083811
2929,000-000-3466,smape,0.16118659868659868,0.16118659868659868,0.1649573377514554
2929,000-000-4053,smape,0.15786289394985045,0.15786289394985045,0.1544631093544137
2929,000-000-4056,smape,0.31666666666666665,0.31666666666666665,0.24186220381872556
2929,000-000-6973,smape,0.18869692399104165,0.18869692399104165,0.17780367780367778
296,000-000-3313,smape,0.3249876711809112,0.3160875512995896,0.27929371145026405
296,000-000-3870,smape,0.23846153846153847,0.17045454545454544,0.1714285714285714
296,000-000-3871,smape,0.25555555555555554,0.2333333333333333,0.2388888888888889
296,000-000-6140,smape,0.12851573377889167,0.12851573377889167,0.1543904518329071
2974,000-000-11913,smape,0.13043478260869565,0.10341555977229601,0.03183810321237609
2974,000-000-2201,smape,0.11926605504587157,0.11926605504587157,0.005300485255692422
3097,000-000-12625,smape,0.24009324009324007,0.22482131254061077,0.12304883767669324
3124,000-000-13324,smape,0.0,0.0,0.0
3124,000-000-13612,smape,0.1707070707070707,0.1707070707070707,0.08919118238083756
3124,000-000-6140,smape,0.13231675731675732,0.13231675731675732,0.2205988455988456
3144,000-000-10057,smape,0.17213344547238577,0.05555555555555555,0.0691511387163561
3144,000-000-12450,smape,0.13118022328548642,0.15502699055330635,0.19084967320261437
3144,000-000-13216,smape,0.10955710955710955,0.07575757575757576,0.16666666666666666
3144,000-000-3176,smape,0.2920847268673356,0.143811037928685,0.18868538868538867
3144,000-000-3777,smape,0.10476190476190476,0.10476190476190476,0.22163742690058477
3144,000-000-4013,smape,0.2031221953307667,0.18427030910049527,0.3317921885731717
3144,000-000-9341,smape,0.07301587301587302,0.07301587301587302,0.11159211159211159
3187,000-000-13313,smape,0.3061568061568061,0.250999000999001,0.25252525252525254
3187,000-000-13318,smape,0.20203081232493,0.20203081232493,0.15219564748976513
3187,000-000-13449,smape,0.21853146853146854,0.21853146853146854,0.22388663967611336
3187,000-000-13450,smape,0.3111111111111111,0.3111111111111111,0.2031746031746032
3187,000-000-13451,smape,0.25234441602728047,0.25234441602728047,0.0951417004048583
3187,000-000-9419,smape,0.25555555555555554,0.25555555555555554,0.3095238095238095
3217,000-000-3312,smape,0.45555555555555555,0.2884232926136591,0.2394094469939276
3702,000-000-3312,smape,0.15486857825567502,0.14289121934633855,0.15836566116913747
3702,000-000-3313,smape,0.2853942652329749,0.2853942652329749,0.2858148941599152
3761,000-000-13315,smape,0.13076923076923078,0.13076923076923078,0.11742424242424243
3761,000-000-8722,smape,0.43872627057551367,0.43872627057551367,0.23258328972614686
3793,000-000-13315,smape,0.25,0.25,0.1714285714285714
3866,000-000-13660,smape,0.3333333333333333,0.3333333333333333,0.11904761904761903
3873,000-000-10173,smape,0.2727272727272727,0.2707070707070707,0.1259259259259259
3873,000-000-10174,smape,0.20000000000000004,0.20000000000000004,0.018518518518518517
3873,000-000-11828,smape,0.4168796747777041,0.20263115021179537,0.2537194973459406
3873,000-000-11829,smape,0.39706743995593596,0.2266853855012231,0.20280502622603191
3873,000-000-11834,smape,0.2407544377020061,0.2381181513490359,0.23824105500514206
3873,000-000-1732,smape,0.0925925925925926,0.0925925925925926,0.018518518518518517
3873,000-000-3176,smape,0.22665286986342512,0.22665286986342512,0.27063980229605267
3873,000-000-3777,smape,0.09047619047619049,0.09047619047619049,0.09047619047619049
3873,000-000-4013,smape,0.1972928055105024,0.1972928055105024,0.24454070872272513
3873,000-000-9341,smape,0.396011396011396,0.396011396011396,0.3271597967250141
3873,000-000-9419,smape,0.40278592375366573,0.35575344196033853,0.34563393184082836
3873,000-000-9461,smape,0.1771885521885522,0.15867003367003366,0.10476190476190476
3922,000-000-10129,smape,0.09485641794487372,0.09485641794487372,0.08822583300282975
3922,000-000-10130,smape,0.17079107505070992,0.11642459006158797,0.14478979983527898
3922,000-000-10173,smape,0.2727272727272727,0.2727272727272727,0.1851851851851852
3922,000-000-10174,smape,0.2995475113122172,0.2995475113122172,0.12768712768712767
3922,000-000-11827,smape,0.27798084125690997,0.2539756706848674,0.3131697943997443
3922,000-000-11834,smape,0.33611505013659565,0.33611505013659565,0.2586884930933696
3922,000-000-13268,smape,0.15278838808250572,0.15278838808250572,0.15555555555555556
3922,000-000-13348,smape,0.20834147930922123,0.20834147930922123,0.23189263920671244
3922,000-000-13584,smape,0.35714285714285715,0.3708896112145646,0.324993530335152
3922,000-000-13625,smape,0.18782864022802104,0.17601010101010103,0.1787878787878788
3922,000-000-3777,smape,0.1925019425019425,0.1924733947394344,0.18478128655713014
3922,000-000-4013,smape,0.3204923932395864,0.20158730158730157,0.21391148943671356
3922,000-000-4713,smape,0.16389596298715273,0.16389596298715273,0.12059605391033155
3922,000-000-6020,smape,0.3373205741626794,0.3373205741626794,0.10264550264550265
3922,000-000-7198,smape,0.22857142857142856,0.22857142857142856,0.15204678362573099
3922,000-000-8721,smape,0.2608187134502924,0.2608187134502924,0.17613541142952907
3922,000-000-9341,smape,0.2857142857142857,0.25925925925925924,0.2352092352092352
3922,000-000-9419,smape,0.22091503267973855,0.22091503267973855,0.2618559841400034
4148,000-000-4056,smape,0.45454545454545453,0.0,0.0
4148,000-000-6140,smape,0.26587301587301587,0.10000000000000002,0.12380952380952381
4167,000-000-3312,smape,0.41760730833114784,0.41760730833114784,0.28540305010893247
4167,000-000-3313,smape,0.3436988543371522,0.3436988543371522,0.33657505285412265
4167,000-000-3870,smape,0.17821824381926685,0.17821824381926685,0.14761904761904762
4403,000-000-13890,smape,0.21494708994708991,0.21494708994708991,0.12457264957264957
4403,000-000-3313,smape,0.244476697306886,0.244476697306886,0.10513515391564172
4403,000-000-7049,smape,0.14074074074074072,0.14074074074074072,0.2125337777969357
4418,000-000-3176,smape,0.2595102883624319,0.2595102883624319,0.29264160483284224
4455,000-000-7049,smape,0.1724137931034483,0.16748768472906406,0.038974358974358976
4502,000-000-10057,smape,0.27777777777777773,0.27777777777777773,0.11396011396011396
4502,000-000-10129,smape,0.2589473684210526,0.31638275336485056,0.2558268010451661
4502,000-000-10130,smape,0.29321128909229593,0.29321128909229593,0.2183153237434101
4502,000-000-10173,smape,0.3333333333333333,0.3333333333333333,0.1111111111111111
4502,000-000-10174,smape,0.2727272727272727,0.2727272727272727,0.20000000000000004
4502,000-000-11554,smape,0.138375350140056,0.138375350140056,0.13910933265771977
4502,000-000-11645,smape,0.07692307692307693,0.07692307692307693,0.0
4502,000-000-11646,smape,0.10140372931070606,0.11722442805823408,0.22905165010428166
4502,000-000-11828,smape,0.3219188107861953,0.11792957892195305,0.1199807431823477
4502,000-000-12100,smape,0.1111111111111111,0.1111111111111111,0.02
4502,000-000-12102,smape,0.1111111111111111,0.1111111111111111,0.02666666666666667
4502,000-000-12334,smape,0.18708565600436103,0.2115214988454425,0.19379788513514332
4502,000-000-13025,smape,0.047619047619047616,0.0836940836940837,0.017543859649122806
4502,000-000-1999,smape,0.14787937041931995,0.14787937041931995,0.14532015886854596
4502,000-000-2001,smape,0.17213344547238577,0.17213344547238577,0.09565452091767883
4502,000-000-2170,smape,0.15714285714285714,0.14761904761904762,0.08418016194331983
4502,000-000-3176,smape,0.21974628008526312,0.22823544368166793,0.19284206361269743
4502,000-000-4013,smape,0.19215506715506714,0.19215506715506714,0.21403909106855476
4502,000-000-6020,smape,0.17104276069017255,0.17104276069017255,0.17414183414183415
4502,000-000-9419,smape,0.20714285714285716,0.20714285714285716,0.14545454545454545
4627,000-000-10173,smape,0.10271950271950271,0.10271950271950271,0.1875161875161875
4627,000-000-10174,smape,0.12380952380952381,0.10000000000000002,0.12432012432012433
4627,000-000-10885,smape,0.17594019829538074,0.17594019829538074,0.17810299479180003
4627,000-000-11827,smape,0.26739420355853366,0.2702867991481499,0.25254643990776204
4627,000-000-11828,smape,0.24782373281654538,0.24782373281654538,0.2692493697874945
4627,000-000-11829,smape,0.14065955541438926,0.14065955541438926,0.18335378717711293
4627,000-000-11835,smape,0.2738278858152675,0.24099005886463135,0.14038846420415627
4627,000-000-12882,smape,0.35261855221514665,0.29305555555555557,0.27710973693188
4627,000-000-13099,smape,0.15976308493363023,0.15976308493363023,0.19993859202311862
4627,000-000-1999,smape,0.18315018315018317,0.18315018315018317,0.0982312925170068
4627,000-000-2001,smape,0.17185309784132327,0.17185309784132327,0.11243243243243244
4627,000-000-2170,smape,0.207551887971993,0.207551887971993,0.11935822462138251
4627,000-000-3176,smape,0.20085326438267614,0.20085326438267614,0.26362853462680974
4627,000-000-4013,smape,0.20306906756246298,0.22917192578946033,0.15998580688107106
4627,000-000-6020,smape,0.35000000000000003,0.32544659741584797,0.17623117623117623
4627,000-000-9341,smape,0.24524886877828056,0.17140637140637138,0.14761904761904762
4627,000-000-9419,smape,0.1948357205412888,0.18786491921503365,0.23607503607503608
4701,000-000-1009,smape,0.1970141184787807,0.1970141184787807,0.19314982335143305
4701,000-000-11283,smape,0.31988795518207286,0.2380250552689757,0.20459016393442622
4701,000-000-13296,smape,0.20390720390720393,0.20390720390720393,0.06363636363636364
4701,000-000-13324,smape,0.19047619047619047,0.16996336996336994,0.1443850267379679
4701,000-000-13326,smape,0.20000000000000004,0.20000000000000004,0.20000000000000004
4701,000-000-13358,smape,0.24082943647224006,0.24082943647224006,0.2818390061174441
4701,000-000-13660,smape,0.25633788869082985,0.25633788869082985,0.24414645081339356
4701,000-000-3313,smape,0.3253012048192771,0.034482758620689655,0.05058377585199635
4701,000-000-3870,smape,0.32222222222222224,0.32222222222222224,0.11977834612105713
4701,000-000-3871,smape,0.32275132275132273,0.2798573860493365,0.1509157509157509
4701,000-000-6140,smape,0.16415866415866417,0.16415866415866417,0.10937102113572701
4701,000-000-6596,smape,0.3400584795321637,0.3444444444444445,0.2883369976518449
4818,000-000-10130,smape,0.21999147485080991,0.21999147485080991,0.14536876430999793
4818,000-000-10173,smape,0.19131980277491112,0.19131980277491112,0.06837606837606837
4818,000-000-10174,smape,0.25694071634004895,0.25694071634004895,0.2530794369029663
4818,000-000-11646,smape,0.21355311355311354,0.21355311355311354,0.21297614004144294
4818,000-000-11803,smape,0.23095709116584415,0.2285824929611399,0.27588347257187723
4818,000-000-11809,smape,0.21875901875901874,0.21875901875901874,0.24140489262344952
4818,000-000-11828,smape,0.19792071740118547,0.19792071740118547,0.2075419573372281
4818,000-000-1999,smape,0.21999147485080991,0.21999147485080991,0.1105365223012282
4818,000-000-3092,smape,0.2319813419780364,0.05555555555555555,0.19268958756184318
4818,000-000-3113,smape,0.14912951023152962,0.1074074074074074,0.24651613686577523
4818,000-000-3176,smape,0.20432160432160432,0.20432160432160432,0.1929814112099093
4818,000-000-3777,smape,0.09009552538964305,0.09009552538964305,0.17793317793317795
4818,000-000-4013,smape,0.28770165092628863,0.28770165092628863,0.30757764055994197
4818,000-000-6020,smape,0.17104276069017255,0.17104276069017255,0.18989921696451986
4818,000-000-7198,smape,0.26202817650186067,0.3259259259259259,0.3259259259259259
4818,000-000-9341,smape,0.15789473684210525,0.38400759734093065,0.16491228070175437
4818,000-000-9419,smape,0.2994152046783625,0.2994152046783625,0.062393162393162394
4847,000-000-10173,smape,0.326984126984127,0.326984126984127,0.326984126984127
4847,000-000-10885,smape,0.05886685956710196,0.05886685956710196,0.05164530974267886
4847,000-000-11646,smape,0.13516694963214487,0.12887192980869797,0.13228382704410746
4847,000-000-11803,smape,0.17123130034522438,0.16773832820799553,0.17375886524822692
4847,000-000-1732,smape,0.11282051282051282,0.13504273504273503,0.11282051282051282
4847,000-000-2624,smape,0.20549993436461492,0.20549993436461492,0.14045029871789905
4847,000-000-2631,smape,0.22645310325700563,0.21498473924239014,0.24330925562349273
4847,000-000-3096,smape,0.6478768577494692,0.6478768577494692,0.5858264873160604
4847,000-000-3176,smape,0.2438364243701309,0.20307992721785825,0.21260119094922625
4847,000-000-7198,smape,0.11282051282051282,0.11282051282051282,0.11282051282051282
4854,000-000-12625,smape,0.27696078431372545,0.27696078431372545,0.441915585300056
4854,000-000-3465,smape,0.18697548887002538,0.18697548887002538,0.14163779714468075
4854,000-000-3870,smape,0.2333333333333333,0.2333333333333333,0.29610389610389615
4902,000-000-10132,smape,0.14285714285714285,0.07031339031339032,0.02666666666666667
4902,000-000-11828,smape,0.25009482110191145,0.25009482110191145,0.18870613341259343
4902,000-000-11834,smape,0.22757877910177782,0.22757877910177782,0.14858565449392433
4902,000-000-13348,smape,0.14285714285714285,0.13186813186813187,0.0
4902,000-000-13625,smape,0.1387820512820513,0.1387820512820513,0.14989177489177488
4902,000-000-1782,smape,0.11827132232189307,0.11827132232189307,0.18856412804558742
4902,000-000-3176,smape,0.20000000000000004,0.2119544412227339,0.06706216784081077
4902,000-000-3777,smape,0.13809687617737154,0.13809687617737154,0.20443050193050194
4902,000-000-4013,smape,0.16824169530355096,0.16824169530355096,0.17893088029870965
4902,000-000-6020,smape,0.1696887379739672,0.1696887379739672,0.1609184414258323
4902,000-000-9341,smape,0.12698412698412698,0.12698412698412698,0.1630082335964689
4902,000-000-9419,smape,0.18374177368209763,0.2763500501305379,0.2053927984160542
4906,000-000-1009,smape,0.23838383838383836,0.23838383838383836,0.17447089947089947
4906,000-000-1832,smape,0.17045454545454544,0.18466810966810968,0.18102949681897051
4906,000-000-3313,smape,0.25555555555555554,0.26666666666666666,0.23139801375095492
4938,000-000-13268,smape,0.16376058152373943,0.16376058152373943,0.3439271255060729
4943,000-000-11283,smape,0.22657722657722656,0.22657722657722656,0.1869281045751634
4943,000-000-11913,smape,0.18522681022681023,0.18522681022681023,0.22455815328724013
4943,000-000-12625,smape,0.20128457154160947,0.20128457154160947,0.1662284920331649
4943,000-000-13296,smape,0.13809523809523808,0.1271062271062271,0.06996336996336996
4943,000-000-13324,smape,0.25,0.25,0.13186813186813187
4943,000-000-13325,smape,0.25,0.22380952380952382,0.0
4943,000-000-13326,smape,0.25234441602728047,0.25234441602728047,0.0811965811965812
4943,000-000-13349,smape,0.28982778296503786,0.28982778296503786,0.23
4943,000-000-13358,smape,0.16247830906241637,0.16247830906241637,0.2375180375180375
4943,000-000-13359,smape,0.33268300479858787,0.2142562603088919,0.2215674303909598
4943,000-000-13360,smape,0.28670033670033673,0.28670033670033673,0.2662178464810044
4943,000-000-3313,smape,0.473104331181522,0.473104331181522,0.467287784679089
4943,000-000-3465,smape,0.22273685117361472,0.22273685117361472,0.20180010031197437
4943,000-000-3466,smape,0.22348640433746816,0.22348640433746816,0.1504551253633261
4943,000-000-4053,smape,0.27005735173630807,0.13072428792305452,0.170807270223288
4943,000-000-4056,smape,0.3778869338546758,0.3778869338546758,0.19884168482207698
4943,000-000-4848,smape,0.13333333333333333,0.13333333333333333,0.06666666666666667
4943,000-000-5312,smape,0.3378291735823496,0.3378291735823496,0.2971504270275959
4943,000-000-6074,smape,0.22048116105189733,0.22048116105189733,0.1991156955359742
4943,000-000-6140,smape,0.18013125505385566,0.18013125505385566,0.20668139050491993
4943,000-000-6596,smape,0.16503192848020434,0.16503192848020434,0.16503192848020434
4943,000-000-6973,smape,0.1069023569023569,0.1069023569023569,0.08838383838383838
4943,000-000-9537,smape,0.08302005012531329,0.06591478696741855,0.07415724372246112
4977,000-000-13325,smape,0.16455026455026456,0.18677248677248678,0.2523448773448773
4997,000-000-13318,smape,0.20033670033670034,0.20033670033670034,0.05555555555555555
4997,000-000-13348,smape,0.25622294372294374,0.24193722943722942,0.31746031746031744
4997,000-000-13451,smape,0.27777777777777773,0.27777777777777773,0.27777777777777773
4997,000-000-1999,smape,0.07692307692307693,0.07692307692307693,0.043478260869565216
4997,000-000-4013,smape,0.13793103448275862,0.16083624854239545,0.0941359183859003
4997,000-000-5679,smape,0.20064102564102568,0.20064102564102568,0.1937229437229437
4997,000-000-9419,smape,0.19980803510215273,0.19980803510215273,0.21814489928525016
5032,000-000-1009,smape,0.1948051948051948,0.1948051948051948,0.15736786517885845
5032,000-000-13612,smape,0.2036531210724759,0.464457794103204,0.19269619269619268
5260,000-000-11554,smape,0.2744708994708995,0.1603174603174603,0.19896878189561118
5260,000-000-13889,smape,0.16450216450216448,0.2905982905982906,0.2905982905982906
5260,000-000-3777,smape,0.44392846174281714,0.44378982042770526,0.4974103770810152
5260,000-000-6020,smape,0.25,0.21574500768049154,0.02666666666666667
5260,000-000-9419,smape,0.26621417797888386,0.26621417797888386,0.23202614379084965
526,000-000-10057,smape,0.13662964897641677,0.13662964897641677,0.10746542510706147
526,000-000-10129,smape,0.13706293706293707,0.13706293706293707,0.1629650243257432
526,000-000-10130,smape,0.3100947526166118,0.3100947526166118,0.27347252175775094
526,000-000-10131,smape,0.2435546932416145,0.2435546932416145,0.25533502723198276
526,000-000-10885,smape,0.43333333333333335,0.43333333333333335,0.37564940006885056
526,000-000-11828,smape,0.29256721094282934,0.29256721094282934,0.2634831239718722
526,000-000-11834,smape,0.3460945791812368,0.2779427470265487,0.2909422586186465
526,000-000-1999,smape,0.3684210526315789,0.3736842105263158,0.19017956459558238
526,000-000-2170,smape,0.0470614475298316,0.0470614475298316,0.07271069617129029
526,000-000-3081,smape,0.11335031466365215,0.11859363701745279,0.15709365769842068
526,000-000-3092,smape,0.2820223344474843,0.2910059143798616,0.31720391370448703
526,000-000-3113,smape,0.33895883333399185,0.3375797015898696,0.33172852255801644
526,000-000-3176,smape,0.24893746205221612,0.24893746205221612,0.22111806260551178
526,000-000-3777,smape,0.2722222222222222,0.3392593403119719,0.25818713450292397
526,000-000-4013,smape,0.32837444742206645,0.34276584910225466,0.2739421996445807
526,000-000-8721,smape,0.13333333333333333,0.20745920745920743,0.13333333333333333
526,000-000-9341,smape,0.08585594540178225,0.08585594540178225,0.14319536733329838
526,000-000-9419,smape,0.18333333333333335,0.18333333333333335,0.12222222222222223
526,000-000-9919,smape,0.23900421668685246,0.23900421668685246,0.17591615956727522
5271,000-000-3312,smape,0.3360566448801743,0.038270907836125224,0.09378812277363002
5271,000-000-3313,smape,0.12599956278117197,0.12599956278117197,0.1755050505050505
5271,000-000-6140,smape,0.2753246753246753,0.2753246753246753,0.24603174603174605
5271,000-000-6596,smape,0.26666666666666666,0.26666666666666666,0.23534798534798537
5316,000-000-6020,smape,0.29937747594793435,0.29937747594793435,0.2056309703368527
5380,000-000-3081,smape,0.20171961235316851,0.3386385040236222,0.2112093897910294
5497,000-000-13612,smape,0.1397543433180955,0.1397543433180955,0.3825197984495237
5497,000-000-13784,smape,0.22140913781780655,0.22140913781780655,0.35185185185185186
5497,000-000-7049,smape,0.15833184863208327,0.15833184863208327,0.3636896787423103
5567,000-000-11913,smape,0.30779926159695864,0.30779926159695864,0.359845365608491
5567,000-000-12625,smape,0.13774805308757584,0.14509212398723864,0.27206713675058447
5567,000-000-13151,smape,0.45,0.45,0.35524475524475524
5567,000-000-13180,smape,0.14406725988554453,0.14406725988554453,0.19493245307286147
5567,000-000-13181,smape,0.18886370241208952,0.18886370241208952,0.1914537170830077
5567,000-000-13296,smape,0.2386670347196663,0.2386670347196663,0.1592948717948718
5567,000-000-13342,smape,0.4441185764506064,0.4441185764506064,0.1869459551381748
5567,000-000-13609,smape,0.16679399032340206,0.16679399032340206,0.13777056277056277
5567,000-000-13612,smape,0.3380622147321443,0.8863979158096805,0.4962955341945245
5567,000-000-13784,smape,0.20059737156511348,0.396984126984127,0.32144638506957346
5567,000-000-3274,smape,0.2431372549019608,0.2431372549019608,0.10617173329037737
5567,000-000-3312,smape,0.153058265126282,0.153058265126282,0.24667732241162973
5567,000-000-3313,smape,0.09681429681429682,0.09681429681429682,0.38489866016316293
5567,000-000-7049,smape,0.1796426170892205,0.1796426170892205,0.2436587403510019
5578,000-000-10174,smape,0.18181818181818185,0.18181818181818185,0.018518518518518517
5578,000-000-3176,smape,0.25501241822044857,0.25501241822044857,0.21358947728582245
5625,000-000-1009,smape,0.19047619047619047,0.19047619047619047,0.07635227063798493
5625,000-000-11283,smape,0.25555555555555554,0.25555555555555554,0.16232118758434547
5625,000-000-11913,smape,0.17156536773507114,0.17156536773507114,0.1815182352888883
5625,000-000-12625,smape,0.23076923076923075,0.14893617021276595,0.008547008547008546
5625,000-000-13358,smape,0.374512987012987,0.3809232434232434,0.19788359788359788
5625,000-000-5312,smape,0.2295628962295629,0.2295628962295629,0.0955991525333556
5625,000-000-6140,smape,0.39891725921137683,0.19518999518999516,0.17667147667147667
5625,000-000-6596,smape,0.2991582491582492,0.2991582491582492,0.16714766714766713
5658,000-000-10130,smape,0.18831168831168832,0.10101010101010101,0.09104235242484089
5675,000-000-1782,smape,0.16906730842724482,0.16906730842724482,0.13582566543832478
5710,000-000-10173,smape,0.22222222222222224,0.19351851851851853,0.11904761904761903
5710,000-000-10174,smape,0.23737373737373735,0.23737373737373735,0.07407407407407407
5710,000-000-11809,smape,0.26153846153846155,0.26153846153846155,0.04288854003139717
5710,000-000-11828,smape,0.17576651910149202,0.17576651910149202,0.17215938328591893
5710,000-000-11835,smape,0.1477096862841522,0.14843840762111296,0.14528523704342602
5710,000-000-11878,smape,0.1509433962264151,0.1509433962264151,0.026124465275390463
5710,000-000-1999,smape,0.17045454545454544,0.17045454545454544,0.17676186825122997
5710,000-000-4013,smape,0.18667914136421412,0.18667914136421412,0.1987111968566917
5710,000-000-6020,smape,0.1731157731157731,0.1731157731157731,0.10791642567958358
5714,000-000-13216,smape,0.2222222222222222,0.1626984126984127,0.1111111111111111
5714,000-000-13268,smape,0.11742424242424243,0.11742424242424243,0.27777777777777773
5714,000-000-13348,smape,0.013333333333333334,0.013333333333333334,0.08042380324989021
5714,000-000-1732,smape,0.3333333333333333,0.3232323232323232,0.1111111111111111
5714,000-000-3176,smape,0.1891250404574388,0.1893689281498814,0.19194541768289267
5714,000-000-3777,smape,0.20574980574980573,0.20574980574980573,0.08888888888888889
5714,000-000-4013,smape,0.16970055812587206,0.16970055812587206,0.08918581179101827
5714,000-000-6020,smape,0.13105413105413105,0.23838383838383836,0.12707355610322732
5714,000-000-7198,smape,0.3410774410774411,0.3410774410774411,0.18716931216931218
5714,000-000-8721,smape,0.19047619047619047,0.19047619047619047,0.19047619047619047
5714,000-000-9341,smape,0.07697559310462536,0.07697559310462536,0.10656485277174932
5714,000-000-9419,smape,0.16825396825396824,0.2888888888888889,0.2888888888888889
5734,000-000-7049,smape,0.13388454664858,0.1521923686841228,0.13802977639175232
5741,000-000-1009,smape,0.22707942464040023,0.1585459302868891,0.15010835396800307
5741,000-000-10336,smape,0.48809523809523814,0.19444444444444442,0.32222222222222224
5741,000-000-11586,smape,0.3481481481481481,0.3333333333333333,0.31666666666666665
5741,000-000-12489,smape,0.300532787832559,0.300532787832559,0.142495126705653
5741,000-000-3312,smape,0.5203717377382998,0.2444147355912062,0.1395399763586638
5741,000-000-3313,smape,0.37359711335075274,0.14021614273578387,0.09571445322279583
5741,000-000-3465,smape,0.37888198757763975,0.12155388471177946,0.13293650793650794
5741,000-000-3870,smape,0.20000000000000004,0.20000000000000004,0.025641025641025644
5741,000-000-5312,smape,0.4122914122914123,0.4122914122914123,0.23315295815295814
5741,000-000-6140,smape,0.19999999999999998,0.19999999999999998,0.20292207792207792
5741,000-000-6596,smape,0.14285714285714285,0.14285714285714285,0.0
5771,000-000-11283,smape,0.20488111551210086,0.1524598671768483,0.17709846930615045
5771,000-000-12625,smape,0.24528301886792456,0.26524907656983127,0.0762990082332113
5771,000-000-12626,smape,0.13043478260869565,0.13043478260869565,0.03217646411066717
5771,000-000-2582,smape,0.23338954145609417,0.282530979263336,0.1497491975791121
5771,000-000-3274,smape,0.19047619047619047,0.16841904489426127,0.11282408394090038
5771,000-000-5312,smape,0.21568627450980393,0.0,0.02054855713392299
5771,000-000-6072,smape,0.27777777777777773,0.27777777777777773,0.25222616889283556
5771,000-000-6074,smape,0.3359610663592297,0.2590016931690435,0.2463754305427808
5771,000-000-6140,smape,0.16794871794871793,0.16794871794871793,0.20699346405228758
5799,000-000-3465,smape,0.3145225569902758,0.3145225569902758,0.14636847365151393
5799,000-000-6140,smape,0.28001628001628004,0.28001628001628004,0.29388245197068724
5823,000-000-13466,smape,0.25271739130434784,0.25271739130434784,0.18318742452992928
5833,000-000-10057,smape,0.3333333333333333,0.33600668337510436,0.08262108262108263
5833,000-000-10885,smape,0.20684185821616272,0.20684185821616272,0.15408406254177273
5833,000-000-11803,smape,0.10796221322537113,0.10494562197348574,0.07635227063798493
5833,000-000-11828,smape,0.22755484748913005,0.14121402956354412,0.07040969284115113
5833,000-000-1732,smape,0.29797979797979796,0.29797979797979796,0.2741702741702741
5833,000-000-3176,smape,0.19999999999999998,0.20264550264550263,0.20837070040615147
5833,000-000-4013,smape,0.25736182945898184,0.25736182945898184,0.25962751924710564
5833,000-000-7198,smape,0.1983766233766234,0.15343915343915343,0.15343915343915343
5833,000-000-9341,smape,0.2608187134502924,0.364032945611893,0.4836757282734294
5848,000-000-6140,smape,0.2741109530583215,0.2741109530583215,0.17413627116492647
5848,000-000-6596,smape,0.2741109530583215,0.2741109530583215,0.16330226079502838
5851,000-000-13890,smape,0.06018518518518518,0.09788359788359786,0.09788359788359786
5883,000-000-10130,smape,0.2727272727272727,0.0,0.03333333333333333
5883,000-000-11554,smape,0.25512265512265514,0.26533554135507803,0.274363501139451
5883,000-000-3176,smape,0.150997150997151,0.150997150997151,0.12273757988043703
5883,000-000-9419,smape,0.0,0.0,0.0
5889,000-000-13612,smape,0.150089605734767,0.10780717786478651,0.22341401282358264
5905,000-000-1009,smape,0.09433962264150945,0.09433962264150945,0.048928552553096714
5905,000-000-11283,smape,0.1481597180503825,0.1481597180503825,0.09759069026951216
5905,000-000-4056,smape,0.1678826569387445,0.1678826569387445,0.13407271740605073
5905,000-000-5312,smape,0.36126526082130966,0.3381895881895882,0.20610639891016716
5905,000-000-6140,smape,0.27228327228327226,0.4847623391101652,0.3211038961038961
5932,000-000-9419,smape,0.13425925925925927,0.13425925925925927,0.023809523809523808
5978,000-000-3313,smape,0.5274534161490684,0.5274534161490684,0.33746213746213743
5981,000-000-11913,smape,0.13043478260869565,0.047619047619047616,0.02279368790181181
5981,000-000-12625,smape,0.1836734693877551,0.1836734693877551,0.054821777453654935
5981,000-000-13349,smape,0.2615304840934131,0.26591644900569383,0.2552285197022039
5981,000-000-13358,smape,0.22737373737373737,0.19345709043851458,0.16483329765063512
5981,000-000-13360,smape,0.30952380952380953,0.06666666666666667,0.06666666666666667
5981,000-000-13612,smape,0.1538081039225204,0.1538081039225204,0.39422963136957206
5981,000-000-3312,smape,0.327500184840781,0.1436643056266712,0.14531287469818202
5981,000-000-3313,smape,0.24114503405880353,0.24114503405880353,0.18821617535903248
5981,000-000-6140,smape,0.250363671416303,0.3796296296296296,0.2632756132756133
5981,000-000-7049,smape,0.13504273504273503,0.12661045850701025,0.13718475073313782
6011,000-000-3313,smape,0.19385480555693324,0.19385480555693324,0.17219118430500543
6011,000-000-6140,smape,0.3733469595538561,0.3788414650483616,0.35093261888493305
6011,000-000-6596,smape,0.2858784893267652,0.2858784893267652,0.27092480364791577
606,000-000-5671,smape,0.12832244008714597,0.12832244008714597,0.2654761904761905
606,000-000-9341,smape,0.2727272727272727,0.2727272727272727,0.018518518518518517
6110,000-000-10130,smape,0.16244314489928524,0.16244314489928524,0.06642029784886928
6110,000-000-10131,smape,0.18168310802581902,0.18336006217336753,0.22298703714911425
6110,000-000-10173,smape,0.23140911376205495,0.23140911376205495,0.3325396825396825
6110,000-000-10204,smape,0.07692307692307693,0.07692307692307693,0.02666666666666667
6110,000-000-11646,smape,0.075565361279647,0.1345336334083521,0.22159244264507424
6110,000-000-1732,smape,0.16065416065416063,0.16065416065416063,0.1074074074074074
6110,000-000-1999,smape,0.16666666666666666,0.16666666666666666,0.09059350235820825
6110,000-000-2001,smape,0.15714285714285714,0.08888888888888889,0.10243727598566309
6110,000-000-3176,smape,0.15234729470861916,0.20307541621369632,0.38993910422481853
6110,000-000-4013,smape,0.21807011955703257,0.21807011955703257,0.23000525083519333
6110,000-000-6020,smape,0.22580645161290322,0.22580645161290322,0.21150907286979173
6110,000-000-9341,smape,0.19047619047619047,0.16926406926406926,0.1328042328042328
6110,000-000-9419,smape,0.3457057676871918,0.30388266417678184,0.33300735498877915
6172,000-000-11283,smape,0.22707311270220462,0.20470712891647655,0.17668400391660152
6172,000-000-11913,smape,0.17808219178082188,0.17808219178082188,0.10406606672519754
6172,000-000-12625,smape,0.14674853411096003,0.14674853411096003,0.17712842712842713
6172,000-000-3274,smape,0.2644183773216031,0.09420289855072463,0.1857864357864358
6172,000-000-4053,smape,0.1722943722943723,0.1722943722943723,0.1323324651498026
6172,000-000-4056,smape,0.21832743915123776,0.20524631737446383,0.13057889822595706
6172,000-000-6074,smape,0.375,0.375,0.2448107448107448
6172,000-000-6140,smape,0.30196078431372547,0.30196078431372547,0.2235897435897436
6172,000-000-6596,smape,0.1275252525252525,0.1275252525252525,0.14185400774275456
6294,000-000-10340,smape,0.19936204146730463,0.19936204146730463,0.18226600985221675
6294,000-000-10341,smape,0.17727501256913022,0.17727501256913022,0.1414141414141414
6294,000-000-10342,smape,0.2660185150635066,0.2660185150635066,0.2548908418473636
6294,000-000-11283,smape,0.25721432267921834,0.25721432267921834,0.27244602483923125
6294,000-000-11584,smape,0.22471509971509973,0.273734707558237,0.16653660349312524
6294,000-000-11586,smape,0.21299837598857208,0.18151709401709404,0.19583350721458137
6294,000-000-11913,smape,0.19768403639371382,0.19768403639371382,0.07753467240554758
6294,000-000-13358,smape,0.18909412085882674,0.18909412085882674,0.24983740622685854
6294,000-000-13359,smape,0.15235080271312154,0.22551621218287887,0.14047589239405098
6294,000-000-3274,smape,0.3365020192606399,0.3365020192606399,0.25309686007360427
6294,000-000-3313,smape,0.4018349978053053,0.4018349978053053,0.36959902840666264
6294,000-000-3465,smape,0.25513538748832865,0.31826333142122615,0.25369095914227763
6294,000-000-3466,smape,0.30887183235867444,0.30887183235867444,0.22655677655677656
6294,000-000-4053,smape,0.21855921855921856,0.21855921855921856,0.1037037037037037
6294,000-000-4056,smape,0.36507936507936506,0.3406593406593406,0.037037037037037035
6294,000-000-4848,smape,0.09230769230769231,0.07968142968142967,0.09654234654234654
6294,000-000-5312,smape,0.11451756078051774,0.15873524785534768,0.12976110881691674
6294,000-000-6072,smape,0.20857884399551066,0.20857884399551066,0.17246642246642244
6294,000-000-6074,smape,0.28518518518518515,0.28518518518518515,0.15063700918964076
6294,000-000-6140,smape,0.32439634031314846,0.32439634031314846,0.3071847439713236
6294,000-000-6596,smape,0.2286352657004831,0.3096619589435681,0.23476271668087523
6294,000-000-9537,smape,0.1014451192082771,0.1014451192082771,0.19763732999027117
6301,000-000-12450,smape,0.1575091575091575,0.16666666666666666,0.07575757575757576
6301,000-000-13239,smape,0.16666666666666666,0.16666666666666666,0.17670309230411532
6301,000-000-13268,smape,0.1473063973063973,0.1473063973063973,0.12943722943722943
6301,000-000-13348,smape,0.14740829346092504,0.14740829346092504,0.22217752689720652
6301,000-000-13451,smape,0.0,0.0,0.0
6301,000-000-13625,smape,0.2111111111111111,0.19722222222222222,0.20915750915750916
6301,000-000-3777,smape,0.1619047619047619,0.1509157509157509,0.12393162393162394
6301,000-000-4013,smape,0.2763761784547525,0.2763761784547525,0.2523479244424882
6301,000-000-9341,smape,0.16399051928463693,0.16399051928463693,0.14444444444444446
6301,000-000-9419,smape,0.22171945701357468,0.22171945701357468,0.16666666666666666
6358,000-000-10057,smape,0.1600082311785284,0.1600082311785284,0.17815080217289145
6358,000-000-10173,smape,0.4682539682539682,0.25,0.25
6358,000-000-11828,smape,0.2219020172910663,0.2219020172910663,0.03202283631497436
6358,000-000-3176,smape,0.20000000000000004,0.20000000000000004,0.043401759530791784
6406,000-000-13151,smape,0.22777777777777777,0.16825396825396824,0.16825396825396824
6406,000-000-3870,smape,0.33389926428975664,0.33389926428975664,0.2784313725490196
6406,000-000-3871,smape,0.25,0.25,0.13186813186813187
6488,000-000-1732,smape,0.19088319088319086,0.19088319088319086,0.2222222222222222
6492,000-000-11645,smape,0.14789915966386555,0.14789915966386555,0.15893719806763285
6492,000-000-11646,smape,0.20865384615384616,0.21250981782291078,0.2553595473061649
6492,000-000-13012,smape,0.13043478260869565,0.13043478260869565,0.031746031746031744
6492,000-000-13025,smape,0.16666666666666666,0.16666666666666666,0.015873015873015872
6492,000-000-1999,smape,0.14586530264279626,0.14586530264279626,0.13007819867575965
6492,000-000-2001,smape,0.17821824381926685,0.14444444444444446,0.14047357315239503
6492,000-000-2170,smape,0.20000000000000004,0.20000000000000004,0.02666666666666667
6492,000-000-2301,smape,0.13809523809523808,0.13809523809523808,0.20248074161117638
6492,000-000-3176,smape,0.1288527276322852,0.1288527276322852,0.20364972563554126
6492,000-000-4013,smape,0.3207357256413681,0.3207357256413681,0.1571591948398828
6492,000-000-6020,smape,0.15055315055315055,0.15055315055315055,0.1928335248807013
6492,000-000-6178,smape,0.20000000000000004,0.20000000000000004,0.0517948717948718
6516,000-000-13884,smape,0.14814814814814814,0.14814814814814814,0.13137587050630528
6558,000-000-1693,smape,0.13389355742296918,0.13389355742296918,0.14428936855407445
6558,000-000-6020,smape,0.1481597180503825,0.1481597180503825,0.09038288288288289
6605,000-000-1009,smape,0.25,0.25,0.02680272108843537
6605,000-000-10342,smape,0.38346227041879216,0.38346227041879216,0.355089111668059
6605,000-000-11283,smape,0.11636008918617614,0.11636008918617614,0.10053845790803739
6605,000-000-11584,smape,0.35480465352588114,0.35480465352588114,0.37164224664224665
6605,000-000-11586,smape,0.45726495726495725,0.41565023670286827,0.28174603174603174
6605,000-000-13358,smape,0.13247863247863248,0.13247863247863248,0.19159852493185825
6605,000-000-3465,smape,0.10376033702605712,0.10376033702605712,0.11880511558988967
6605,000-000-3870,smape,0.196969696969697,0.196969696969697,0.1619047619047619
6605,000-000-3871,smape,0.2923076923076923,0.317053317053317,0.1976190476190476
6605,000-000-4303,smape,0.23661316053153636,0.441554279054279,0.30608715678174175
6605,000-000-5312,smape,0.14708541644505904,0.14708541644505904,0.14891110829794732
6605,000-000-6140,smape,0.13482399605832587,0.22268452159756505,0.11134313412794426
6605,000-000-6596,smape,0.3574377689066457,0.38481703026038,0.5004447537291274
6614,000-000-10174,smape,0.19107744107744107,0.19107744107744107,0.15238095238095237
6614,000-000-3176,smape,0.13535353535353534,0.13535353535353534,0.2025511743158802
6627,000-000-13612,smape,0.5716783216783217,0.24603174603174602,0.29934479453930257
6627,000-000-6140,smape,0.3904761904761904,0.3904761904761904,0.26666666666666666
6655,000-000-8721,smape,0.2995475113122172,0.08888888888888889,0.08888888888888889
6699,000-000-13523,smape,0.3266595195257999,0.3240187038432652,0.23913857269892258
6761,000-000-11283,smape,0.3401571268237935,0.30237948931312775,0.21555309131025915
6761,000-000-11586,smape,0.10524551701022289,0.10524551701022289,0.16631146631146632
6761,000-000-11913,smape,0.10447761194029852,0.10447761194029852,0.07325770865248621
6761,000-000-12404,smape,0.19047619047619047,0.16938616938616938,0.24444444444444444
6761,000-000-12553,smape,0.16363079644813391,0.16363079644813391,0.26494202964791197
6761,000-000-12976,smape,0.40196078431372545,0.08728460478591604,0.10338421164957988
6761,000-000-13358,smape,0.23347186700767264,0.23347186700767264,0.1313949938949939
6761,000-000-3274,smape,0.12195121951219512,0.0909090909090909,0.13709677419354838
6761,000-000-3465,smape,0.46530214424951266,0.1097902097902098,0.25811965811965815
6761,000-000-4053,smape,0.14432129173508484,0.13215197956577265,0.15986217612233874
6761,000-000-4056,smape,0.33133266688182034,0.33133266688182034,0.2111111111111111
6761,000-000-6072,smape,0.2625327812284334,0.2625327812284334,0.23075396825396824
6761,000-000-6074,smape,0.36727215200846036,0.3717705775595175,0.2749059219647455
6761,000-000-6140,smape,0.24697368421052632,0.24697368421052632,0.2197783461210571
6793,000-000-4056,smape,0.4561965811965812,0.23737373737373738,0.16666666666666666
6793,000-000-6140,smape,0.5753501400560225,0.20952380952380953,0.15
6797,000-000-13177,smape,0.18509087954059103,0.18509087954059103,0.14073704229244396
6797,000-000-3870,smape,0.3684210526315789,0.3684210526315789,0.286764705882353
6797,000-000-3871,smape,0.29411764705882354,0.29411764705882354,0.06410256410256411
6797,000-000-7754,smape,0.07692307692307693,0.07692307692307693,0.07575757575757576
6805,000-000-3870,smape,0.07692307692307693,0.07692307692307693,0.0
6822,000-000-10340,smape,0.2724867724867725,0.363973063973064,0.2724867724867725
6822,000-000-10342,smape,0.23082010582010581,0.19907407407407407,0.1988936988936989
6822,000-000-11283,smape,0.33929773929773926,0.3052068302068302,0.3044163438900281
6822,000-000-11586,smape,0.13764013764013763,0.13764013764013763,0.10790598290598291
6822,000-000-13358,smape,0.31045574795574793,0.31045574795574793,0.3286375661375661
6822,000-000-4056,smape,0.21724941724941726,0.21724941724941726,0.14761904761904762
6822,000-000-5312,smape,0.234006734006734,0.27586163836163835,0.24167598483387956
6822,000-000-6072,smape,0.25133689839572193,0.17094017094017092,0.17045454545454544
6822,000-000-6140,smape,0.3673550391816645,0.3673550391816645,0.42602495543672014
6822,000-000-6596,smape,0.3782967032967033,0.24074074074074073,0.30026455026455023
6831,000-000-12490,smape,0.16296296296296295,0.16296296296296295,0.2115079365079365
6831,000-000-12496,smape,0.3333333333333333,0.3333333333333333,0.20000000000000004
6831,000-000-12504,smape,0.15714285714285714,0.15714285714285714,0.17936507936507937
6831,000-000-12963,smape,0.2507575757575758,0.2507575757575758,0.2507575757575758
6831,000-000-13088,smape,0.30158730158730157,0.25555555555555554,0.16666666666666666
6883,000-000-11283,smape,0.3808857808857809,0.3808857808857809,0.16865079365079363
6883,000-000-3871,smape,0.25,0.25,0.12087912087912088
6901,000-000-4053,smape,0.15325877825877826,0.24743589743589745,0.12222222222222223
6901,000-000-4056,smape,0.32861311527978193,0.2843888567572778,0.1641711229946524
6901,000-000-6140,smape,0.3355988163290395,0.46113984055160523,0.414781746031746
6901,000-000-6596,smape,0.24047619047619048,0.24047619047619048,0.20432900432900433
6929,000-000-13612,smape,0.07911428900934149,0.07911428900934149,0.07936507936507936
6929,000-000-5312,smape,0.23401239283592223,0.23401239283592223,0.2600371120107962
6975,000-000-1009,smape,0.19220291720291718,0.19220291720291718,0.23912408215979644
6975,000-000-4056,smape,0.23753196930946294,0.23753196930946294,0.16891587944219522
6975,000-000-6140,smape,0.23282238916913842,0.23282238916913842,0.2242820360467419
7031,000-000-10340,smape,0.19761072261072263,0.19634809634809636,0.31842231842231844
7031,000-000-10341,smape,0.18658008658008654,0.18658008658008654,0.25555555555555554
7031,000-000-11283,smape,0.164021164021164,0.164021164021164,0.048484848484848485
7031,000-000-11586,smape,0.22648902821316616,0.22648902821316616,0.3080246913580247
7031,000-000-13784,smape,0.3333333333333333,0.21587301587301586,0.23174603174603173
7031,000-000-3313,smape,0.12380952380952381,0.12380952380952381,0.23424443617109292
7031,000-000-3465,smape,0.14791663184636727,0.14444444444444446,0.15299145299145298
7031,000-000-3466,smape,0.10577415416125095,0.10577415416125095,0.08609262301769645
7031,000-000-4053,smape,0.30314448912980124,0.43288574663821405,0.24838305682782333
7031,000-000-4056,smape,0.3253967413820535,0.3253967413820535,0.2539492246173832
7031,000-000-5312,smape,0.10311307985726591,0.10311307985726591,0.07629005661135645
7031,000-000-6072,smape,0.20802005012531324,0.19886254096780412,0.1801994301994302
7031,000-000-6074,smape,0.29497354497354494,0.29497354497354494,0.2262178825646318
7031,000-000-6140,smape,0.2528891398456616,0.2528891398456616,0.32105966788629325
710,000-000-13612,smape,0.14415503553829223,0.14624143600692838,0.34095126754653865
710,000-000-13784,smape,0.12576576576576579,0.12576576576576579,0.15279503105590062
7132,000-000-6596,smape,0.18095238095238098,0.18095238095238098,0.18095238095238098
7201,000-000-10130,smape,0.138375350140056,0.138375350140056,0.09038288288288288
7201,000-000-10174,smape,0.11253561253561255,0.11253561253561255,0.1111111111111111
7201,000-000-11646,smape,0.17157275021026075,0.17157275021026075,0.17527454580086158
7201,000-000-12882,smape,0.15656289834644058,0.15656289834644058,0.13000661719284953
7201,000-000-13099,smape,0.17889135426383962,0.1886393452726457,0.13298101208528498
7201,000-000-13287,smape,0.27955438515874,0.2990958208536058,0.31188305084337004
7201,000-000-13348,smape,0.2333333333333333,0.2333333333333333,0.10476190476190476
7201,000-000-3176,smape,0.2900237017884077,0.3666666666666667,0.37625125551954824
7201,000-000-6020,smape,0.18095238095238098,0.22547303492539802,0.1484862519345278
7201,000-000-7198,smape,0.1714285714285714,0.1714285714285714,0.1714285714285714
7201,000-000-9341,smape,0.3446732773963895,0.3446732773963895,0.2357788410419989
7201,000-000-9419,smape,0.13665158371040723,0.13665158371040723,0.17286417286417288
7305,000-000-12625,smape,0.2349624060150376,0.2349624060150376,0.2277586011601357
7305,000-000-4303,smape,0.30204525667120546,0.2870431037935688,0.30171923842000564
7305,000-000-6140,smape,0.09117178292081861,0.1066844958149306,0.16127990103672046
7305,000-000-6596,smape,0.3077892960244368,0.3077892960244368,0.27579333082477736
7341,000-000-12490,smape,0.2916666666666667,0.2916666666666667,0.2087912087912088
7341,000-000-12963,smape,0.20910637798509654,0.20910637798509654,0.16888340417752182
7350,000-000-3113,smape,0.16033516033516035,0.07980456026058631,0.09560147623956199
7443,000-000-10057,smape,0.3508100813363971,0.19365079365079363,0.35507750665645404
7443,000-000-11554,smape,0.1746625624966639,0.20594674523981318,0.18504273504273505
7521,000-000-11646,smape,0.14761904761904762,0.14761904761904762,0.14757466352293938
7521,000-000-13889,smape,0.11597503373819162,0.11597503373819162,0.10404040404040404
7521,000-000-3176,smape,0.2222222222222222,0.49001053622362994,0.29786314992360235
7521,000-000-4013,smape,0.179757343550447,0.179757343550447,0.19036794575894142
7521,000-000-6020,smape,0.15238095238095237,0.15238095238095237,0.21016691437420354
7524,000-000-10057,smape,0.15238095238095237,0.15238095238095237,0.10180836707152496
7524,000-000-10129,smape,0.12768712768712767,0.12768712768712767,0.09700067476383267
7524,000-000-10130,smape,0.15616742023343674,0.15616742023343674,0.15779067300365476
7524,000-000-10204,smape,0.2943759009250382,0.31510226644555,0.21328635903103987
7524,000-000-10885,smape,0.20678850843324528,0.20678850843324528,0.20010361662746654
7524,000-000-11645,smape,0.18095238095238098,0.150997150997151,0.1251051051051051
7524,000-000-11646,smape,0.17545676003343116,0.17545676003343116,0.1465154507550821
7524,000-000-11803,smape,0.12727272727272726,0.0,0.03346938775510204
7524,000-000-11809,smape,0.138375350140056,0.15714285714285714,0.11197088383072211
7524,000-000-11828,smape,0.2702702702702703,0.25866495507060333,0.0329080273737141
7524,000-000-11878,smape,0.1647962071592423,0.11876957129468813,0.10714603247685679
7524,000-000-13348,smape,0.22539682539682537,0.22539682539682537,0.12845117845117845
7524,000-000-1693,smape,0.14285714285714285,0.14285714285714285,0.02666666666666667
7524,000-000-1999,smape,0.26476737772418835,0.26476737772418835,0.20904477727323145
7524,000-000-2001,smape,0.19059011164274323,0.19059011164274323,0.12698023224339014
7524,000-000-2170,smape,0.14285714285714285,0.14285714285714285,0.02666666666666667
7524,000-000-2528,smape,0.16815787803794657,0.16815787803794657,0.17211616734429994
7524,000-000-3176,smape,0.20593109335217152,0.20593109335217152,0.21800848467515133
7524,000-000-4013,smape,0.21636063692002527,0.3178266178266178,0.22438101474305452
7524,000-000-6020,smape,0.20332991138329382,0.21356421356421354,0.18056384463758357
7524,000-000-7198,smape,0.07936507936507936,0.07936507936507936,0.07936507936507936
7524,000-000-9341,smape,0.2367889420520999,0.2367889420520999,0.2248196248196248
7524,000-000-9419,smape,0.2189614307261366,0.22848524024994613,0.20158730158730157
7543,000-000-1009,smape,0.2173178709485578,0.39144350947756523,0.2778008435023429
7543,000-000-11283,smape,0.17967140072403232,0.17967140072403232,0.17887564475586257
7543,000-000-13324,smape,0.10317460317460318,0.10317460317460318,0.10317460317460318
7543,000-000-13340,smape,0.13080065359477125,0.13080065359477125,0.2083028083028083
7543,000-000-13358,smape,0.07515873015873016,0.07515873015873016,0.10312314602932453
7543,000-000-13359,smape,0.18670246162506224,0.11250386442202298,0.12937370600414078
7543,000-000-13360,smape,0.17936507936507937,0.2662337662337662,0.17936507936507937
7543,000-000-3465,smape,0.173994708994709,0.17764809902740938,0.17984266221108325
7543,000-000-3466,smape,0.14935064935064934,0.15838896208461425,0.14048481711525188
7543,000-000-4056,smape,0.13076923076923078,0.13076923076923078,0.19047619047619047
7543,000-000-5312,smape,0.22188513664486206,0.22188513664486206,0.22188513664486206
7543,000-000-6072,smape,0.16666666666666666,0.16666666666666666,0.0
7543,000-000-6140,smape,0.2313888888888889,0.18878509404825194,0.2022860354968198
7543,000-000-6596,smape,0.21932748538011695,0.15284160284160284,0.18081077872744541
7543,000-000-7463,smape,0.17094017094017092,0.17094017094017092,0.16666666666666666
7554,000-000-12450,smape,0.10028011204481792,0.13557422969187674,0.11452991452991453
7554,000-000-13348,smape,0.12498743086978381,0.12498743086978381,0.16163003663003664
7554,000-000-1732,smape,0.32996632996632996,0.4836056644880174,0.4246031746031746
7554,000-000-1999,smape,0.08288288288288288,0.08288288288288288,0.09813664596273292
7554,000-000-3176,smape,0.1619047619047619,0.1619047619047619,0.15515730734180558
7554,000-000-5044,smape,0.1111111111111111,0.1111111111111111,0.2222222222222222
7554,000-000-9419,smape,0.15343915343915343,0.3747297536771221,0.15934065934065933
7629,000-000-11913,smape,0.2053879233749156,0.2053879233749156,0.13441175375109782
7629,000-000-3312,smape,0.5553429027113238,0.5553429027113238,0.14763107263107264
7629,000-000-3313,smape,0.16239586957050808,0.16239586957050808,0.11960620025136154
7634,000-000-12976,smape,0.5222869334563488,0.5222869334563488,0.19614589958950293
7634,000-000-6140,smape,0.12741221332902147,0.13268964151317095,0.18734367889032044
763,000-000-13162,smape,0.17119565217391305,0.17119565217391305,0.20031729328959588
7672,000-000-6020,smape,0.17640692640692643,0.17640692640692643,0.21652421652421652
7672,000-000-9419,smape,0.3129324379324379,0.3129324379324379,0.2901912901912902
7678,000-000-6020,smape,0.21710526315789472,0.21710526315789472,0.07345064521535109
7698,000-000-13216,smape,0.4124347413383958,0.03333333333333333,0.10793650793650793
7806,000-000-6020,smape,0.1412920797767009,0.1412920797767009,0.12964545917332296
788,000-000-3092,smape,0.022099447513812154,0.21443736730360938,0.18220213860115006
8035,000-000-10173,smape,0.22222222222222224,0.22222222222222224,0.16122004357298472
8035,000-000-10174,smape,0.0,0.0,0.0
8035,000-000-1732,smape,0.19999999999999998,0.19999999999999998,0.2031746031746032
8035,000-000-3176,smape,0.18727713592925402,0.18727713592925402,0.18387024471748478
8035,000-000-3750,smape,0.08888888888888889,0.08888888888888889,0.12079124579124578
8035,000-000-6020,smape,0.13706293706293704,0.13706293706293704,0.1572670186277375
8035,000-000-7198,smape,0.2031746031746032,0.2031746031746032,0.2031746031746032
8035,000-000-8721,smape,0.1364796994738122,0.1364796994738122,0.1508628626275685
8035,000-000-9341,smape,0.20935672514619882,0.20935672514619882,0.20155945419103313
8035,000-000-9419,smape,0.3021848739495798,0.3272829131652661,0.1896184709483942
8120,000-000-3870,smape,0.23846153846153847,0.23846153846153847,0.17022702361577044
8120,000-000-3871,smape,0.3333333333333333,0.20714285714285716,0.14285714285714285
8120,000-000-6140,smape,0.2222222222222222,0.2222222222222222,0.196969696969697
8142,000-000-11661,smape,0.2156545209176788,0.2073385126016705,0.17950342687184792
8177,000-000-13358,smape,0.08322649572649572,0.09421550671550671,0.08322649572649572
8177,000-000-13360,smape,0.21587301587301586,0.21587301587301586,0.14603174603174604
8177,000-000-13612,smape,0.45275039156458013,0.49265240472670807,0.48439845727772884
8177,000-000-13890,smape,0.29365079365079366,0.25555555555555554,0.07393162393162393
8177,000-000-3313,smape,0.14039855072463767,0.14039855072463767,0.13514682344218873
8177,000-000-6140,smape,0.15529127305443094,0.15529127305443094,0.18107448107448107
8224,000-000-3312,smape,0.2543861217106831,0.2543861217106831,0.18878207954846107
8246,000-000-13546,smape,0.2589436707083766,0.2589436707083766,0.21025733525733525
8246,000-000-13890,smape,0.4361111111111111,0.4361111111111111,0.38730158730158726
8246,000-000-6140,smape,0.24945054945054945,0.4466036718482864,0.2862250322776639
8248,000-000-13358,smape,0.3072649572649573,0.3072649572649573,0.29406995750245174
8248,000-000-6140,smape,0.23341867212834955,0.2121400482181467,0.1836057091071689
8248,000-000-7049,smape,0.23534268279907813,0.23534268279907813,0.40121819220074223
8257,000-000-10129,smape,0.1111111111111111,0.1111111111111111,0.014492753623188406
8257,000-000-10130,smape,0.14393939393939395,0.14393939393939395,0.19055330634278
8257,000-000-10173,smape,0.07566137566137567,0.14314986101229202,0.07566137566137567
8257,000-000-10174,smape,0.06362229102167183,0.09482038429406851,0.07922584238373712
8257,000-000-11784,smape,0.13705794276351102,0.13705794276351102,0.13915378986113
8257,000-000-12334,smape,0.3105738371903785,0.3105738371903785,0.29324584435009265
8257,000-000-12842,smape,0.20377757039091995,0.1988936988936989,0.2031168748281952
8257,000-000-12882,smape,0.31179027863342307,0.3554157349504598,0.2567136962415215
8257,000-000-13099,smape,0.3016327338254971,0.3016327338254971,0.15374364892479944
8257,000-000-13348,smape,0.302020202020202,0.9629629629629629,0.12337662337662336
8257,000-000-13889,smape,0.18282051282051281,0.2295751633986928,0.17049363605091158
8257,000-000-1999,smape,0.10774410774410774,0.10774410774410774,0.04750000000000001
8257,000-000-2001,smape,0.20000000000000004,0.1572705710636745,0.02666666666666667
8257,000-000-2170,smape,0.060215053763440864,0.060215053763440864,0.06032051282051282
8257,000-000-3176,smape,0.20661762246629298,0.3205861814227075,0.24774245615237023
8257,000-000-3612,smape,0.351200502451997,0.33099991357704606,0.3297837788589221
8257,000-000-3750,smape,0.35714285714285715,0.35714285714285715,0.19234360410830997
8257,000-000-3777,smape,0.11375661375661376,0.11375661375661376,0.11378294907706672
8257,000-000-4013,smape,0.21009237871890607,0.21009237871890607,0.27732920792817906
8257,000-000-6020,smape,0.4146341463414634,0.4146341463414634,0.22876007011157176
8257,000-000-8722,smape,0.23838383838383836,0.2482620320855615,0.08222222222222221
8257,000-000-9341,smape,0.1909502262443439,0.1909502262443439,0.1253968253968254
8257,000-000-9419,smape,0.24760560789972552,0.24760560789972552,0.17936507936507937
8257,000-000-9919,smape,0.30844340844340845,0.30844340844340845,0.2129911308535619
8582,000-000-10173,smape,0.12894975394975394,0.15007215007215005,0.12894975394975394
8666,000-000-11283,smape,0.2698412698412698,0.19452442981854745,0.15645095645095644
8666,000-000-13890,smape,0.09427609427609428,0.30158730158730157,0.27777777777777773
8666,000-000-3313,smape,0.19718850252293207,0.19718850252293207,0.18487654320987654
8666,000-000-3870,smape,0.14285714285714285,0.14285714285714285,0.0
8666,000-000-5312,smape,0.14113337642749407,0.14113337642749407,0.13132945485886663
8666,000-000-6973,smape,0.24603174603174602,0.24603174603174602,0.15714285714285714
871,000-000-3313,smape,0.34058534058534057,0.25,0.22252077424491215
901,000-000-10057,smape,0.14759902278825746,0.14759902278825746,0.1460574513206092
901,000-000-10174,smape,0.18059718059718058,0.18059718059718058,0.1647241647241647
901,000-000-7198,smape,0.30158730158730157,0.30158730158730157,0.16666666666666666
9093,000-000-1009,smape,0.15789473684210525,0.0,0.017296280214213342
9093,000-000-11664,smape,0.29515538527032775,0.29515538527032775,0.13510036425637448
9093,000-000-12625,smape,0.12538923065238852,0.12538923065238852,0.1859849725703384
9093,000-000-13181,smape,0.19568375181572942,0.19568375181572942,0.14993841180075237
9093,000-000-13323,smape,0.16591478696741854,0.16591478696741854,0.1825814536340852
9093,000-000-13324,smape,0.19097186700767266,0.19097186700767266,0.17626598465473145
9093,000-000-13325,smape,0.17890837494418058,0.17890837494418058,0.16635338345864661
9093,000-000-13340,smape,0.12280701754385964,0.12280701754385964,0.13641051426895345
9093,000-000-13349,smape,0.10723708980666981,0.14220918185916817,0.07832625525560509
9093,000-000-13364,smape,0.23362342305876002,0.23362342305876002,0.13632167290703875
9093,000-000-13609,smape,0.2515873015873016,0.2515873015873016,0.14689966466282256
9093,000-000-13612,smape,0.20243260537378185,0.20243260537378185,0.2124779472429372
9093,000-000-3465,smape,0.31094340220879974,0.31094340220879974,0.16784244975382775
9093,000-000-3466,smape,0.12060041407867494,0.12060041407867494,0.0729666543620032
9093,000-000-6140,smape,0.359253977818051,0.9487179487179488,0.1528194744229042
9093,000-000-6973,smape,0.20634920634920637,0.20634920634920637,0.06666666666666667
9093,000-000-7049,smape,0.19515151515151516,0.19515151515151516,0.26299553490086663
9093,000-000-7167,smape,0.14285714285714285,0.14285714285714285,0.0
9155,000-000-11283,smape,0.18181818181818185,0.18181818181818185,0.018518518518518517
9155,000-000-13342,smape,0.3548387096774193,0.3548387096774193,0.030139451192082767
9155,000-000-3465,smape,0.16666666666666666,0.16666666666666666,0.13787737317149082
9155,000-000-3870,smape,0.10796221322537113,0.10796221322537113,0.0951417004048583
9155,000-000-5312,smape,0.24456700221317915,0.24456700221317915,0.07968696250429996
9155,000-000-6074,smape,0.17445054945054947,0.1882531719488241,0.1597222222222222
9155,000-000-6140,smape,0.12551892551892552,0.11163003663003664,0.19148629148629148
9158,000-000-3313,smape,0.31486383018328606,0.2953297575939085,0.27208290541623875
9158,000-000-4053,smape,0.1986161986161986,0.1986161986161986,0.19882568411980175
9158,000-000-4056,smape,0.33687363834422657,0.33687363834422657,0.2912698412698413
9158,000-000-7049,smape,0.4149143610013175,0.4149143610013175,0.32591706539074955
9158,000-000-7167,smape,0.2115079365079365,0.2115079365079365,0.2115079365079365
9521,000-000-12489,smape,0.25963557140027727,0.25963557140027727,0.27324989824989826
9521,000-000-12490,smape,0.20725461901932488,0.20725461901932488,0.19326599326599325
9521,000-000-3871,smape,0.14285714285714285,0.14285714285714285,0.05128205128205129
9521,000-000-5312,smape,0.4201631701631701,0.19108669108669107,0.14346764346764349
9521,000-000-6140,smape,0.19218559218559217,0.19218559218559217,0.12481962481962482
9521,000-000-6596,smape,0.16666666666666666,0.16666666666666666,0.13809523809523808
9521,000-000-6973,smape,0.21428571428571427,0.21428571428571427,0.12380952380952381
9521,000-000-7049,smape,0.17186147186147185,0.17186147186147185,0.1770815250269602
9524,000-000-12625,smape,0.24009324009324007,0.212204971629366,0.07692372227255949
9524,000-000-12626,smape,0.2108262108262108,0.2108262108262108,0.08385990054936704
9524,000-000-3465,smape,0.0975844956135193,0.0975844956135193,0.09403711043055306
9524,000-000-5312,smape,0.16917293233082706,0.16917293233082706,0.16390316794765733
9524,000-000-6140,smape,0.1704204204204204,0.04158249158249158,0.05924034146188369
9524,000-000-6973,smape,0.12380952380952381,0.14761904761904762,0.12380952380952381
9524,000-000-7167,smape,0.20899470899470898,0.20899470899470898,0.1919006919006919
9546,000-000-10341,smape,0.2710955710955711,0.2710955710955711,0.19999999999999998
9546,000-000-10342,smape,0.2710955710955711,0.2710955710955711,0.22393162393162394
9546,000-000-11283,smape,0.1751605033720074,0.2317860067860068,0.19670384634309837
9546,000-000-11586,smape,0.11282051282051282,0.11282051282051282,0.20093795093795094
9546,000-000-11905,smape,0.24050632911392408,0.24050632911392408,0.15773958639849636
9546,000-000-11913,smape,0.2278468899521531,0.2278468899521531,0.25256584601244797
9546,000-000-12490,smape,0.1574074074074074,0.1574074074074074,0.12169312169312169
9546,000-000-12497,smape,0.20370370370370372,0.20370370370370372,0.09523809523809523
9546,000-000-13017,smape,0.22020202020202018,0.22020202020202018,0.16017316017316016
9546,000-000-13324,smape,0.14019155795471586,0.24204340980656772,0.12947031039136303
9546,000-000-13325,smape,0.09722222222222221,0.09722222222222221,0.13563824090139878
9546,000-000-13326,smape,0.2072199730094467,0.1871698476961635,0.14219367588932805
9546,000-000-3274,smape,0.20000000000000004,0.20000000000000004,0.09091871075183013
9546,000-000-3313,smape,0.1111111111111111,0.1111111111111111,0.08676233210419536
9546,000-000-3465,smape,0.18744025567494163,0.2790907050685892,0.25155412859087317
9546,000-000-3466,smape,0.15942028985507245,0.15942028985507245,0.14309385726121435
9546,000-000-5312,smape,0.29976396538158934,0.29976396538158934,0.2546353464386251
9546,000-000-6140,smape,0.222546456824212,0.2786473429951691,0.17988001210961366
9546,000-000-6973,smape,0.23809523809523805,0.10000000000000002,0.16511224907027008
9571,000-000-6140,smape,0.2222222222222222,0.1851851851851852,0.05681818181818182
9571,000-000-6596,smape,0.32107843137254904,0.32107843137254904,0.3540903540903541
964,000-000-10173,smape,0.2962962962962963,0.2962962962962963,0.19999999999999998
964,000-000-13099,smape,0.3601956195805898,0.3601956195805898,0.1819214348508292
964,000-000-3176,smape,0.1794871794871795,0.1794871794871795,0.031016042780748664
964,000-000-3777,smape,0.17976190476190476,0.17976190476190476,0.17976190476190476
964,000-000-6020,smape,0.05555555555555555,0.05555555555555555,0.05555555555555555
964,000-000-8721,smape,0.12768712768712767,0.12768712768712767,0.08888888888888889
964,000-000-9419,smape,0.23271748890943936,0.23271748890943936,0.3499772558596088
9650,000-000-13612,smape,0.1744353334094644,0.17902119122151028,0.19122671118583123
9666,000-000-12625,smape,0.2752402858785838,0.5169006023602907,0.2312112678067708
9666,000-000-13296,smape,0.2222222222222222,0.2222222222222222,0.17975083313957996
9666,000-000-13612,smape,0.14098022336178745,0.14098022336178745,0.29244539898430366
9666,000-000-13784,smape,0.15951417004048582,0.13265044776920418,0.15319627319627319
9666,000-000-6140,smape,0.17556582225451622,0.1823415746226806,0.1453859170520364
9666,000-000-7049,smape,0.2772211678509953,0.28065028496683175,0.15295963485950648
970,000-000-6140,smape,0.1061624649859944,0.1061624649859944,0.1061624649859944
9743,000-000-10057,smape,0.15132870052506894,0.22179353254926906,0.15197426641685413
9743,000-000-10130,smape,0.3091751615595726,0.2611069645552404,0.23019225725756018
9743,000-000-10204,smape,0.3,0.14792157649300505,0.17542908762420958
9743,000-000-11646,smape,0.17505912292658768,0.17505912292658768,0.24665538510588725
9743,000-000-11803,smape,0.1111111111111111,0.08261475853040781,0.02666666666666667
9743,000-000-11809,smape,0.09433962264150945,0.09433962264150945,0.02666666666666667
9743,000-000-11827,smape,0.3283582089552239,0.3283582089552239,0.19538476965528695
9743,000-000-11828,smape,0.23392286951041266,0.23392286951041266,0.17837588363429693
9743,000-000-11834,smape,0.3055567840300915,0.15215041485879577,0.20495528212326042
9743,000-000-11857,smape,0.18424932318961976,0.2894680394680395,0.23693016660080513
9743,000-000-11878,smape,0.17000119413354756,0.18546262041044256,0.17646729794559282
9743,000-000-12102,smape,0.07692307692307693,0.07692307692307693,0.0
9743,000-000-1732,smape,0.1501942501942502,0.12163299663299663,0.1298941798941799
9743,000-000-1782,smape,0.0925925925925926,0.0925925925925926,0.061205696985616516
9743,000-000-2170,smape,0.08288288288288288,0.08288288288288288,0.09089026915113872
9743,000-000-2624,smape,0.19438431938431935,0.19438431938431935,0.2123421817837788
9743,000-000-2631,smape,0.19937601641395633,0.19937601641395633,0.22078836848343017
9743,000-000-3176,smape,0.28094208123047343,0.46492291502559535,0.25031586208056794
9743,000-000-3442,smape,0.06046482617922339,0.06046482617922339,0.07163828975934494
9743,000-000-4013,smape,0.17004808131964436,0.17004808131964436,0.18515091272879305
9743,000-000-4682,smape,0.2435546932416145,0.33111452466291175,0.26818115244265367
9743,000-000-6020,smape,0.17058984580162515,0.17058984580162515,0.2053863905136227
9743,000-000-7198,smape,0.39362041467304626,0.33283056812468576,0.2949134199134199
9743,000-000-9419,smape,0.24006734006734007,0.24006734006734007,0.21897313213102687
1299,000-000-10340,mase,0.5384615384615384,0.5384615384615384,0.25641025641025644
1299,000-000-11283,mase,0.8082191780821919,0.5205479452054794,0.27397260273972607
1299,000-000-12976,mase,0.7547169811320755,0.7547169811320755,0.38364779874213834
1299,000-000-5312,mase,1.213114754098361,1.213114754098361,1.2459016393442623
1299,000-000-6973,mase,0.6875,0.6302083333333333,0.34375
1299,000-000-7049,mase,0.8178694158075601,0.8178694158075601,0.37800687285223367
1339,000-000-13358,mase,2.5999999999999996,3.0,2.8000000000000003
1339,000-000-4848,mase,1.5,1.5,1.5
1339,000-000-6140,mase,2.3333333333333335,2.3333333333333335,1.6666666666666667
1339,000-000-6596,mase,1.8333333333333333,1.9166666666666667,1.8333333333333333
1353,000-000-10130,mase,0.631578947368421,0.631578947368421,0.6754385964912281
1353,000-000-10204,mase,0.2213114754098361,0.29508196721311475,0.24590163934426232
1353,000-000-10885,mase,1.0288461538461537,1.0288461538461537,0.7724358974358974
1353,000-000-11827,mase,0.5674074074074075,1.9007407407407408,0.9170370370370371
1353,000-000-11828,mase,0.7058242843040474,0.8519249753208292,0.7611056268509377
1353,000-000-13315,mase,0.8888888888888888,1.1111111111111112,0.4444444444444444
1353,000-000-13451,mase,1.375,1.125,1.125
1353,000-000-1732,mase,0.8461538461538461,0.8461538461538461,0.6923076923076924
1353,000-000-2624,mase,0.42424242424242425,1.1272727272727272,0.4636363636363636
1353,000-000-3176,mase,1.090909090909091,1.090909090909091,1.2954545454545454
1353,000-000-8721,mase,0.29411764705882354,0.29411764705882354,0.6470588235294117
1353,000-000-8722,mase,0.2857142857142857,0.2857142857142857,0.5357142857142857
1376,000-000-1009,mase,0.5,0.5,0.06481481481481483
1376,000-000-13784,mase,0.7894736842105263,0.7894736842105263,0.8947368421052633
1376,000-000-3465,mase,0.72,0.72,0.3
1422,000-000-3465,mase,0.7777777777777778,0.7777777777777778,0.1851851851851852
1574,000-000-13296,mase,1.7023809523809523,1.7023809523809523,1.9642857142857144
1594,000-000-5312,mase,0.9166666666666666,0.9166666666666666,1.1944444444444444
1745,000-000-12963,mase,1.3953488372093024,0.5581395348837209,0.5581395348837209
1745,000-000-13575,mase,0.7000000000000001,0.7000000000000001,0.3
1834,000-000-13180,mase,0.787037037037037,0.787037037037037,0.7037037037037037
1834,000-000-13612,mase,0.4340175953079179,0.5043988269794721,0.6158357771260997
1834,000-000-3101,mase,0.9090909090909091,0.9090909090909091,1.393939393939394
1883,000-000-6140,mase,0.5333333333333333,0.5333333333333333,0.5333333333333333
1883,000-000-6596,mase,0.4090909090909091,0.4090909090909091,0.5
1923,000-000-10130,mase,1.0,1.0,0.22916666666666666
1923,000-000-10131,mase,0.5454545454545454,0.5,0.21212121212121213
1923,000-000-11554,mase,0.7916666666666666,0.7916666666666666,0.4375
1923,000-000-13348,mase,0.3902439024390244,0.3902439024390244,0.3902439024390244
1923,000-000-2170,mase,1.0909090909090908,1.0909090909090908,0.4848484848484848
1923,000-000-3176,mase,0.3793103448275862,0.3793103448275862,0.3448275862068966
1923,000-000-3777,mase,0.4801587301587301,0.4801587301587301,1.003968253968254
1923,000-000-4680,mase,0.4888888888888889,0.4888888888888889,1.2444444444444445
1923,000-000-6020,mase,0.8095238095238095,0.8095238095238095,0.6666666666666667
1944,000-000-3313,mase,2.475524475524476,2.3916083916083917,2.5034965034965033
1944,000-000-6140,mase,0.8838383838383839,1.6919191919191918,1.1363636363636365
1952,000-000-11283,mase,1.1940298507462688,1.1940298507462688,1.1940298507462688
1952,000-000-11586,mase,0.9375,0.8854166666666666,0.5208333333333334
1952,000-000-6140,mase,1.0,1.0,0.39999999999999997
2079,000-000-4013,mase,0.9422222222222223,0.8711111111111111,0.6222222222222222
2079,000-000-6020,mase,0.7129629629629629,0.4583333333333333,0.5856481481481481
2133,000-000-3313,mase,0.6185567010309279,0.6185567010309279,0.37800687285223367
2182,000-000-13612,mase,0.3877551020408163,1.129251700680272,1.1473922902494331
2252,000-000-0299,mase,1.0303030303030303,1.0303030303030303,0.30303030303030304
2259,000-000-10173,mase,1.3968253968253967,1.4841269841269842,1.3968253968253967
2259,000-000-10174,mase,1.5873015873015872,1.4285714285714286,1.8253968253968254
2259,000-000-3176,mase,0.48437500000000006,0.48437500000000006,0.296875
2259,000-000-3777,mase,0.7619047619047619,0.7619047619047619,0.38095238095238093
2259,000-000-8721,mase,0.48648648648648646,0.48648648648648646,0.5675675675675675
2259,000-000-8722,mase,0.3819444444444444,0.3819444444444444,0.5347222222222222
2259,000-000-9341,mase,1.2307692307692308,1.2307692307692308,1.1153846153846154
2314,000-000-5312,mase,0.31025641025641026,0.31025641025641026,0.28205128205128205
2314,000-000-6140,mase,0.8333333333333334,0.7222222222222222,0.6666666666666666
2340,000-000-9341,mase,0.8387096774193548,0.8387096774193548,0.4193548387096774
2637,000-000-6140,mase,1.2307692307692308,1.1282051282051282,1.5384615384615385
2637,000-000-7049,mase,0.39106145251396646,0.3575418994413408,0.3798882681564246
27135,000-000-3176,mase,0.5805555555555556,0.5805555555555556,0.6722222222222223
27135,000-000-6020,mase,0.6521739130434783,1.07487922705314,0.7246376811594203
27135,000-000-9341,mase,0.48648648648648646,0.48648648648648646,0.7027027027027026
27135,000-000-9461,mase,0.6233333333333333,0.6233333333333333,0.6966666666666665
2722,000-000-12625,mase,1.0363636363636364,1.090909090909091,1.1545454545454548
2743,000-000-10425,mase,0.6158854166666666,0.25065104166666663,0.31510416666666663
27480,000-000-12625,mase,0.8888888888888888,0.9074074074074073,0.2777777777777778
27480,000-000-13151,mase,0.5641025641025641,0.5128205128205129,0.15384615384615385
27480,000-000-13612,mase,0.6946107784431138,0.6946107784431138,0.6946107784431138
27480,000-000-6973,mase,1.0476190476190477,1.0476190476190477,2.0952380952380953
27480,000-000-7167,mase,0.4888888888888889,0.4888888888888889,1.2222222222222223
27677,000-000-12625,mase,0.7777777777777778,0.7777777777777778,0.6055555555555556
27677,000-000-13151,mase,0.4523809523809524,0.5476190476190477,0.38095238095238093
27677,000-000-13177,mase,0.5601851851851852,0.5601851851851852,1.3665123456790123
27677,000-000-13295,mase,7.866666666666667,7.866666666666667,7.133333333333333
27677,000-000-13323,mase,0.6567164179104478,0.6567164179104478,0.6567164179104478
27677,000-000-13324,mase,0.5538461538461538,0.5538461538461538,0.8923076923076922
27677,000-000-13325,mase,0.8141592920353983,0.8141592920353983,0.6194690265486725
27677,000-000-13326,mase,0.7901234567901234,0.7901234567901234,0.8641975308641975
27677,000-000-13349,mase,0.6464646464646464,0.9191919191919191,0.7727272727272727
27677,000-000-13612,mase,0.7472527472527473,0.7472527472527473,1.1123321123321124
27677,000-000-3101,mase,0.6875,0.6875,0.7486111111111111
27677,000-000-3746,mase,1.1851851851851851,1.1851851851851851,0.9629629629629629
27677,000-000-3792,mase,0.41666666666666663,1.4583333333333335,0.5833333333333333
27677,000-000-4053,mase,0.9737704918032788,0.9737704918032788,0.19672131147540986
27677,000-000-6973,mase,0.9603174603174602,1.003968253968254,0.9166666666666666
27677,000-000-7167,mase,0.5106382978723405,0.5106382978723405,0.574468085106383
2900,000-000-7048,mase,0.8513513513513514,0.8513513513513514,0.8513513513513514
2929,000-000-13311,mase,1.153846153846154,1.0,0.9230769230769231
2929,000-000-3274,mase,0.5384615384615384,0.8076923076923077,0.6410256410256411
2929,000-000-3312,mase,1.8482142857142856,1.8482142857142856,1.9017857142857144
2929,000-000-3313,mase,1.7107438016528926,1.7107438016528926,1.6363636363636362
2929,000-000-3465,mase,1.331578947368421,1.312280701754386,1.543859649122807
2929,000-000-3466,mase,0.65,0.65,0.6666666666666667
2929,000-000-4053,mase,0.3055555555555556,0.3055555555555556,0.2902777777777778
2929,000-000-4056,mase,0.7407407407407408,0.7407407407407408,0.462962962962963
2929,000-000-6973,mase,0.5490196078431373,0.5490196078431373,0.5098039215686274
296,000-000-3313,mase,1.0058479532163742,0.9649122807017544,0.8070175438596491
296,000-000-3870,mase,0.5238095238095238,0.3142857142857143,0.3142857142857143
296,000-000-3871,mase,0.75,0.6875,0.75
296,000-000-6140,mase,0.456989247311828,0.456989247311828,0.5376344086021505
2974,000-000-11913,mase,0.6666666666666666,0.5185185185185185,0.14814814814814814
2974,000-000-2201,mase,0.3939393939393939,0.3939393939393939,0.015151515151515152
3097,000-000-12625,mase,0.5641025641025641,0.5147435897435897,0.24679487179487178
3124,000-000-13324,mase,0.0,0.0,0.0
3124,000-000-13612,mase,0.43859649122807015,0.43859649122807015,0.20467836257309943
3124,000-000-6140,mase,0.7719298245614035,0.7719298245614035,1.1578947368421053
3144,000-000-10057,mase,0.5228758169934641,0.19607843137254904,0.22875816993464054
3144,000-000-12450,mase,0.48427672955974843,0.5534591194968553,0.6572327044025157
3144,000-000-13216,mase,0.326530612244898,0.20408163265306126,0.4081632653061225
3144,000-000-3176,mase,1.0614035087719298,0.5307017543859649,0.6633771929824561
3144,000-000-3777,mase,0.25806451612903225,0.25806451612903225,0.4946236559139785
3144,000-000-4013,mase,1.1805405405405407,1.094054054054054,1.6843243243243244
3144,000-000-9341,mase,0.3225806451612903,0.3225806451612903,0.45161290322580644
3187,000-000-13313,mase,0.662037037037037,0.4583333333333333,0.4583333333333333
3187,000-000-13318,mase,0.6133333333333334,0.6133333333333334,0.48
3187,000-000-13449,mase,0.6774193548387096,0.6774193548387096,0.6774193548387096
3187,000-000-13450,mase,0.8780487804878049,0.8780487804878049,0.5365853658536586
3187,000-000-13451,mase,0.9454545454545454,0.9454545454545454,0.32727272727272727
3187,000-000-9419,mase,0.5555555555555556,0.5555555555555556,0.625
3217,000-000-3312,mase,0.4624624624624624,0.2076362076362076,0.16988416988416988
3702,000-000-3312,mase,0.6166666666666667,0.5666666666666667,0.6333333333333333
3702,000-000-3313,mase,0.5965559655596556,0.5965559655596556,0.5965559655596556
3761,000-000-13315,mase,0.6875,0.6875,0.5347222222222223
3761,000-000-8722,mase,1.8,1.8,0.6333333333333333
3793,000-000-13315,mase,1.090909090909091,1.090909090909091,0.6818181818181819
3866,000-000-13660,mase,1.6363636363636365,1.6363636363636365,0.4545454545454546
3873,000-000-10173,mase,1.0285714285714287,1.0285714285714287,0.4
3873,000-000-10174,mase,0.6486486486486486,0.6486486486486486,0.05405405405405405
3873,000-000-11828,mase,1.1294573643410852,0.40620155038759687,0.5015503875968992
3873,000-000-11829,mase,0.9781718963165075,0.41336971350613916,0.3328785811732605
3873,000-000-11834,mase,1.1776470588235295,1.1647058823529413,1.1733333333333336
3873,000-000-1732,mase,0.19230769230769232,0.19230769230769232,0.038461538461538464
3873,000-000-3176,mase,1.5769230769230769,1.5769230769230769,1.9134615384615385
3873,000-000-3777,mase,0.5217391304347826,0.5217391304347826,0.5217391304347826
3873,000-000-4013,mase,0.7689196995956096,0.7689196995956096,0.9468515309069901
3873,000-000-9341,mase,1.0999999999999999,1.0999999999999999,0.75
3873,000-000-9419,mase,1.0266666666666666,0.8311111111111111,0.7822222222222222
3873,000-000-9461,mase,0.5,0.4444444444444444,0.2777777777777778
3922,000-000-10129,mase,0.4824561403508772,0.4824561403508772,0.45029239766081874
3922,000-000-10130,mase,0.9166666666666667,0.6875,0.8116319444444444
3922,000-000-10173,mase,0.8,0.8,0.4888888888888889
3922,000-000-10174,mase,0.5783132530120482,0.5783132530120482,0.19277108433734938
3922,000-000-11827,mase,1.184499314128944,1.1233882030178326,1.3195473251028806
3922,000-000-11834,mase,0.8,0.8,0.5192200557103064
3922,000-000-13268,mase,0.6486486486486486,0.6486486486486486,0.6486486486486486
3922,000-000-13348,mase,0.5714285714285714,0.5714285714285714,0.6666666666666667
3922,000-000-13584,mase,1.3636363636363635,1.4448051948051948,1.1623376623376622
3922,000-000-13625,mase,0.7450980392156863,0.6666666666666667,0.6666666666666667
3922,000-000-3777,mase,0.7027027027027026,0.7027027027027026,0.6756756756756757
3922,000-000-4013,mase,0.7982978723404256,0.3829787234042553,0.40680851063829787
3922,000-000-4713,mase,0.3484276729559748,0.3484276729559748,0.23144654088050315
3922,000-000-6020,mase,1.0,1.0,0.21794871794871795
3922,000-000-7198,mase,0.926829268292683,0.926829268292683,0.7317073170731707
3922,000-000-8721,mase,0.8387096774193548,0.8387096774193548,0.48387096774193544
3922,000-000-9341,mase,0.8275862068965518,0.6896551724137931,0.603448275862069
3922,000-000-9419,mase,1.4339622641509433,1.4339622641509433,1.660377358490566
4148,000-000-4056,mase,0.7758620689655172,0.0,0.0
4148,000-000-6140,mase,0.7222222222222222,0.2777777777777778,0.3333333333333333
4167,000-000-3312,mase,0.935672514619883,0.935672514619883,0.4970760233918129
4167,000-000-3313,mase,0.813953488372093,0.813953488372093,0.7622739018087855
4167,000-000-3870,mase,1.0555555555555556,1.0555555555555556,0.8333333333333334
4403,000-000-13890,mase,0.7407407407407408,0.7407407407407408,0.3703703703703704
4403,000-000-3313,mase,0.47154471544715443,0.47154471544715443,0.17886178861788618
4403,000-000-7049,mase,0.4125,0.4125,0.6
4418,000-000-3176,mase,0.8472222222222222,0.8472222222222222,1.090277777777778
4455,000-000-7049,mase,0.5172413793103449,0.5,0.10344827586206898
4502,000-000-10057,mase,0.7692307692307693,0.7692307692307693,0.2692307692307692
4502,000-000-10129,mase,0.6547619047619048,0.9166666666666666,0.6438492063492064
4502,000-000-10130,mase,1.3508771929824561,1.3508771929824561,0.868421052631579
4502,000-000-10173,mase,0.96,0.96,0.24
4502,000-000-10174,mase,0.9729729729729729,0.9729729729729729,0.6486486486486486
4502,000-000-11554,mase,0.7222222222222222,0.7222222222222222,0.7222222222222222
4502,000-000-11645,mase,0.8,0.8,0.0
4502,000-000-11646,mase,0.7878787878787878,0.9090909090909091,1.5757575757575757
4502,000-000-11828,mase,1.0407407407407407,0.3037037037037037,0.3135802469135803
4502,000-000-12100,mase,0.75,0.75,0.125
4502,000-000-12102,mase,0.5,0.5,0.1111111111111111
4502,000-000-12334,mase,0.9226190476190478,1.0267857142857144,0.9523809523809524
4502,000-000-13025,mase,0.3333333333333333,0.611111111111111,0.1111111111111111
4502,000-000-1999,mase,0.9090909090909091,0.9090909090909091,0.9090909090909091
4502,000-000-2001,mase,0.8205128205128205,0.8205128205128205,0.46153846153846156
4502,000-000-2170,mase,0.7638888888888888,0.7129629629629629,0.43287037037037035
4502,000-000-3176,mase,0.6398809523809524,0.6845238095238096,0.5282738095238095
4502,000-000-4013,mase,0.9777777777777777,0.9777777777777777,1.0622222222222222
4502,000-000-6020,mase,0.631578947368421,0.631578947368421,0.6491228070175439
4502,000-000-9419,mase,0.6153846153846154,0.6153846153846154,0.41025641025641024
4627,000-000-10173,mase,0.3902439024390244,0.3902439024390244,0.6829268292682927
4627,000-000-10174,mase,0.5432098765432098,0.4074074074074074,0.5432098765432098
4627,000-000-10885,mase,0.7475622968580714,0.7475622968580714,0.7388949079089924
4627,000-000-11827,mase,0.9535353535353536,0.9683501683501683,0.8727272727272727
4627,000-000-11828,mase,0.8884615384615384,0.8884615384615384,0.9354700854700855
4627,000-000-11829,mase,0.696969696969697,0.696969696969697,0.9053030303030304
4627,000-000-11835,mase,1.4055555555555557,1.1738425925925926,0.5525462962962963
4627,000-000-12882,mase,1.1628812459441922,1.0149253731343284,0.9837767683322518
4627,000-000-13099,mase,0.7797979797979797,0.7797979797979797,0.9454545454545454
4627,000-000-1999,mase,1.9047619047619049,1.9047619047619049,1.238095238095238
4627,000-000-2001,mase,1.0303030303030303,1.0303030303030303,0.7272727272727273
4627,000-000-2170,mase,0.6790123456790124,0.6790123456790124,0.3734567901234568
4627,000-000-3176,mase,1.1578947368421053,1.1578947368421053,1.4473684210526316
4627,000-000-4013,mase,0.7756653992395437,0.8479087452471482,0.6425855513307984
4627,000-000-6020,mase,0.5070422535211268,0.4507042253521127,0.17370892018779344
4627,000-000-9341,mase,0.7971014492753624,0.4782608695652174,0.3985507246376812
4627,000-000-9419,mase,0.502283105022831,0.4566210045662101,0.547945205479452
4701,000-000-1009,mase,0.5734767025089605,0.5734767025089605,0.564516129032258
4701,000-000-11283,mase,1.0811965811965814,0.9166666666666666,0.8461538461538461
4701,000-000-13296,mase,0.5161290322580645,0.5161290322580645,0.12903225806451613
4701,000-000-13324,mase,0.7346938775510204,0.653061224489796,0.489795918367347
4701,000-000-13326,mase,0.4675324675324675,0.4675324675324675,0.3116883116883117
4701,000-000-13358,mase,1.3489583333333335,1.3489583333333335,1.53125
4701,000-000-13660,mase,1.2820512820512822,1.2820512820512822,1.2307692307692308
4701,000-000-3313,mase,0.6254826254826256,0.04633204633204634,0.06177606177606178
4701,000-000-3870,mase,0.6493055555555555,0.6493055555555555,0.16550925925925924
4701,000-000-3871,mase,0.5833333333333334,0.47222222222222227,0.20833333333333334
4701,000-000-6140,mase,0.39416058394160586,0.39416058394160586,0.26277372262773724
4701,000-000-6596,mase,0.6518518518518518,0.6666666666666666,0.5185185185185185
4818,000-000-10130,mase,0.696969696969697,0.696969696969697,0.41666666666666663
4818,000-000-10173,mase,0.4883720930232558,0.4883720930232558,0.13953488372093023
4818,000-000-10174,mase,0.6428571428571428,0.6428571428571428,0.6071428571428571
4818,000-000-11646,mase,1.375,1.375,1.375
4818,000-000-11803,mase,5.083333333333333,5.0625,5.5
4818,000-000-11809,mase,3.1666666666666665,3.1666666666666665,3.277777777777778
4818,000-000-11828,mase,2.1399246704331447,2.1399246704331447,2.243502824858757
4818,000-000-1999,mase,1.1794871794871795,1.1794871794871795,0.5384615384615384
4818,000-000-3092,mase,0.30993262334275157,0.08041730058682894,0.24429471853944795
4818,000-000-3113,mase,0.39132520871317533,0.3049611361673544,0.5715382400921217
4818,000-000-3176,mase,1.043103448275862,1.043103448275862,0.9956896551724138
4818,000-000-3777,mase,0.4324324324324324,0.4324324324324324,0.7567567567567568
4818,000-000-4013,mase,3.1400966183574877,3.1400966183574877,3.3019323671497585
4818,000-000-6020,mase,0.631578947368421,0.631578947368421,0.7017543859649124
4818,000-000-7198,mase,1.5862068965517242,1.8620689655172415,1.8620689655172415
4818,000-000-9341,mase,0.44594594594594594,1.4864864864864864,0.4707207207207207
4818,000-000-9419,mase,0.9166666666666666,0.9166666666666666,0.1388888888888889
4847,000-000-10173,mase,1.25,1.25,1.25
4847,000-000-10885,mase,0.6666666666666667,0.6666666666666667,0.5971014492753624
4847,000-000-11646,mase,0.5555555555555556,0.5277777777777778,0.5416666666666666
4847,000-000-11803,mase,1.0,1.0,1.027777777777778
4847,000-000-1732,mase,0.3055555555555556,0.39285714285714285,0.3055555555555556
4847,000-000-2624,mase,0.8013355592654424,0.8013355592654424,0.531997774067891
4847,000-000-2631,mase,0.9363070122563792,0.9009443439823187,1.005023106288929
4847,000-000-3096,mase,66.42857142857143,66.42857142857143,66.42857142857143
4847,000-000-3176,mase,1.0694444444444444,0.8148148148148148,0.8530092592592592
4847,000-000-7198,mase,0.27450980392156865,0.27450980392156865,0.27450980392156865
4854,000-000-12625,mase,0.7833333333333333,0.7833333333333333,1.1375
4854,000-000-3465,mase,0.5230769230769231,0.5230769230769231,0.3692307692307692
4854,000-000-3870,mase,2.6666666666666665,2.6666666666666665,3.1666666666666665
4902,000-000-10132,mase,2.0,0.9166666666666666,0.3333333333333333
4902,000-000-11828,mase,0.7359663558237337,0.7359663558237337,0.49369171695008224
4902,000-000-11834,mase,0.584375,0.584375,0.31319444444444444
4902,000-000-13348,mase,0.6153846153846154,0.5641025641025641,0.0
4902,000-000-13625,mase,0.4761904761904762,0.4761904761904762,0.4761904761904762
4902,000-000-1782,mase,0.33532635774788244,0.33532635774788244,0.5067264573991032
4902,000-000-3176,mase,1.0,1.0833333333333333,0.25
4902,000-000-3777,mase,0.4615384615384615,0.4615384615384615,0.6461538461538461
4902,000-000-4013,mase,0.8571428571428571,0.8571428571428571,0.8914285714285713
4902,000-000-6020,mase,0.4583333333333333,0.4583333333333333,0.4166666666666667
4902,000-000-9341,mase,0.375,0.375,0.43750000000000006
4902,000-000-9419,mase,0.8073394495412843,1.0275229357798166,0.8073394495412843
4906,000-000-1009,mase,1.0666666666666667,1.0666666666666667,0.7333333333333333
4906,000-000-1832,mase,0.631578947368421,0.7017543859649124,0.6666666666666666
4906,000-000-3313,mase,0.6428571428571428,0.6785714285714285,0.5892857142857143
4938,000-000-13268,mase,0.6792452830188679,0.6792452830188679,1.1320754716981132
4943,000-000-11283,mase,0.6995884773662552,0.6995884773662552,0.5555555555555556
4943,000-000-11913,mase,0.5623721881390593,0.5623721881390593,0.66359918200409
4943,000-000-12625,mase,0.6963562753036437,0.6963562753036437,0.5425101214574899
4943,000-000-13296,mase,0.9166666666666666,0.8333333333333334,0.4166666666666667
4943,000-000-13324,mase,1.2631578947368423,1.2631578947368423,0.5789473684210527
4943,000-000-13325,mase,0.5454545454545455,0.4772727272727273,0.0
4943,000-000-13326,mase,0.5909090909090909,0.5909090909090909,0.18181818181818182
4943,000-000-13349,mase,0.6790123456790124,0.6790123456790124,0.49794238683127573
4943,000-000-13358,mase,0.2727272727272727,0.2727272727272727,0.3939393939393939
4943,000-000-13359,mase,0.6176470588235294,0.31568627450980397,0.32941176470588235
4943,000-000-13360,mase,0.7027027027027026,0.7027027027027026,0.5945945945945945
4943,000-000-3313,mase,1.1904761904761905,1.1904761904761905,1.1428571428571428
4943,000-000-3465,mase,0.6573033707865168,0.6573033707865168,0.5814606741573033
4943,000-000-3466,mase,0.7772727272727273,0.7772727272727273,0.4636363636363637
4943,000-000-4053,mase,0.537037037037037,0.1851851851851852,0.24074074074074073
4943,000-000-4056,mase,0.6586826347305389,0.6586826347305389,0.24151696606786427
4943,000-000-4848,mase,0.5641025641025641,0.5641025641025641,0.28205128205128205
4943,000-000-5312,mase,1.3233082706766917,1.3233082706766917,1.2337092731829573
4943,000-000-6074,mase,0.8184523809523809,0.8184523809523809,0.7589285714285715
4943,000-000-6140,mase,0.7719298245614035,0.7719298245614035,0.868421052631579
4943,000-000-6596,mase,0.5347222222222222,0.5347222222222222,0.5347222222222222
4943,000-000-6973,mase,0.3666666666666667,0.3666666666666667,0.3142857142857143
4943,000-000-9537,mase,0.39855072463768115,0.32608695652173914,0.3623188405797102
4977,000-000-13325,mase,1.153846153846154,1.2692307692307692,1.6153846153846154
4997,000-000-13318,mase,1.1458333333333333,1.1458333333333333,0.34375
4997,000-000-13348,mase,1.5833333333333333,1.5,1.9166666666666667
4997,000-000-13451,mase,0.625,0.625,0.625
4997,000-000-1999,mase,0.5238095238095238,0.5238095238095238,0.2619047619047619
4997,000-000-4013,mase,0.6981818181818181,0.8581818181818182,0.4654545454545454
4997,000-000-5679,mase,0.6754385964912281,0.6754385964912281,0.6271929824561403
4997,000-000-9419,mase,1.2203389830508473,1.2203389830508473,1.3220338983050848
5032,000-000-1009,mase,0.6451612903225806,0.6451612903225806,0.39784946236559143
5032,000-000-13612,mase,0.6629834254143646,0.9281767955801105,0.5193370165745856
5260,000-000-11554,mase,0.5217391304347826,0.2608695652173913,0.32608695652173914
5260,000-000-13889,mase,0.7999999999999999,1.5999999999999999,1.5999999999999999
5260,000-000-3777,mase,5.526315789473684,5.526315789473684,5.894736842105264
5260,000-000-6020,mase,0.8,0.6666666666666667,0.06666666666666667
5260,000-000-9419,mase,1.0769230769230769,1.0769230769230769,0.8717948717948718
526,000-000-10057,mase,0.7037037037037037,0.7037037037037037,0.5555555555555556
526,000-000-10129,mase,0.8333333333333334,0.8333333333333334,0.9722222222222222
526,000-000-10130,mase,1.6666666666666667,1.6666666666666667,1.375
526,000-000-10131,mase,1.1666666666666667,1.1666666666666667,1.25
526,000-000-10885,mase,2.6,2.6,2.1478260869565218
526,000-000-11828,mase,0.9662337662337662,0.9662337662337662,0.8372294372294372
526,000-000-11834,mase,1.2411522633744856,1.0378600823045268,1.060082304526749
526,000-000-1999,mase,0.9655172413793104,0.9885057471264368,0.39080459770114945
526,000-000-2170,mase,0.2222222222222222,0.2222222222222222,0.3194444444444445
526,000-000-3081,mase,0.21717636944239746,0.22494473102431836,0.28168754605747975
526,000-000-3092,mase,0.38572349217180335,0.4094165813715456,0.44941051594071046
526,000-000-3113,mase,0.29607855804638544,0.2772142903288326,0.24626913883325796
526,000-000-3176,mase,1.9479166666666667,1.9479166666666667,1.6614583333333333
526,000-000-3777,mase,0.8,1.2235294117647058,0.7529411764705882
526,000-000-4013,mase,0.7891304347826087,0.8528985507246377,0.624927536231884
526,000-000-8721,mase,0.3333333333333333,0.5833333333333334,0.3333333333333333
526,000-000-9341,mase,0.3829787234042553,0.3829787234042553,0.5957446808510639
526,000-000-9419,mase,0.5882352941176471,0.5882352941176471,0.3529411764705882
526,000-000-9919,mase,0.7432432432432432,0.7432432432432432,0.5202702702702703
5271,000-000-3312,mase,0.7142857142857143,0.05411255411255411,0.14069264069264067
5271,000-000-3313,mase,0.3846153846153846,0.3846153846153846,0.5288461538461539
5271,000-000-6140,mase,0.45652173913043476,0.45652173913043476,0.3695652173913044
5271,000-000-6596,mase,1.2121212121212122,1.2121212121212122,1.1515151515151514
5316,000-000-6020,mase,0.9047619047619048,0.9047619047619048,0.630952380952381
5380,000-000-3081,mase,0.4226264639920259,0.9529030650386244,0.4440568153501121
5497,000-000-13612,mase,0.9166666666666666,0.9166666666666666,1.8796296296296298
5497,000-000-13784,mase,1.4666666666666666,1.4666666666666666,2.1333333333333333
5497,000-000-7049,mase,0.7547169811320755,0.7547169811320755,1.3710691823899372
5567,000-000-11913,mase,2.1999999999999997,2.1999999999999997,2.4591111111111106
5567,000-000-12625,mase,0.5333333333333333,0.5641025641025641,0.9076923076923077
5567,000-000-13151,mase,1.2222222222222223,1.2222222222222223,0.8148148148148148
5567,000-000-13180,mase,1.0101010101010102,1.0101010101010102,1.2929292929292928
5567,000-000-13181,mase,3.0555555555555554,3.0555555555555554,3.0810185185185186
5567,000-000-13296,mase,0.5569620253164557,0.5569620253164557,0.3291139240506329
5567,000-000-13342,mase,1.142975893599335,1.142975893599335,0.2950955943474647
5567,000-000-13609,mase,0.39999999999999997,0.39999999999999997,0.3076923076923077
5567,000-000-13612,mase,1.0024420024420024,1.7032967032967032,1.3504273504273505
5567,000-000-13784,mase,0.8095238095238095,1.380952380952381,1.1904761904761905
5567,000-000-3274,mase,0.6851851851851852,0.6851851851851852,0.2777777777777778
5567,000-000-3312,mase,0.7410071942446044,0.7410071942446044,1.093525179856115
5567,000-000-3313,mase,0.3924731182795699,0.3924731182795699,1.1720430107526882
5567,000-000-7049,mase,1.077777777777778,1.077777777777778,1.4277777777777778
5578,000-000-10174,mase,1.0476190476190477,1.0476190476190477,0.09523809523809523
5578,000-000-3176,mase,1.277777777777778,1.277777777777778,0.9722222222222222
5625,000-000-1009,mase,1.111111111111111,1.111111111111111,0.4629629629629629
5625,000-000-11283,mase,1.4473684210526316,1.4473684210526316,0.9407894736842105
5625,000-000-11913,mase,0.9166666666666666,0.9166666666666666,0.9675925925925927
5625,000-000-12625,mase,0.55,0.32083333333333336,0.015277777777777777
5625,000-000-13358,mase,0.48039215686274517,0.49754901960784315,0.17156862745098042
5625,000-000-5312,mase,0.6634920634920635,0.6634920634920635,0.2619047619047619
5625,000-000-6140,mase,0.6407766990291262,0.1941747572815534,0.17475728155339804
5625,000-000-6596,mase,0.8780487804878049,0.8780487804878049,0.3902439024390244
5658,000-000-10130,mase,0.5952380952380952,0.35714285714285715,0.3273809523809524
5675,000-000-1782,mase,0.851010101010101,0.851010101010101,0.6868686868686869
5710,000-000-10173,mase,0.6341463414634146,0.5365853658536586,0.24390243902439027
5710,000-000-10174,mase,0.8421052631578947,0.8421052631578947,0.21052631578947367
5710,000-000-11809,mase,0.7727272727272727,0.7727272727272727,0.09848484848484848
5710,000-000-11828,mase,0.9156214367160774,0.9156214367160774,0.911440516913721
5710,000-000-11835,mase,0.7472826086956522,0.7506038647342995,0.7339975845410629
5710,000-000-11878,mase,0.49577464788732395,0.49577464788732395,0.0757433489827856
5710,000-000-1999,mase,0.9230769230769231,0.9230769230769231,1.0
5710,000-000-4013,mase,1.0,1.0,1.0457142857142856
5710,000-000-6020,mase,0.5714285714285714,0.5714285714285714,0.3333333333333333
5714,000-000-13216,mase,0.5641025641025641,0.37606837606837606,0.28205128205128205
5714,000-000-13268,mase,0.4207650273224044,0.4207650273224044,0.901639344262295
5714,000-000-13348,mase,0.050505050505050504,0.050505050505050504,0.2777777777777778
5714,000-000-1732,mase,0.7096774193548386,0.6801075268817204,0.17741935483870966
5714,000-000-3176,mase,1.1333333333333333,1.1333333333333333,1.15
5714,000-000-3777,mase,0.6936936936936937,0.6936936936936937,0.2972972972972973
5714,000-000-4013,mase,0.7306666666666666,0.7306666666666666,0.384
5714,000-000-6020,mase,0.6666666666666666,1.3333333333333333,0.638888888888889
5714,000-000-7198,mase,0.8953488372093024,0.8953488372093024,0.38372093023255816
5714,000-000-8721,mase,0.5,0.5,0.5
5714,000-000-9341,mase,0.3055555555555556,0.3055555555555556,0.41468253968253965
5714,000-000-9419,mase,0.9617486338797813,1.442622950819672,1.442622950819672
5734,000-000-7049,mase,0.696969696969697,0.8181818181818182,0.7272727272727273
5741,000-000-1009,mase,0.6904761904761905,0.40476190476190477,0.39285714285714285
5741,000-000-10336,mase,0.6984126984126984,0.19047619047619047,0.3174603174603175
5741,000-000-11586,mase,0.6451612903225806,0.5376344086021505,0.5376344086021505
5741,000-000-12489,mase,0.883720930232558,0.883720930232558,0.32558139534883723
5741,000-000-3312,mase,0.9682539682539683,0.2751322751322751,0.13756613756613756
5741,000-000-3313,mase,1.6358024691358024,0.43209876543209874,0.29320987654320985
5741,000-000-3465,mase,0.7541371158392435,0.14302600472813237,0.1690307328605201
5741,000-000-3870,mase,1.1,1.1,0.12222222222222222
5741,000-000-5312,mase,1.837837837837838,1.837837837837838,0.7567567567567568
5741,000-000-6140,mase,0.6857142857142857,0.6857142857142857,0.6857142857142857
5741,000-000-6596,mase,0.8,0.8,0.0
5771,000-000-11283,mase,0.3568232662192394,0.23993288590604028,0.2891498881431767
5771,000-000-12625,mase,0.8210526315789474,0.9263157894736841,0.21052631578947367
5771,000-000-12626,mase,0.72,0.72,0.15999999999999998
5771,000-000-2582,mase,0.8659003831417624,1.1724137931034482,0.4827586206896552
5771,000-000-3274,mase,1.0975609756097562,0.9552845528455285,0.6504065040650406
5771,000-000-5312,mase,0.605,0.0,0.04583333333333333
5771,000-000-6072,mase,1.1428571428571428,1.1428571428571428,1.0285714285714285
5771,000-000-6074,mase,1.15,0.85,0.8166666666666667
5771,000-000-6140,mase,0.625,0.625,0.7708333333333334
5799,000-000-3465,mase,1.2285714285714286,1.2285714285714286,0.41428571428571426
5799,000-000-6140,mase,0.8686868686868687,0.8686868686868687,0.8888888888888888
5823,000-000-13466,mase,1.0476190476190477,1.0476190476190477,0.8095238095238095
5833,000-000-10057,mase,1.6,1.6222222222222222,0.28888888888888886
5833,000-000-10885,mase,0.5917926565874729,0.5917926565874729,0.4190064794816415
5833,000-000-11803,mase,0.763888888888889,0.7447916666666667,0.5729166666666667
5833,000-000-11828,mase,1.015846994535519,0.5830601092896175,0.3205828779599271
5833,000-000-1732,mase,2.375,2.375,2.25
5833,000-000-3176,mase,1.0416666666666667,1.0546875,1.0807291666666667
5833,000-000-4013,mase,1.0272,1.0272,1.0368
5833,000-000-7198,mase,1.2500000000000002,1.0,1.0
5833,000-000-9341,mase,0.4727272727272727,0.8727272727272728,1.309090909090909
5848,000-000-6140,mase,0.6569444444444444,0.6569444444444444,0.3259259259259259
5848,000-000-6596,mase,0.804421768707483,0.804421768707483,0.38038548752834467
5851,000-000-13890,mase,0.23076923076923078,0.38461538461538464,0.38461538461538464
5883,000-000-10130,mase,0.5833333333333334,0.0,0.05401234567901235
5883,000-000-11554,mase,1.3333333333333333,1.3888888888888888,1.425925925925926
5883,000-000-3176,mase,1.1458333333333333,1.1458333333333333,0.9739583333333334
5883,000-000-9419,mase,0.0,0.0,0.0
5889,000-000-13612,mase,0.3190255220417634,0.191415313225058,0.374323279195669
5905,000-000-1009,mase,0.375,0.375,0.1875
5905,000-000-11283,mase,0.6416666666666667,0.6416666666666667,0.4354166666666667
5905,000-000-4056,mase,0.6051779935275081,0.6051779935275081,0.4449838187702266
5905,000-000-5312,mase,1.8861111111111113,1.6916666666666667,0.6805555555555556
5905,000-000-6140,mase,0.5411764705882354,1.5294117647058825,0.7058823529411765
5932,000-000-9419,mase,1.1666666666666667,1.1666666666666667,0.16666666666666666
5978,000-000-3313,mase,1.158059467918623,1.158059467918623,0.5164319248826291
5981,000-000-11913,mase,0.6666666666666666,0.2222222222222222,0.09876543209876543
5981,000-000-12625,mase,0.6352941176470589,0.6352941176470589,0.1647058823529412
5981,000-000-13349,mase,0.7592592592592592,0.7777777777777778,0.7407407407407408
5981,000-000-13358,mase,0.5649717514124294,0.4519774011299435,0.3615819209039548
5981,000-000-13360,mase,0.3888888888888889,0.05555555555555555,0.05555555555555555
5981,000-000-13612,mase,0.9166666666666666,0.9166666666666666,1.9
5981,000-000-3312,mase,0.5613463626492942,0.1791530944625407,0.1791530944625407
5981,000-000-3313,mase,1.349206349206349,1.349206349206349,1.0158730158730158
5981,000-000-6140,mase,0.6557377049180328,1.4098360655737707,0.7213114754098361
5981,000-000-7049,mase,0.3380281690140845,0.30985915492957744,0.3380281690140845
6011,000-000-3313,mase,0.4222222222222222,0.4222222222222222,0.34444444444444444
6011,000-000-6140,mase,0.9879518072289156,1.0120481927710843,0.9156626506024096
6011,000-000-6596,mase,1.0526315789473684,1.0526315789473684,0.9473684210526315
606,000-000-5671,mase,1.0869565217391306,1.0869565217391306,1.956521739130435
606,000-000-9341,mase,0.9473684210526316,0.9473684210526316,0.05263157894736842
6110,000-000-10130,mase,0.5714285714285714,0.5714285714285714,0.2571428571428571
6110,000-000-10131,mase,0.7647058823529411,0.7794117647058824,0.926470588235294
6110,000-000-10173,mase,1.9047619047619049,1.9047619047619049,2.476190476190476
6110,000-000-10204,mase,0.3214285714285714,0.3214285714285714,0.10714285714285714
6110,000-000-11646,mase,0.18181818181818182,0.3232323232323232,0.5050505050505051
6110,000-000-1732,mase,0.7058823529411764,0.7058823529411764,0.44117647058823534
6110,000-000-1999,mase,0.47619047619047616,0.47619047619047616,0.23809523809523808
6110,000-000-2001,mase,0.5263157894736842,0.3157894736842105,0.3508771929824562
6110,000-000-3176,mase,0.5464285714285715,0.6857142857142857,1.1089285714285715
6110,000-000-4013,mase,1.463529411764706,1.463529411764706,1.515294117647059
6110,000-000-6020,mase,0.56,0.56,0.33333333333333337
6110,000-000-9341,mase,0.48275862068965525,0.4137931034482759,0.3103448275862069
6110,000-000-9419,mase,0.7252747252747253,0.5934065934065934,0.6813186813186813
6172,000-000-11283,mase,0.8860759493670886,0.759493670886076,0.620253164556962
6172,000-000-11913,mase,0.680952380952381,0.680952380952381,0.3666666666666667
6172,000-000-12625,mase,0.3393939393939394,0.3393939393939394,0.38181818181818183
6172,000-000-3274,mase,0.7766203703703702,0.16550925925925924,0.3819444444444444
6172,000-000-4053,mase,0.6024096385542169,0.6024096385542169,0.4819277108433735
6172,000-000-4056,mase,0.556701030927835,0.5154639175257731,0.28865979381443296
6172,000-000-6074,mase,0.7764705882352941,0.7764705882352941,0.43137254901960786
6172,000-000-6140,mase,0.9166666666666666,0.9166666666666666,0.6936936936936937
6172,000-000-6596,mase,0.4333333333333333,0.4333333333333333,0.5
6294,000-000-10340,mase,0.7272727272727273,0.7272727272727273,0.6666666666666666
6294,000-000-10341,mase,0.4333333333333333,0.4333333333333333,0.33333333333333337
6294,000-000-10342,mase,1.1071428571428572,1.1071428571428572,1.0357142857142856
6294,000-000-11283,mase,0.6394052044609665,0.6394052044609665,0.6988847583643122
6294,000-000-11584,mase,0.49484536082474223,0.5979381443298968,0.35051546391752575
6294,000-000-11586,mase,0.7936507936507937,0.6666666666666666,0.7301587301587302
6294,000-000-11913,mase,0.6686274509803921,0.6686274509803921,0.23006535947712414
6294,000-000-13358,mase,0.4666666666666667,0.4666666666666667,0.6166666666666667
6294,000-000-13359,mase,0.6519607843137255,1.1323529411764708,0.5833333333333334
6294,000-000-3274,mase,0.9172932330827067,0.9172932330827067,0.6165413533834586
6294,000-000-3313,mase,1.0625000000000002,1.0625000000000002,0.9218750000000001
6294,000-000-3465,mase,0.6249999999999999,0.982142857142857,0.6249999999999999
6294,000-000-3466,mase,0.6223241590214068,0.6223241590214068,0.4204892966360857
6294,000-000-4053,mase,0.45833333333333337,0.45833333333333337,0.16176470588235295
6294,000-000-4056,mase,0.5641025641025641,0.5112179487179487,0.035256410256410256
6294,000-000-4848,mase,0.28571428571428575,0.2448979591836735,0.28571428571428575
6294,000-000-5312,mase,0.3842364532019704,0.5123152709359605,0.4236453201970443
6294,000-000-6072,mase,0.3699421965317919,0.3699421965317919,0.2543352601156069
6294,000-000-6074,mase,0.5714285714285714,0.5714285714285714,0.22556390977443608
6294,000-000-6140,mase,1.1875,1.1875,1.09375
6294,000-000-6596,mase,0.6097560975609757,1.0975609756097562,0.6341463414634146
6294,000-000-9537,mase,0.6410256410256411,0.6410256410256411,1.0897435897435899
6301,000-000-12450,mase,1.1818181818181819,1.272727272727273,0.4545454545454546
6301,000-000-13239,mase,1.5,1.5,1.5833333333333333
6301,000-000-13268,mase,0.6984126984126984,0.6984126984126984,0.6111111111111112
6301,000-000-13348,mase,0.475,0.475,0.6749999999999999
6301,000-000-13451,mase,0.0,0.0,0.0
6301,000-000-13625,mase,0.6222222222222222,0.5777777777777777,0.6222222222222222
6301,000-000-3777,mase,0.7272727272727273,0.6818181818181819,0.5909090909090909
6301,000-000-4013,mase,0.5177358490566037,0.5177358490566037,0.46792452830188674
6301,000-000-9341,mase,1.2,1.2,1.0666666666666667
6301,000-000-9419,mase,0.7659574468085106,0.7659574468085106,0.5106382978723405
6358,000-000-10057,mase,0.5847953216374269,0.5847953216374269,0.6578947368421052
6358,000-000-10173,mase,0.9166666666666666,0.33771929824561403,0.33771929824561403
6358,000-000-11828,mase,0.7951807228915663,0.7951807228915663,0.0963855421686747
6358,000-000-3176,mase,0.8,0.8,0.13333333333333333
6406,000-000-13151,mase,0.46153846153846156,0.3076923076923077,0.3076923076923077
6406,000-000-3870,mase,1.0185185185185186,1.0185185185185186,0.7893518518518519
6406,000-000-3871,mase,0.9411764705882353,0.9411764705882353,0.4313725490196078
6488,000-000-1732,mase,1.0370370370370372,1.0370370370370372,1.1851851851851851
6492,000-000-11645,mase,0.6547619047619048,0.6547619047619048,0.6984126984126984
6492,000-000-11646,mase,1.0526315789473684,1.0701754385964912,1.263157894736842
6492,000-000-13012,mase,0.6,0.6,0.13333333333333333
6492,000-000-13025,mase,0.64,0.64,0.05333333333333333
6492,000-000-1999,mase,0.6274509803921569,0.6274509803921569,0.5294117647058824
6492,000-000-2001,mase,0.4523809523809524,0.35714285714285715,0.34523809523809523
6492,000-000-2170,mase,0.8571428571428571,0.8571428571428571,0.09523809523809523
6492,000-000-2301,mase,0.625,0.625,0.875
6492,000-000-3176,mase,0.6,0.6,0.8833333333333334
6492,000-000-4013,mase,0.9866666666666667,0.9866666666666667,0.3674074074074074
6492,000-000-6020,mase,0.6153846153846154,0.6153846153846154,0.782051282051282
6492,000-000-6178,mase,0.7857142857142857,0.7857142857142857,0.1746031746031746
6516,000-000-13884,mase,0.9722222222222221,0.9722222222222221,0.8425925925925924
6558,000-000-1693,mase,0.7777777777777778,0.7777777777777778,0.8333333333333334
6558,000-000-6020,mase,1.0370370370370372,1.0370370370370372,0.6666666666666666
6605,000-000-1009,mase,0.8148148148148148,0.8148148148148148,0.06790123456790123
6605,000-000-10342,mase,1.1814814814814814,1.1814814814814814,1.0185185185185186
6605,000-000-11283,mase,0.4578313253012048,0.4578313253012048,0.39759036144578314
6605,000-000-11584,mase,1.125,1.125,1.125
6605,000-000-11586,mase,1.1063218390804597,0.885057471264368,0.47413793103448276
6605,000-000-13358,mase,0.4875621890547264,0.4875621890547264,0.6616915422885572
6605,000-000-3465,mase,0.29931972789115646,0.29931972789115646,0.336734693877551
6605,000-000-3870,mase,0.5092592592592593,0.5092592592592593,0.4074074074074074
6605,000-000-3871,mase,0.4444444444444444,0.5061728395061729,0.2469135802469136
6605,000-000-4303,mase,0.8606557377049181,1.3360655737704918,1.0409836065573772
6605,000-000-5312,mase,0.75,0.75,0.7599999999999999
6605,000-000-6140,mase,0.35365853658536583,0.5365853658536586,0.29878048780487804
6605,000-000-6596,mase,1.4326923076923077,1.5,1.7596153846153848
6614,000-000-10174,mase,0.7741935483870968,0.7741935483870968,0.6451612903225806
6614,000-000-3176,mase,0.4761904761904762,0.4761904761904762,0.7023809523809524
6627,000-000-13612,mase,0.892156862745098,0.20588235294117646,0.2745098039215686
6627,000-000-6140,mase,1.0,1.0,0.5384615384615385
6655,000-000-8721,mase,0.5581395348837209,0.13953488372093023,0.13953488372093023
6699,000-000-13523,mase,0.56,0.5533333333333333,0.36333333333333334
6761,000-000-11283,mase,0.9038461538461539,0.7884615384615384,0.46153846153846156
6761,000-000-11586,mase,0.3970588235294118,0.3970588235294118,0.6176470588235294
6761,000-000-11913,mase,0.7333333333333334,0.7333333333333334,0.5063492063492063
6761,000-000-12404,mase,0.631578947368421,0.5614035087719298,0.7719298245614035
6761,000-000-12553,mase,0.6956521739130435,0.6956521739130435,1.0434782608695652
6761,000-000-12976,mase,0.5085271317829457,0.06614987080103359,0.0764857881136951
6761,000-000-13358,mase,0.5333333333333333,0.5333333333333333,0.26666666666666666
6761,000-000-3274,mase,0.48672566371681414,0.29203539823008845,0.4218289085545722
6761,000-000-3465,mase,0.6111111111111112,0.08071278825995808,0.24213836477987422
6761,000-000-4053,mase,0.5641025641025641,0.5036630036630036,0.6245421245421245
6761,000-000-4056,mase,0.8470588235294118,0.8470588235294118,0.4352941176470589
6761,000-000-6072,mase,1.0,1.0,0.8
6761,000-000-6074,mase,0.5925925925925927,0.6031746031746031,0.3492063492063492
6761,000-000-6140,mase,0.7857142857142857,0.7857142857142857,0.6402116402116401
6793,000-000-4056,mase,0.9487179487179488,0.3333333333333333,0.20512820512820512
6793,000-000-6140,mase,0.5683060109289617,0.08743169398907104,0.06557377049180328
6797,000-000-13177,mase,0.5590277777777778,0.5590277777777778,0.3726851851851852
6797,000-000-3870,mase,1.6041666666666667,1.6041666666666667,1.1076388888888888
6797,000-000-3871,mase,1.4285714285714286,1.4285714285714286,0.2380952380952381
6797,000-000-7754,mase,0.5,0.5,0.4166666666666667
6805,000-000-3870,mase,1.1111111111111112,1.1111111111111112,0.0
6822,000-000-10340,mase,0.5652173913043478,0.9130434782608695,0.5652173913043478
6822,000-000-10342,mase,0.5729166666666666,0.46875,0.46875
6822,000-000-11283,mase,0.9122807017543859,0.8070175438596492,0.7719298245614035
6822,000-000-11586,mase,0.42857142857142855,0.42857142857142855,0.33333333333333337
6822,000-000-13358,mase,0.9916666666666667,0.9916666666666667,1.05
6822,000-000-4056,mase,0.5426356589147288,0.5426356589147288,0.31007751937984496
6822,000-000-5312,mase,0.5555555555555556,0.7777777777777778,0.611111111111111
6822,000-000-6072,mase,0.8490566037735849,0.4716981132075472,0.4716981132075472
6822,000-000-6140,mase,1.8064516129032258,1.8064516129032258,2.064516129032258
6822,000-000-6596,mase,1.9285714285714284,1.357142857142857,1.6428571428571428
6831,000-000-12490,mase,0.7549019607843138,0.7549019607843138,0.9705882352941176
6831,000-000-12496,mase,1.4117647058823528,1.4117647058823528,0.7058823529411764
6831,000-000-12504,mase,0.3819444444444445,0.3819444444444445,0.45833333333333337
6831,000-000-12963,mase,1.7023809523809523,1.7023809523809523,1.7023809523809523
6831,000-000-13088,mase,0.9603174603174602,0.7857142857142857,0.4365079365079365
6883,000-000-11283,mase,1.1818181818181819,1.1818181818181819,0.36363636363636365
6883,000-000-3871,mase,0.5432098765432098,0.5432098765432098,0.2263374485596708
6901,000-000-4053,mase,0.5,1.0,0.39999999999999997
6901,000-000-4056,mase,0.8187702265372169,0.6585760517799353,0.30258899676375406
6901,000-000-6140,mase,1.6756756756756757,2.8108108108108105,2.324324324324324
6901,000-000-6596,mase,0.711864406779661,0.711864406779661,0.576271186440678
6929,000-000-13612,mase,0.22641509433962262,0.22641509433962262,0.22641509433962262
6929,000-000-5312,mase,1.105263157894737,1.105263157894737,1.210526315789474
6975,000-000-1009,mase,1.1264367816091954,1.1264367816091954,1.35632183908046
6975,000-000-4056,mase,0.6567164179104478,0.6567164179104478,0.43781094527363185
6975,000-000-6140,mase,0.6557377049180328,0.6557377049180328,0.5901639344262295
7031,000-000-10340,mase,1.4895833333333333,1.4895833333333333,1.9479166666666667
7031,000-000-10341,mase,1.3194444444444444,1.3194444444444444,1.5972222222222223
7031,000-000-11283,mase,0.619718309859155,0.619718309859155,0.12910798122065728
7031,000-000-11586,mase,1.1891891891891893,1.1891891891891893,1.3873873873873874
7031,000-000-13784,mase,1.7,0.8999999999999999,1.0
7031,000-000-3313,mase,0.45977011494252873,0.45977011494252873,0.7471264367816092
7031,000-000-3465,mase,0.5952380952380952,0.5952380952380952,0.619047619047619
7031,000-000-3466,mase,1.1987179487179487,1.1987179487179487,1.0224358974358974
7031,000-000-4053,mase,0.7599999999999999,1.3599999999999999,0.57
7031,000-000-4056,mase,0.9052083333333333,0.9052083333333333,0.61875
7031,000-000-5312,mase,1.1733333333333331,1.1733333333333331,0.9166666666666666
7031,000-000-6072,mase,0.611111111111111,0.5771604938271605,0.5092592592592593
7031,000-000-6074,mase,0.7595238095238095,0.7595238095238095,0.5238095238095238
7031,000-000-6140,mase,0.7123287671232876,0.7123287671232876,0.8493150684931507
710,000-000-13612,mase,0.393483709273183,0.40350877192982454,0.8295739348370927
710,000-000-13784,mase,2.1666666666666665,2.1666666666666665,2.5
7132,000-000-6596,mase,0.5,0.5,0.5
7201,000-000-10130,mase,0.7222222222222222,0.7222222222222222,0.5
7201,000-000-10174,mase,1.0694444444444446,1.0694444444444446,1.0694444444444446
7201,000-000-11646,mase,1.125,1.125,1.1562500000000002
7201,000-000-12882,mase,0.5987981618946624,0.5987981618946624,0.49381406857546833
7201,000-000-13099,mase,0.928888888888889,0.99,0.6833333333333333
7201,000-000-13287,mase,1.4456140350877194,1.5976608187134502,1.709941520467836
7201,000-000-13348,mase,0.5270270270270271,0.5270270270270271,0.20270270270270274
7201,000-000-3176,mase,1.0434782608695652,1.5652173913043477,1.641304347826087
7201,000-000-6020,mase,0.5454545454545454,0.6818181818181818,0.4393939393939394
7201,000-000-7198,mase,1.0,1.0,1.0
7201,000-000-9341,mase,0.7058823529411764,0.7058823529411764,0.3970588235294118
7201,000-000-9419,mase,0.4186046511627907,0.4186046511627907,0.45348837209302323
7305,000-000-12625,mase,1.8315018315018317,1.8315018315018317,1.8131868131868132
7305,000-000-4303,mase,0.8333333333333333,0.8064516129032258,0.8494623655913978
7305,000-000-6140,mase,0.2802197802197802,0.3131868131868132,0.4697802197802198
7305,000-000-6596,mase,0.7180851063829787,0.7180851063829787,0.5585106382978723
7341,000-000-12490,mase,0.8571428571428571,0.8571428571428571,0.6160714285714286
7341,000-000-12963,mase,0.810810810810811,0.810810810810811,0.6486486486486487
7350,000-000-3113,mase,0.26886035313001605,0.11797752808988765,0.15008025682182988
7443,000-000-10057,mase,5.703703703703703,3.6666666666666665,5.703703703703703
7443,000-000-11554,mase,3.2083333333333335,3.666666666666667,3.361111111111111
7521,000-000-11646,mase,1.0,1.0,1.0
7521,000-000-13889,mase,0.2894736842105263,0.2894736842105263,0.26315789473684215
7521,000-000-3176,mase,0.5,1.859375,0.7734375
7521,000-000-4013,mase,1.1927272727272726,1.1927272727272726,1.2363636363636363
7521,000-000-6020,mase,0.7777777777777778,0.7777777777777778,1.1388888888888888
7524,000-000-10057,mase,0.7777777777777778,0.7777777777777778,0.5277777777777778
7524,000-000-10129,mase,0.5555555555555556,0.5555555555555556,0.43981481481481477
7524,000-000-10130,mase,1.3333333333333333,1.3333333333333333,1.3333333333333333
7524,000-000-10204,mase,0.53551912568306,0.53551912568306,0.3442622950819672
7524,000-000-10885,mase,0.8772563176895307,0.8772563176895307,0.8411552346570398
7524,000-000-11645,mase,1.0,0.8333333333333334,0.7222222222222222
7524,000-000-11646,mase,0.4227642276422764,0.4227642276422764,0.34146341463414637
7524,000-000-11803,mase,0.3888888888888889,0.0,0.0925925925925926
7524,000-000-11809,mase,0.6565656565656566,0.7575757575757576,0.5429292929292929
7524,000-000-11828,mase,1.1162790697674418,1.0548837209302326,0.10418604651162792
7524,000-000-11878,mase,0.6299694189602447,0.4464831804281345,0.3883792048929664
7524,000-000-13348,mase,0.5151515151515151,0.5151515151515151,0.2424242424242424
7524,000-000-1693,mase,0.75,0.75,0.125
7524,000-000-1999,mase,0.8333333333333334,0.8333333333333334,0.5972222222222222
7524,000-000-2001,mase,0.9047619047619048,0.9047619047619048,0.5714285714285714
7524,000-000-2170,mase,0.5555555555555556,0.5555555555555556,0.09259259259259259
7524,000-000-2528,mase,3.0,3.0,3.0
7524,000-000-3176,mase,1.1611111111111112,1.1611111111111112,1.2527777777777778
7524,000-000-4013,mase,0.6285714285714286,1.2,0.6742857142857142
7524,000-000-6020,mase,0.6021505376344086,0.6451612903225806,0.5161290322580645
7524,000-000-7198,mase,0.3333333333333333,0.3333333333333333,0.3333333333333333
7524,000-000-9341,mase,1.125,1.125,1.0625000000000002
7524,000-000-9419,mase,0.5882352941176471,0.6176470588235293,0.5294117647058824
7543,000-000-1009,mase,0.6400966183574879,1.6545893719806761,0.9299516908212561
7543,000-000-11283,mase,0.5579710144927537,0.5579710144927537,0.5579710144927537
7543,000-000-13324,mase,0.7142857142857143,0.7142857142857143,0.7142857142857143
7543,000-000-13340,mase,0.75,0.75,1.125
7543,000-000-13358,mase,0.16666666666666669,0.16666666666666669,0.21666666666666665
7543,000-000-13359,mase,0.30624999999999997,0.18958333333333333,0.21875
7543,000-000-13360,mase,0.5238095238095238,0.9047619047619048,0.5238095238095238
7543,000-000-3465,mase,0.43502824858757067,0.4505649717514124,0.4505649717514124
7543,000-000-3466,mase,0.40293040293040294,0.44322344322344315,0.38278388278388276
7543,000-000-4056,mase,0.23275862068965517,0.23275862068965517,0.2844827586206896
7543,000-000-5312,mase,1.1562500000000002,1.1562500000000002,1.1562500000000002
7543,000-000-6072,mase,0.6060606060606061,0.6060606060606061,0.0
7543,000-000-6140,mase,0.8250000000000001,0.6875,0.7333333333333333
7543,000-000-6596,mase,0.7526881720430108,0.5591397849462365,0.6451612903225806
7543,000-000-7463,mase,0.5813953488372093,0.5813953488372093,0.5813953488372093
7554,000-000-12450,mase,0.24096385542168675,0.3132530120481927,0.2650602409638554
7554,000-000-13348,mase,0.46153846153846156,0.46153846153846156,0.576923076923077
7554,000-000-1732,mase,0.5599999999999999,1.143333333333333,0.84
7554,000-000-1999,mase,1.2222222222222223,1.2222222222222223,1.375
7554,000-000-3176,mase,0.7692307692307692,0.7692307692307692,0.7371794871794872
7554,000-000-5044,mase,0.25641025641025644,0.25641025641025644,0.5128205128205129
7554,000-000-9419,mase,0.39285714285714285,1.4732142857142858,0.4255952380952381
7629,000-000-11913,mase,0.8412698412698413,0.8412698412698413,0.5396825396825398
7629,000-000-3312,mase,0.5933682373472949,0.5933682373472949,0.06980802792321116
7629,000-000-3313,mase,0.2885572139303482,0.2885572139303482,0.19900497512437812
7634,000-000-12976,mase,0.6837606837606838,0.6837606837606838,0.13675213675213677
7634,000-000-6140,mase,0.4736842105263158,0.4736842105263158,0.6578947368421053
763,000-000-13162,mase,1.1,1.1,1.262962962962963
7672,000-000-6020,mase,0.7908496732026143,0.7908496732026143,0.9526143790849673
7672,000-000-9419,mase,1.090909090909091,1.090909090909091,0.9818181818181819
7678,000-000-6020,mase,1.4,1.4,0.4
7698,000-000-13216,mase,1.0909090909090908,0.06060606060606061,0.18181818181818182
7806,000-000-6020,mase,0.7777777777777778,0.7777777777777778,0.6944444444444445
788,000-000-3092,mase,0.03680468423253869,0.4646591384358009,0.3795483061480552
8035,000-000-10173,mase,0.6666666666666666,0.6666666666666666,0.5
8035,000-000-10174,mase,0.0,0.0,0.0
8035,000-000-1732,mase,0.7619047619047619,0.7619047619047619,0.7619047619047619
8035,000-000-3176,mase,1.25,1.25,1.2249999999999999
8035,000-000-3750,mase,0.18229166666666669,0.18229166666666669,0.25520833333333337
8035,000-000-6020,mase,0.7407407407407407,0.7407407407407407,0.8395061728395062
8035,000-000-7198,mase,0.6956521739130435,0.6956521739130435,0.6956521739130435
8035,000-000-8721,mase,0.5263157894736842,0.5263157894736842,0.5789473684210527
8035,000-000-9341,mase,0.6666666666666666,0.6666666666666666,0.6363636363636364
8035,000-000-9419,mase,1.0461538461538462,1.2923076923076922,0.5230769230769231
8120,000-000-3870,mase,1.5277777777777777,1.5277777777777777,0.9166666666666666
8120,000-000-3871,mase,1.0526315789473684,0.5555555555555555,0.3508771929824561
8120,000-000-6140,mase,0.5555555555555556,0.5555555555555556,0.46296296296296297
8142,000-000-11661,mase,1.1428571428571428,1.0952380952380953,0.9285714285714286
8177,000-000-13358,mase,0.3218390804597701,0.367816091954023,0.3218390804597701
8177,000-000-13360,mase,9.0,9.0,6.0
8177,000-000-13612,mase,3.368563685636856,3.5772357723577235,3.5399728997289976
8177,000-000-13890,mase,0.7714285714285715,0.6571428571428573,0.14285714285714288
8177,000-000-3313,mase,0.3902439024390244,0.3902439024390244,0.37723577235772354
8177,000-000-6140,mase,1.2999999999999998,1.2999999999999998,1.5
8224,000-000-3312,mase,0.7092457420924574,0.7092457420924574,0.4817518248175182
8246,000-000-13546,mase,0.8944444444444445,0.8944444444444445,0.7388888888888889
8246,000-000-13890,mase,2.105263157894737,2.105263157894737,1.736842105263158
8246,000-000-6140,mase,0.5579710144927537,1.5144927536231885,0.6908212560386473
8248,000-000-13358,mase,0.48188405797101447,0.48188405797101447,0.4565217391304348
8248,000-000-6140,mase,0.5663716814159292,0.4955752212389381,0.40707964601769914
8248,000-000-7049,mase,1.2883895131086143,1.2883895131086143,1.8277153558052432
8257,000-000-10129,mase,0.4583333333333333,0.4583333333333333,0.05092592592592592
8257,000-000-10130,mase,1.0864197530864197,1.0864197530864197,1.4259259259259258
8257,000-000-10173,mase,0.38095238095238093,0.7619047619047619,0.38095238095238093
8257,000-000-10174,mase,0.31818181818181823,0.5,0.4090909090909091
8257,000-000-11784,mase,0.6470588235294118,0.6470588235294118,0.6579520697167757
8257,000-000-12334,mase,2.2916666666666665,2.2916666666666665,2.1627604166666665
8257,000-000-12842,mase,0.7269624573378839,0.7064846416382252,0.720136518771331
8257,000-000-12882,mase,0.7150621118012422,0.5427018633540373,0.4440993788819876
8257,000-000-13099,mase,0.9477551020408164,0.9477551020408164,0.36367346938775513
8257,000-000-13348,mase,0.4906103286384977,0.619718309859155,0.18075117370892022
8257,000-000-13889,mase,0.3571428571428572,0.3285714285714286,0.2571428571428572
8257,000-000-1999,mase,0.6875,0.6875,0.3055555555555556
8257,000-000-2001,mase,2.0,1.5,0.2222222222222222
8257,000-000-2170,mase,0.6944444444444445,0.6944444444444445,0.6944444444444445
8257,000-000-3176,mase,0.5277777777777778,1.0833333333333333,0.7037037037037037
8257,000-000-3612,mase,1.6153846153846154,1.6153846153846154,1.6442307692307694
8257,000-000-3750,mase,0.8075396825396826,0.8075396825396826,0.3273809523809524
8257,000-000-3777,mase,0.3448275862068966,0.3448275862068966,0.3448275862068966
8257,000-000-4013,mase,1.2898039215686277,1.2898039215686277,1.5831372549019609
8257,000-000-6020,mase,1.355072463768116,1.355072463768116,0.5712560386473431
8257,000-000-8722,mase,0.6349206349206349,0.6613756613756614,0.21164021164021163
8257,000-000-9341,mase,0.5714285714285714,0.5714285714285714,0.3214285714285714
8257,000-000-9419,mase,0.9199999999999999,0.9199999999999999,0.6
8257,000-000-9919,mase,1.1058201058201058,1.1058201058201058,0.6402116402116401
8582,000-000-10173,mase,0.7333333333333333,0.9166666666666667,0.7333333333333333
8666,000-000-11283,mase,0.7586206896551725,0.47413793103448276,0.34770114942528735
8666,000-000-13890,mase,0.2222222222222222,0.5925925925925926,0.5555555555555556
8666,000-000-3313,mase,0.44673539518900346,0.44673539518900346,0.4123711340206186
8666,000-000-3870,mase,0.45833333333333337,0.45833333333333337,0.0
8666,000-000-5312,mase,0.8974358974358975,0.8974358974358975,0.8333333333333333
8666,000-000-6973,mase,0.4230769230769231,0.4230769230769231,0.23504273504273507
871,000-000-3313,mase,1.185897435897436,0.8653846153846153,0.8012820512820513
901,000-000-10057,mase,0.8205128205128205,0.8205128205128205,0.8205128205128205
901,000-000-10174,mase,1.1111111111111112,1.1111111111111112,1.0
901,000-000-7198,mase,0.7096774193548386,0.7096774193548386,0.3225806451612903
9093,000-000-1009,mase,0.6666666666666666,0.0,0.0617283950617284
9093,000-000-11664,mase,0.7371794871794872,0.7371794871794872,0.27243589743589747
9093,000-000-12625,mase,0.4842105263157895,0.4842105263157895,0.7263157894736841
9093,000-000-13181,mase,0.46846846846846846,0.46846846846846846,0.3003003003003003
9093,000-000-13323,mase,0.7272727272727273,0.7272727272727273,0.8181818181818182
9093,000-000-13324,mase,0.6268656716417911,0.6268656716417911,0.5671641791044776
9093,000-000-13325,mase,0.4003831417624521,0.4003831417624521,0.35823754789272033
9093,000-000-13340,mase,0.75,0.75,0.8214285714285714
9093,000-000-13349,mase,0.45714285714285713,0.6428571428571429,0.3285714285714286
9093,000-000-13364,mase,0.5058823529411766,0.5058823529411766,0.2705882352941177
9093,000-000-13609,mase,0.43902439024390244,0.43902439024390244,0.2113821138211382
9093,000-000-13612,mase,0.9166666666666666,0.9166666666666666,0.9700176366843033
9093,000-000-3465,mase,1.5368421052631578,1.5368421052631578,0.6947368421052631
9093,000-000-3466,mase,0.6181818181818183,0.6181818181818183,0.3636363636363637
9093,000-000-6140,mase,0.5642857142857143,0.5357142857142857,0.1642857142857143
9093,000-000-6973,mase,0.6376811594202898,0.6376811594202898,0.15942028985507245
9093,000-000-7049,mase,1.25,1.25,1.923611111111111
9093,000-000-7167,mase,0.5454545454545455,0.5454545454545455,0.0
9155,000-000-11283,mase,0.4489795918367347,0.4489795918367347,0.04081632653061225
9155,000-000-13342,mase,0.6153846153846154,0.6153846153846154,0.03263403263403264
9155,000-000-3465,mase,0.6620689655172414,0.6620689655172414,0.39999999999999997
9155,000-000-3870,mase,0.873015873015873,0.873015873015873,0.7857142857142857
9155,000-000-5312,mase,0.5862068965517242,0.5862068965517242,0.15517241379310345
9155,000-000-6074,mase,0.826086956521739,0.9130434782608695,0.7391304347826088
9155,000-000-6140,mase,0.4074074074074074,0.35648148148148145,0.611111111111111
9158,000-000-3313,mase,0.8368200836820083,0.7615062761506275,0.6778242677824268
9158,000-000-4053,mase,0.7719298245614035,0.7719298245614035,0.7719298245614035
9158,000-000-4056,mase,1.1388888888888888,1.1388888888888888,0.9722222222222222
9158,000-000-7049,mase,1.5774647887323945,1.5774647887323945,1.0704225352112675
9158,000-000-7167,mase,1.2,1.2,1.2
9521,000-000-12489,mase,0.6666666666666666,0.6666666666666666,0.6666666666666666
9521,000-000-12490,mase,0.3463203463203463,0.3463203463203463,0.30303030303030304
9521,000-000-3871,mase,0.8333333333333334,0.8333333333333334,0.2777777777777778
9521,000-000-5312,mase,0.9821428571428572,0.3273809523809524,0.2619047619047619
9521,000-000-6140,mase,0.9166666666666667,0.9166666666666667,0.6111111111111112
9521,000-000-6596,mase,0.8250000000000001,0.8250000000000001,0.6416666666666667
9521,000-000-6973,mase,0.5866666666666666,0.5866666666666666,0.2933333333333333
9521,000-000-7049,mase,1.25,1.25,1.2916666666666667
9524,000-000-12625,mase,0.7272727272727274,0.6181818181818183,0.19090909090909092
9524,000-000-12626,mase,0.5666666666666667,0.5666666666666667,0.21666666666666665
9524,000-000-3465,mase,0.5203252032520325,0.5203252032520325,0.5040650406504066
9524,000-000-5312,mase,1.2857142857142858,1.2857142857142858,1.2428571428571429
9524,000-000-6140,mase,0.9487179487179488,0.28205128205128205,0.358974358974359
9524,000-000-6973,mase,0.525,0.6,0.525
9524,000-000-7167,mase,1.473684210526316,1.473684210526316,1.368421052631579
9546,000-000-10341,mase,0.8793103448275862,0.8793103448275862,0.5689655172413792
9546,000-000-10342,mase,0.7248062015503877,0.7248062015503877,0.5542635658914729
9546,000-000-11283,mase,0.45454545454545453,0.696969696969697,0.5454545454545454
9546,000-000-11586,mase,0.9803921568627452,0.9803921568627452,1.5686274509803921
9546,000-000-11905,mase,0.6,0.6,0.35789473684210527
9546,000-000-11913,mase,0.75,0.75,0.8722222222222222
9546,000-000-12490,mase,0.5797101449275363,0.5797101449275363,0.4347826086956522
9546,000-000-12497,mase,0.5392156862745099,0.5392156862745099,0.2156862745098039
9546,000-000-13017,mase,1.0256410256410255,1.0256410256410255,0.6410256410256411
9546,000-000-13324,mase,0.9032258064516129,1.2903225806451613,0.8387096774193548
9546,000-000-13325,mase,0.5913978494623656,0.5913978494623656,0.7688172043010751
9546,000-000-13326,mase,1.1219512195121952,1.024390243902439,0.7804878048780488
9546,000-000-3274,mase,0.9908256880733944,0.9908256880733944,0.40366972477064217
9546,000-000-3313,mase,0.6176470588235293,0.6176470588235293,0.4705882352941176
9546,000-000-3465,mase,0.5688073394495413,0.9908256880733944,0.8532110091743119
9546,000-000-3466,mase,0.9565217391304348,0.9565217391304348,0.8695652173913043
9546,000-000-5312,mase,0.9333333333333333,0.9333333333333333,0.7333333333333333
9546,000-000-6140,mase,0.6829268292682927,0.9593495934959351,0.5284552845528455
9546,000-000-6973,mase,2.0,1.0,1.5
9571,000-000-6140,mase,0.84,0.6799999999999999,0.19999999999999998
9571,000-000-6596,mase,1.3793103448275863,1.3793103448275863,1.4482758620689655
964,000-000-10173,mase,2.75,2.75,1.375
964,000-000-13099,mase,0.7,0.7,0.25896551724137934
964,000-000-3176,mase,0.9625,0.9625,0.1375
964,000-000-3777,mase,1.1159420289855073,1.1159420289855073,1.1159420289855073
964,000-000-6020,mase,0.0,0.0,0.0
964,000-000-8721,mase,0.5641025641025641,0.5641025641025641,0.4230769230769231
964,000-000-9419,mase,1.1712962962962963,1.1712962962962963,1.5787037037037037
9650,000-000-13612,mase,0.9595959595959596,0.9812409812409812,1.0389610389610389
9666,000-000-12625,mase,0.4962962962962963,1.4629629629629628,0.3888888888888889
9666,000-000-13296,mase,0.4597701149425288,0.4597701149425288,0.3448275862068966
9666,000-000-13612,mase,0.5219047619047619,0.5219047619047619,0.9676190476190477
9666,000-000-13784,mase,0.9166666666666666,0.75,0.8888888888888888
9666,000-000-6140,mase,0.6801075268817204,0.7688172043010751,0.5766129032258064
9666,000-000-7049,mase,1.3,1.3222222222222222,0.6
970,000-000-6140,mase,1.03125,1.03125,1.03125
9743,000-000-10057,mase,0.5092592592592593,0.8046296296296296,0.5092592592592593
9743,000-000-10130,mase,0.46851851851851856,0.3615740740740741,0.275
9743,000-000-10204,mase,0.5986394557823129,0.23072562358276646,0.24319727891156462
9743,000-000-11646,mase,0.7777777777777778,0.7777777777777778,1.027777777777778
9743,000-000-11803,mase,0.7857142857142857,0.5674603174603174,0.1746031746031746
9743,000-000-11809,mase,0.45833333333333337,0.45833333333333337,0.12222222222222222
9743,000-000-11827,mase,0.9355670103092784,0.9355670103092784,0.49731529209621994
9743,000-000-11828,mase,1.0163900839991806,1.0163900839991806,0.7245441507887729
9743,000-000-11834,mase,0.8468253968253968,0.3375661375661375,0.45978835978835975
9743,000-000-11857,mase,0.7414814814814815,1.3933333333333333,1.0445925925925925
9743,000-000-11878,mase,0.6467770034843205,0.7521777003484321,0.6946864111498258
9743,000-000-12102,mase,0.45833333333333337,0.45833333333333337,0.0
9743,000-000-1732,mase,0.35106382978723405,0.2730496453900709,0.2925531914893617
9743,000-000-1782,mase,0.611111111111111,0.611111111111111,0.3939393939393939
9743,000-000-2170,mase,1.2222222222222223,1.2222222222222223,1.2986111111111114
9743,000-000-2624,mase,0.5993589743589745,0.5993589743589745,0.6292599805258033
9743,000-000-2631,mase,0.6481314044605184,0.6481314044605184,0.7144364074743822
9743,000-000-3176,mase,0.73046875,1.71875,0.6158854166666666
9743,000-000-3442,mase,0.1867030965391621,0.1867030965391621,0.21948998178506374
9743,000-000-4013,mase,0.8020833333333333,0.8020833333333333,0.86625
9743,000-000-4682,mase,0.7439613526570049,1.1690821256038648,0.8502415458937198
9743,000-000-6020,mase,0.5601851851851851,0.5601851851851851,0.6747685185185185
9743,000-000-7198,mase,1.0266666666666666,0.7333333333333333,0.5866666666666666
9743,000-000-9419,mase,0.6626506024096385,0.6626506024096385,0.5632530120481928
1299,000-000-10340,wape,0.5675675675675675,0.5675675675675675,0.2702702702702703
1299,000-000-11283,wape,0.9672131147540983,0.6229508196721312,0.32786885245901637
1299,000-000-12976,wape,0.8333333333333334,0.8333333333333334,0.4236111111111111
1299,000-000-5312,wape,0.38144329896907214,0.38144329896907214,0.3917525773195876
1299,000-000-6973,wape,1.0,0.9166666666666666,0.5
1299,000-000-7049,wape,1.63013698630137,1.63013698630137,0.7534246575342466
1339,000-000-13358,wape,0.41935483870967744,0.4838709677419355,0.45161290322580644
1339,000-000-4848,wape,0.25,0.25,0.25
1339,000-000-6140,wape,0.3888888888888889,0.3888888888888889,0.2777777777777778
1339,000-000-6596,wape,0.4782608695652174,0.5,0.4782608695652174
1353,000-000-10130,wape,0.5,0.5,0.5347222222222222
1353,000-000-10204,wape,0.23076923076923078,0.3076923076923077,0.2564102564102564
1353,000-000-10885,wape,1.5507246376811594,1.5507246376811594,1.1642512077294687
1353,000-000-11827,wape,0.33391455972101136,1.1185701830863122,0.5396687009590235
1353,000-000-11828,wape,0.4074074074074074,0.49173789173789173,0.4393162393162393
1353,000-000-13315,wape,0.36363636363636365,0.45454545454545453,0.18181818181818182
1353,000-000-13451,wape,0.5238095238095238,0.42857142857142855,0.42857142857142855
1353,000-000-1732,wape,0.6470588235294118,0.6470588235294118,0.5294117647058824
1353,000-000-2624,wape,0.6329113924050633,1.681735985533454,0.6916817359855335
1353,000-000-3176,wape,0.375,0.375,0.4453125
1353,000-000-8721,wape,0.1724137931034483,0.1724137931034483,0.3793103448275862
1353,000-000-8722,wape,0.18181818181818182,0.18181818181818182,0.3409090909090909
1376,000-000-1009,wape,0.375,0.375,0.04861111111111111
1376,000-000-13784,wape,0.40540540540540543,0.40540540540540543,0.4594594594594595
1376,000-000-3465,wape,0.3,0.3,0.125
1422,000-000-3465,wape,0.7,0.7,0.16666666666666666
1574,000-000-13296,wape,0.35135135135135137,0.35135135135135137,0.40540540540540543
1594,000-000-5312,wape,0.3142857142857143,0.3142857142857143,0.4095238095238095
1745,000-000-12963,wape,1.25,0.5,0.5
1745,000-000-13575,wape,0.6363636363636364,0.6363636363636364,0.2727272727272727
1834,000-000-13180,wape,0.4106280193236715,0.4106280193236715,0.3671497584541063
1834,000-000-13612,wape,0.22424242424242424,0.2606060606060606,0.3181818181818182
1834,000-000-3101,wape,0.3333333333333333,0.3333333333333333,0.5111111111111111
1883,000-000-6140,wape,0.25,0.25,0.25
1883,000-000-6596,wape,0.2903225806451613,0.2903225806451613,0.3548387096774194
1923,000-000-10130,wape,0.6666666666666666,0.6666666666666666,0.1527777777777778
1923,000-000-10131,wape,0.42857142857142855,0.39285714285714285,0.16666666666666666
1923,000-000-11554,wape,0.4222222222222222,0.4222222222222222,0.23333333333333334
1923,000-000-13348,wape,0.2857142857142857,0.2857142857142857,0.2857142857142857
1923,000-000-2170,wape,0.42857142857142855,0.42857142857142855,0.19047619047619047
1923,000-000-3176,wape,0.275,0.275,0.25
1923,000-000-3777,wape,0.14864864864864866,0.14864864864864866,0.3108108108108108
1923,000-000-4680,wape,0.15942028985507245,0.15942028985507245,0.4057971014492754
1923,000-000-6020,wape,0.3333333333333333,0.3333333333333333,0.27450980392156865
1944,000-000-3313,wape,0.8309859154929577,0.8028169014084507,0.8403755868544601
1944,000-000-6140,wape,0.7446808510638298,1.425531914893617,0.9574468085106383
1952,000-000-11283,wape,0.7142857142857143,0.7142857142857143,0.7142857142857143
1952,000-000-11586,wape,1.0,0.9444444444444444,0.5555555555555556
1952,000-000-6140,wape,0.45454545454545453,0.45454545454545453,0.18181818181818182
2079,000-000-4013,wape,0.3028571428571429,0.28,0.2
2079,000-000-6020,wape,0.3111111111111111,0.2,0.25555555555555554
2133,000-000-3313,wape,0.75,0.75,0.4583333333333333
2182,000-000-13612,wape,0.17325227963525835,0.5045592705167173,0.5126646403242148
2252,000-000-0299,wape,0.8947368421052632,0.8947368421052632,0.2631578947368421
2259,000-000-10173,wape,0.4444444444444444,0.4722222222222222,0.4444444444444444
2259,000-000-10174,wape,0.5,0.45,0.575
2259,000-000-3176,wape,0.484375,0.484375,0.296875
2259,000-000-3777,wape,0.2857142857142857,0.2857142857142857,0.14285714285714285
2259,000-000-8721,wape,0.2571428571428571,0.2571428571428571,0.3
2259,000-000-8722,wape,0.2631578947368421,0.2631578947368421,0.3684210526315789
2259,000-000-9341,wape,1.1428571428571428,1.1428571428571428,1.0357142857142858
2314,000-000-5312,wape,0.2,0.2,0.18181818181818182
2314,000-000-6140,wape,0.45454545454545453,0.3939393939393939,0.36363636363636365
2340,000-000-9341,wape,0.40625,0.40625,0.203125
2637,000-000-6140,wape,0.46153846153846156,0.4230769230769231,0.5769230769230769
2637,000-000-7049,wape,0.36082474226804123,0.32989690721649484,0.35051546391752575
27135,000-000-3176,wape,0.2375,0.2375,0.275
27135,000-000-6020,wape,0.375,0.6180555555555556,0.4166666666666667
27135,000-000-9341,wape,0.2,0.2,0.28888888888888886
27135,000-000-9461,wape,0.2537313432835821,0.2537313432835821,0.2835820895522388
2722,000-000-12625,wape,0.95,1.0,1.0583333333333333
2743,000-000-10425,wape,0.7678571428571429,0.3125,0.39285714285714285
27480,000-000-12625,wape,0.4,0.4083333333333333,0.125
27480,000-000-13151,wape,0.5238095238095238,0.47619047619047616,0.14285714285714285
27480,000-000-13612,wape,0.4084507042253521,0.4084507042253521,0.4084507042253521
27480,000-000-6973,wape,0.4,0.4,0.8
27480,000-000-7167,wape,0.5,0.5,1.25
27677,000-000-12625,wape,0.4375,0.4375,0.340625
27677,000-000-13151,wape,0.2753623188405797,0.3333333333333333,0.2318840579710145
27677,000-000-13177,wape,0.13580246913580246,0.13580246913580246,0.33127572016460904
27677,000-000-13295,wape,0.3933333333333333,0.3933333333333333,0.3566666666666667
27677,000-000-13323,wape,0.2857142857142857,0.2857142857142857,0.2857142857142857
27677,000-000-13324,wape,0.23076923076923078,0.23076923076923078,0.3717948717948718
27677,000-000-13325,wape,0.6764705882352942,0.6764705882352942,0.5147058823529411
27677,000-000-13326,wape,0.4,0.4,0.4375
27677,000-000-13349,wape,0.19753086419753085,0.2808641975308642,0.2361111111111111
27677,000-000-13612,wape,0.2712765957446808,0.2712765957446808,0.40381205673758863
27677,000-000-3101,wape,0.3333333333333333,0.3333333333333333,0.362962962962963
27677,000-000-3746,wape,0.3333333333333333,0.3333333333333333,0.2708333333333333
27677,000-000-3792,wape,0.4375,1.53125,0.6125
27677,000-000-4053,wape,1.5714285714285714,1.5714285714285714,0.31746031746031744
27677,000-000-6973,wape,0.3333333333333333,0.3484848484848485,0.3181818181818182
27677,000-000-7167,wape,0.4,0.4,0.45
2900,000-000-7048,wape,0.38181818181818183,0.38181818181818183,0.38181818181818183
2929,000-000-13311,wape,1.6666666666666667,1.4444444444444444,1.3333333333333333
2929,000-000-3274,wape,0.2916666666666667,0.4375,0.3472222222222222
2929,000-000-3312,wape,0.696969696969697,0.696969696969697,0.7171717171717171
2929,000-000-3313,wape,0.696969696969697,0.696969696969697,0.6666666666666666
2929,000-000-3465,wape,0.6,0.591304347826087,0.6956521739130435
2929,000-000-3466,wape,0.312,0.312,0.32
2929,000-000-4053,wape,0.3225806451612903,0.3225806451612903,0.3064516129032258
2929,000-000-4056,wape,0.8,0.8,0.5
2929,000-000-6973,wape,0.4117647058823529,0.4117647058823529,0.38235294117647056
296,000-000-3313,wape,0.945054945054945,0.9065934065934066,0.7582417582417582
296,000-000-3870,wape,0.5555555555555556,0.3333333333333333,0.3333333333333333
296,000-000-3871,wape,0.5,0.4583333333333333,0.5
296,000-000-6140,wape,0.2537313432835821,0.2537313432835821,0.29850746268656714
2974,000-000-11913,wape,0.3,0.23333333333333334,0.06666666666666667
2974,000-000-2201,wape,0.2708333333333333,0.2708333333333333,0.010416666666666666
3097,000-000-12625,wape,0.6153846153846154,0.5615384615384615,0.2692307692307692
3124,000-000-13324,wape,0.0,0.0,0.0
3124,000-000-13612,wape,0.38461538461538464,0.38461538461538464,0.1794871794871795
3124,000-000-6140,wape,0.26666666666666666,0.26666666666666666,0.4
3144,000-000-10057,wape,0.38095238095238093,0.14285714285714285,0.16666666666666666
3144,000-000-12450,wape,0.25925925925925924,0.2962962962962963,0.35185185185185186
3144,000-000-13216,wape,0.23529411764705882,0.14705882352941177,0.29411764705882354
3144,000-000-3176,wape,0.6875,0.34375,0.4296875
3144,000-000-3777,wape,0.2,0.2,0.38333333333333336
3144,000-000-4013,wape,0.364,0.3373333333333333,0.5193333333333333
3144,000-000-9341,wape,0.14705882352941177,0.14705882352941177,0.20588235294117646
3187,000-000-13313,wape,0.6842105263157895,0.47368421052631576,0.47368421052631576
3187,000-000-13318,wape,0.4339622641509434,0.4339622641509434,0.33962264150943394
3187,000-000-13449,wape,0.4117647058823529,0.4117647058823529,0.4117647058823529
3187,000-000-13450,wape,0.75,0.75,0.4583333333333333
3187,000-000-13451,wape,0.6190476190476191,0.6190476190476191,0.21428571428571427
3187,000-000-9419,wape,0.5,0.5,0.5625
3217,000-000-3312,wape,1.4,0.6285714285714286,0.5142857142857142
3702,000-000-3312,wape,0.30578512396694213,0.2809917355371901,0.3140495867768595
3702,000-000-3313,wape,0.6178343949044586,0.6178343949044586,0.6178343949044586
3761,000-000-13315,wape,0.2727272727272727,0.2727272727272727,0.21212121212121213
3761,000-000-8722,wape,1.4210526315789473,1.4210526315789473,0.5
3793,000-000-13315,wape,0.6666666666666666,0.6666666666666666,0.4166666666666667
3866,000-000-13660,wape,1.0,1.0,0.2777777777777778
3873,000-000-10173,wape,0.75,0.75,0.2916666666666667
3873,000-000-10174,wape,0.5,0.5,0.041666666666666664
3873,000-000-11828,wape,1.2702702702702702,0.45684394071490847,0.5640802092414996
3873,000-000-11829,wape,1.2513089005235603,0.5287958115183246,0.4258289703315881
3873,000-000-11834,wape,0.5055555555555555,0.5,0.5037037037037037
3873,000-000-1732,wape,0.2,0.2,0.04
3873,000-000-3176,wape,0.5,0.5,0.6067073170731707
3873,000-000-3777,wape,0.17647058823529413,0.17647058823529413,0.17647058823529413
3873,000-000-4013,wape,0.3457142857142857,0.3457142857142857,0.4257142857142857
3873,000-000-9341,wape,1.1,1.1,0.75
3873,000-000-9419,wape,0.9545454545454546,0.7727272727272727,0.7272727272727273
3873,000-000-9461,wape,0.391304347826087,0.34782608695652173,0.21739130434782608
3922,000-000-10129,wape,0.18518518518518517,0.18518518518518517,0.1728395061728395
3922,000-000-10130,wape,0.3333333333333333,0.25,0.2951388888888889
3922,000-000-10173,wape,0.75,0.75,0.4583333333333333
3922,000-000-10174,wape,0.8,0.8,0.26666666666666666
3922,000-000-11827,wape,0.49495586380832285,0.46941992433795715,0.5513871374527112
3922,000-000-11834,wape,0.8864197530864197,0.8864197530864197,0.5753086419753086
3922,000-000-13268,wape,0.2857142857142857,0.2857142857142857,0.2857142857142857
3922,000-000-13348,wape,0.3870967741935484,0.3870967741935484,0.45161290322580644
3922,000-000-13584,wape,1.0,1.0595238095238095,0.8523809523809524
3922,000-000-13625,wape,0.3877551020408163,0.3469387755102041,0.3469387755102041
3922,000-000-3777,wape,0.37142857142857144,0.37142857142857144,0.35714285714285715
3922,000-000-4013,wape,0.8156521739130435,0.391304347826087,0.4156521739130435
3922,000-000-4713,wape,0.3419753086419753,0.3419753086419753,0.2271604938271605
3922,000-000-6020,wape,1.0,1.0,0.21794871794871795
3922,000-000-7198,wape,0.48717948717948717,0.48717948717948717,0.38461538461538464
3922,000-000-8721,wape,0.65,0.65,0.375
3922,000-000-9341,wape,0.6666666666666666,0.5555555555555556,0.4861111111111111
3922,000-000-9419,wape,0.40425531914893614,0.40425531914893614,0.46808510638297873
4148,000-000-4056,wape,1.6666666666666667,0.0,0.0
4148,000-000-6140,wape,0.6190476190476191,0.23809523809523808,0.2857142857142857
4167,000-000-3312,wape,1.1428571428571428,1.1428571428571428,0.6071428571428571
4167,000-000-3313,wape,0.6363636363636364,0.6363636363636364,0.5959595959595959
4167,000-000-3870,wape,0.37254901960784315,0.37254901960784315,0.29411764705882354
4403,000-000-13890,wape,0.5,0.5,0.25
4403,000-000-3313,wape,0.5918367346938775,0.5918367346938775,0.22448979591836735
4403,000-000-7049,wape,0.2682926829268293,0.2682926829268293,0.3902439024390244
4418,000-000-3176,wape,0.5083333333333333,0.5083333333333333,0.6541666666666667
4455,000-000-7049,wape,0.4166666666666667,0.4027777777777778,0.08333333333333333
4502,000-000-10057,wape,0.7142857142857143,0.7142857142857143,0.25
4502,000-000-10129,wape,0.625,0.875,0.6145833333333334
4502,000-000-10130,wape,0.7,0.7,0.45
4502,000-000-10173,wape,1.0,1.0,0.25
4502,000-000-10174,wape,0.75,0.75,0.5
4502,000-000-11554,wape,0.28888888888888886,0.28888888888888886,0.28888888888888886
4502,000-000-11645,wape,0.16666666666666666,0.16666666666666666,0.0
4502,000-000-11646,wape,0.18840579710144928,0.21739130434782608,0.37681159420289856
4502,000-000-11828,wape,0.8920634920634921,0.26031746031746034,0.2687830687830688
4502,000-000-12100,wape,0.25,0.25,0.041666666666666664
4502,000-000-12102,wape,0.25,0.25,0.05555555555555555
4502,000-000-12334,wape,0.3522727272727273,0.39204545454545453,0.36363636363636365
4502,000-000-13025,wape,0.1,0.18333333333333332,0.03333333333333333
4502,000-000-1999,wape,0.29411764705882354,0.29411764705882354,0.29411764705882354
4502,000-000-2001,wape,0.38095238095238093,0.38095238095238093,0.21428571428571427
4502,000-000-2170,wape,0.3333333333333333,0.3111111111111111,0.18888888888888888
4502,000-000-3176,wape,0.4479166666666667,0.4791666666666667,0.3697916666666667
4502,000-000-4013,wape,0.36666666666666664,0.36666666666666664,0.3983333333333333
4502,000-000-6020,wape,0.3333333333333333,0.3333333333333333,0.3425925925925926
4502,000-000-9419,wape,0.42857142857142855,0.42857142857142855,0.2857142857142857
4627,000-000-10173,wape,0.19047619047619047,0.19047619047619047,0.3333333333333333
4627,000-000-10174,wape,0.25,0.1875,0.25
4627,000-000-10885,wape,0.3333333333333333,0.3333333333333333,0.3294685990338164
4627,000-000-11827,wape,0.6555555555555556,0.6657407407407407,0.6
4627,000-000-11828,wape,0.4666666666666667,0.4666666666666667,0.49135802469135803
4627,000-000-11829,wape,0.2562674094707521,0.2562674094707521,0.3328690807799443
4627,000-000-11835,wape,0.6814814814814815,0.5691358024691358,0.2679012345679012
4627,000-000-12882,wape,0.7214170692431562,0.6296296296296297,0.6103059581320451
4627,000-000-13099,wape,0.3088,0.3088,0.3744
4627,000-000-1999,wape,0.4166666666666667,0.4166666666666667,0.2708333333333333
4627,000-000-2001,wape,0.3541666666666667,0.3541666666666667,0.25
4627,000-000-2170,wape,0.47619047619047616,0.47619047619047616,0.2619047619047619
4627,000-000-3176,wape,0.375,0.375,0.46875
4627,000-000-4013,wape,0.408,0.446,0.338
4627,000-000-6020,wape,1.0,0.8888888888888888,0.3425925925925926
4627,000-000-9341,wape,0.5882352941176471,0.35294117647058826,0.29411764705882354
4627,000-000-9419,wape,0.39285714285714285,0.35714285714285715,0.42857142857142855
4701,000-000-1009,wape,0.41025641025641024,0.41025641025641024,0.40384615384615385
4701,000-000-11283,wape,0.6388888888888888,0.5416666666666666,0.5
4701,000-000-13296,wape,0.5,0.5,0.125
4701,000-000-13324,wape,0.42857142857142855,0.38095238095238093,0.2857142857142857
4701,000-000-13326,wape,0.5,0.5,0.3333333333333333
4701,000-000-13358,wape,0.42528735632183906,0.42528735632183906,0.4827586206896552
4701,000-000-13660,wape,0.4716981132075472,0.4716981132075472,0.4528301886792453
4701,000-000-3313,wape,0.9642857142857143,0.07142857142857142,0.09523809523809523
4701,000-000-3870,wape,0.8947368421052632,0.8947368421052632,0.22807017543859648
4701,000-000-3871,wape,0.875,0.7083333333333334,0.3125
4701,000-000-6140,wape,0.34177215189873417,0.34177215189873417,0.22784810126582278
4701,000-000-6596,wape,0.8148148148148148,0.8333333333333334,0.6481481481481481
4818,000-000-10130,wape,0.5111111111111111,0.5111111111111111,0.3055555555555556
4818,000-000-10173,wape,0.4666666666666667,0.4666666666666667,0.13333333333333333
4818,000-000-10174,wape,0.5142857142857142,0.5142857142857142,0.4857142857142857
4818,000-000-11646,wape,0.4782608695652174,0.4782608695652174,0.4782608695652174
4818,000-000-11803,wape,0.5213675213675214,0.5192307692307693,0.5641025641025641
4818,000-000-11809,wape,0.5135135135135135,0.5135135135135135,0.5315315315315315
4818,000-000-11828,wape,0.36437389770723105,0.36437389770723105,0.382010582010582
4818,000-000-1999,wape,0.5111111111111111,0.5111111111111111,0.23333333333333334
4818,000-000-3092,wape,0.5505791505791506,0.14285714285714285,0.43397683397683395
4818,000-000-3113,wape,0.2897541566008242,0.22580645161290322,0.4231917010089527
4818,000-000-3176,wape,0.375,0.375,0.35795454545454547
4818,000-000-3777,wape,0.18181818181818182,0.18181818181818182,0.3181818181818182
4818,000-000-4013,wape,0.6190476190476191,0.6190476190476191,0.650952380952381
4818,000-000-6020,wape,0.3333333333333333,0.3333333333333333,0.37037037037037035
4818,000-000-7198,wape,0.46938775510204084,0.5510204081632653,0.5510204081632653
4818,000-000-9341,wape,0.375,1.25,0.3958333333333333
4818,000-000-9419,wape,0.8461538461538461,0.8461538461538461,0.1282051282051282
4847,000-000-10173,wape,0.7142857142857143,0.7142857142857143,0.7142857142857143
4847,000-000-10885,wape,0.12352309344790548,0.12352309344790548,0.11063372717508056
4847,000-000-11646,wape,0.2564102564102564,0.24358974358974358,0.25
4847,000-000-11803,wape,0.3333333333333333,0.3333333333333333,0.3425925925925926
4847,000-000-1732,wape,0.22580645161290322,0.2903225806451613,0.22580645161290322
4847,000-000-2624,wape,0.45569620253164556,0.45569620253164556,0.30253164556962026
4847,000-000-2631,wape,0.43698424606151537,0.4204801200300075,0.46905476369092275
4847,000-000-3096,wape,0.9872611464968153,0.9872611464968153,0.9872611464968153
4847,000-000-3176,wape,0.525,0.4,0.41875
4847,000-000-7198,wape,0.22580645161290322,0.22580645161290322,0.22580645161290322
4854,000-000-12625,wape,0.44761904761904764,0.44761904761904764,0.65
4854,000-000-3465,wape,0.4,0.4,0.2823529411764706
4854,000-000-3870,wape,0.4,0.4,0.475
4902,000-000-10132,wape,0.3333333333333333,0.1527777777777778,0.05555555555555555
4902,000-000-11828,wape,0.5681016231474947,0.5681016231474947,0.38108680310515175
4902,000-000-11834,wape,0.5368421052631579,0.5368421052631579,0.28771929824561404
4902,000-000-13348,wape,0.3333333333333333,0.3055555555555556,0.0
4902,000-000-13625,wape,0.2777777777777778,0.2777777777777778,0.2777777777777778
4902,000-000-1782,wape,0.22247933884297522,0.22247933884297522,0.336198347107438
4902,000-000-3176,wape,0.5,0.5416666666666666,0.125
4902,000-000-3777,wape,0.2542372881355932,0.2542372881355932,0.3559322033898305
4902,000-000-4013,wape,0.3333333333333333,0.3333333333333333,0.3466666666666667
4902,000-000-6020,wape,0.3333333333333333,0.3333333333333333,0.30303030303030304
4902,000-000-9341,wape,0.25,0.25,0.2916666666666667
4902,000-000-9419,wape,0.36666666666666664,0.4666666666666667,0.36666666666666664
4906,000-000-1009,wape,0.5714285714285714,0.5714285714285714,0.39285714285714285
4906,000-000-1832,wape,0.3333333333333333,0.37037037037037035,0.35185185185185186
4906,000-000-3313,wape,0.5,0.5277777777777778,0.4583333333333333
4938,000-000-13268,wape,0.3333333333333333,0.3333333333333333,0.5555555555555556
4943,000-000-11283,wape,0.4473684210526316,0.4473684210526316,0.35526315789473684
4943,000-000-11913,wape,0.35714285714285715,0.35714285714285715,0.42142857142857143
4943,000-000-12625,wape,0.45263157894736844,0.45263157894736844,0.3526315789473684
4943,000-000-13296,wape,0.2972972972972973,0.2702702702702703,0.13513513513513514
4943,000-000-13324,wape,0.6666666666666666,0.6666666666666666,0.3055555555555556
4943,000-000-13325,wape,0.6666666666666666,0.5833333333333334,0.0
4943,000-000-13326,wape,0.6190476190476191,0.6190476190476191,0.19047619047619047
4943,000-000-13349,wape,0.6521739130434783,0.6521739130434783,0.4782608695652174
4943,000-000-13358,wape,0.2903225806451613,0.2903225806451613,0.41935483870967744
4943,000-000-13359,wape,0.8181818181818182,0.41818181818181815,0.43636363636363634
4943,000-000-13360,wape,0.5416666666666666,0.5416666666666666,0.4583333333333333
4943,000-000-3313,wape,1.1904761904761905,1.1904761904761905,1.1428571428571428
4943,000-000-3465,wape,0.52,0.52,0.46
4943,000-000-3466,wape,0.5428571428571428,0.5428571428571428,0.3238095238095238
4943,000-000-4053,wape,0.6744186046511628,0.23255813953488372,0.3023255813953488
4943,000-000-4056,wape,1.1111111111111112,1.1111111111111112,0.4074074074074074
4943,000-000-4848,wape,0.2857142857142857,0.2857142857142857,0.14285714285714285
4943,000-000-5312,wape,0.7058823529411765,0.7058823529411765,0.6580882352941176
4943,000-000-6074,wape,0.44,0.44,0.408
4943,000-000-6140,wape,0.3333333333333333,0.3333333333333333,0.375
4943,000-000-6596,wape,0.30434782608695654,0.30434782608695654,0.30434782608695654
4943,000-000-6973,wape,0.2,0.2,0.17142857142857143
4943,000-000-9537,wape,0.16923076923076924,0.13846153846153847,0.15384615384615385
4977,000-000-13325,wape,0.3125,0.34375,0.4375
4997,000-000-13318,wape,0.45454545454545453,0.45454545454545453,0.13636363636363635
4997,000-000-13348,wape,0.4634146341463415,0.43902439024390244,0.5609756097560976
4997,000-000-13451,wape,0.7142857142857143,0.7142857142857143,0.7142857142857143
4997,000-000-1999,wape,0.16666666666666666,0.16666666666666666,0.08333333333333333
4997,000-000-4013,wape,0.32,0.3933333333333333,0.21333333333333335
4997,000-000-5679,wape,0.3888888888888889,0.3888888888888889,0.3611111111111111
4997,000-000-9419,wape,0.391304347826087,0.391304347826087,0.42391304347826086
5032,000-000-1009,wape,0.45454545454545453,0.45454545454545453,0.2803030303030303
5032,000-000-13612,wape,0.45454545454545453,0.6363636363636364,0.3560606060606061
5260,000-000-11554,wape,0.6666666666666666,0.3333333333333333,0.4166666666666667
5260,000-000-13889,wape,0.36363636363636365,0.7272727272727273,0.7272727272727273
5260,000-000-3777,wape,0.7446808510638298,0.7446808510638298,0.7943262411347518
5260,000-000-6020,wape,0.6666666666666666,0.5555555555555556,0.05555555555555555
5260,000-000-9419,wape,0.6363636363636364,0.6363636363636364,0.5151515151515151
526,000-000-10057,wape,0.25333333333333335,0.25333333333333335,0.2
526,000-000-10129,wape,0.2631578947368421,0.2631578947368421,0.30701754385964913
526,000-000-10130,wape,0.7407407407407407,0.7407407407407407,0.6111111111111112
526,000-000-10131,wape,0.5185185185185185,0.5185185185185185,0.5555555555555556
526,000-000-10885,wape,1.0,1.0,0.8260869565217391
526,000-000-11828,wape,0.6125137211855104,0.6125137211855104,0.530735455543359
526,000-000-11834,wape,0.6981481481481482,0.5837962962962963,0.5962962962962963
526,000-000-1999,wape,1.1666666666666667,1.1944444444444444,0.4722222222222222
526,000-000-2170,wape,0.10256410256410256,0.10256410256410256,0.14743589743589744
526,000-000-3081,wape,0.22890708437166252,0.23709505161979352,0.29690281238875044
526,000-000-3092,wape,0.5238095238095238,0.555984555984556,0.6102960102960103
526,000-000-3113,wape,0.733397343574972,0.6866698671787486,0.6100176028164507
526,000-000-3176,wape,0.6071428571428571,0.6071428571428571,0.5178571428571429
526,000-000-3777,wape,0.5483870967741935,0.8387096774193549,0.5161290322580645
526,000-000-4013,wape,0.9428571428571428,1.019047619047619,0.7466666666666667
526,000-000-8721,wape,0.2857142857142857,0.5,0.2857142857142857
526,000-000-9341,wape,0.17307692307692307,0.17307692307692307,0.2692307692307692
526,000-000-9419,wape,0.38461538461538464,0.38461538461538464,0.23076923076923078
526,000-000-9919,wape,0.5,0.5,0.35
5271,000-000-3312,wape,1.0,0.07575757575757576,0.19696969696969696
5271,000-000-3313,wape,0.23529411764705882,0.23529411764705882,0.3235294117647059
5271,000-000-6140,wape,0.6,0.6,0.4857142857142857
5271,000-000-6596,wape,0.5,0.5,0.475
5316,000-000-6020,wape,0.6333333333333333,0.6333333333333333,0.44166666666666665
5380,000-000-3081,wape,0.4,0.9018867924528302,0.4202830188679245
5497,000-000-13612,wape,0.28205128205128205,0.28205128205128205,0.5783475783475783
5497,000-000-13784,wape,0.3793103448275862,0.3793103448275862,0.5517241379310345
5497,000-000-7049,wape,0.3076923076923077,0.3076923076923077,0.558974358974359
5567,000-000-11913,wape,0.6,0.6,0.6706666666666666
5567,000-000-12625,wape,0.2736842105263158,0.2894736842105263,0.46578947368421053
5567,000-000-13151,wape,1.5714285714285714,1.5714285714285714,1.0476190476190477
5567,000-000-13180,wape,0.2777777777777778,0.2777777777777778,0.35555555555555557
5567,000-000-13181,wape,0.3508771929824561,0.3508771929824561,0.3538011695906433
5567,000-000-13296,wape,0.5238095238095238,0.5238095238095238,0.30952380952380953
5567,000-000-13342,wape,1.5193370165745856,1.5193370165745856,0.39226519337016574
5567,000-000-13609,wape,0.3333333333333333,0.3333333333333333,0.2564102564102564
5567,000-000-13612,wape,0.5665976535541752,0.9627329192546584,0.7632850241545893
5567,000-000-13784,wape,0.3617021276595745,0.6170212765957447,0.5319148936170213
5567,000-000-3274,wape,0.5873015873015873,0.5873015873015873,0.23809523809523808
5567,000-000-3312,wape,0.28065395095367845,0.28065395095367845,0.4141689373297003
5567,000-000-3313,wape,0.1906005221932115,0.1906005221932115,0.5691906005221932
5567,000-000-7049,wape,0.3368055555555556,0.3368055555555556,0.4461805555555556
5578,000-000-10174,wape,0.44,0.44,0.04
5578,000-000-3176,wape,0.5476190476190477,0.5476190476190477,0.4166666666666667
5625,000-000-1009,wape,0.42857142857142855,0.42857142857142855,0.17857142857142858
5625,000-000-11283,wape,0.5555555555555556,0.5555555555555556,0.3611111111111111
5625,000-000-11913,wape,0.3333333333333333,0.3333333333333333,0.35185185185185186
5625,000-000-12625,wape,0.6,0.35,0.016666666666666666
5625,000-000-13358,wape,1.0769230769230769,1.1153846153846154,0.38461538461538464
5625,000-000-5312,wape,0.5428571428571428,0.5428571428571428,0.21428571428571427
5625,000-000-6140,wape,1.2222222222222223,0.37037037037037035,0.3333333333333333
5625,000-000-6596,wape,0.75,0.75,0.3333333333333333
5658,000-000-10130,wape,0.3333333333333333,0.2,0.18333333333333332
5675,000-000-1782,wape,0.3481404958677686,0.3481404958677686,0.2809917355371901
5710,000-000-10173,wape,0.5652173913043478,0.4782608695652174,0.21739130434782608
5710,000-000-10174,wape,0.6153846153846154,0.6153846153846154,0.15384615384615385
5710,000-000-11809,wape,0.7083333333333334,0.7083333333333334,0.09027777777777778
5710,000-000-11828,wape,0.3244444444444444,0.3244444444444444,0.32296296296296295
5710,000-000-11835,wape,0.29411764705882354,0.2954248366013072,0.28888888888888886
5710,000-000-11878,wape,0.35555555555555557,0.35555555555555557,0.05432098765432099
5710,000-000-1999,wape,0.3333333333333333,0.3333333333333333,0.3611111111111111
5710,000-000-4013,wape,0.3684210526315789,0.3684210526315789,0.38526315789473686
5710,000-000-6020,wape,0.375,0.375,0.21875
5714,000-000-13216,wape,0.5,0.3333333333333333,0.25
5714,000-000-13268,wape,0.21212121212121213,0.21212121212121213,0.45454545454545453
5714,000-000-13348,wape,0.02702702702702703,0.02702702702702703,0.14864864864864866
5714,000-000-1732,wape,1.0,0.9583333333333334,0.25
5714,000-000-3176,wape,0.3541666666666667,0.3541666666666667,0.359375
5714,000-000-3777,wape,0.4666666666666667,0.4666666666666667,0.2
5714,000-000-4013,wape,0.36533333333333334,0.36533333333333334,0.192
5714,000-000-6020,wape,0.2857142857142857,0.5714285714285714,0.27380952380952384
5714,000-000-7198,wape,1.0,1.0,0.42857142857142855
5714,000-000-8721,wape,0.42857142857142855,0.42857142857142855,0.42857142857142855
5714,000-000-9341,wape,0.15217391304347827,0.15217391304347827,0.20652173913043478
5714,000-000-9419,wape,0.3333333333333333,0.5,0.5
5734,000-000-7049,wape,0.2948717948717949,0.34615384615384615,0.3076923076923077
5741,000-000-1009,wape,0.5272727272727272,0.3090909090909091,0.3
5741,000-000-10336,wape,1.5714285714285714,0.42857142857142855,0.7142857142857143
5741,000-000-11586,wape,0.75,0.625,0.625
5741,000-000-12489,wape,0.8260869565217391,0.8260869565217391,0.30434782608695654
5741,000-000-3312,wape,2.103448275862069,0.5977011494252874,0.2988505747126437
5741,000-000-3313,wape,1.1521739130434783,0.30434782608695654,0.20652173913043478
5741,000-000-3465,wape,1.16,0.22,0.26
5741,000-000-3870,wape,0.5,0.5,0.05555555555555555
5741,000-000-5312,wape,1.3076923076923077,1.3076923076923077,0.5384615384615384
5741,000-000-6140,wape,0.4,0.4,0.4
5741,000-000-6596,wape,0.3333333333333333,0.3333333333333333,0.0
5771,000-000-11283,wape,0.42028985507246375,0.2826086956521739,0.34057971014492755
5771,000-000-12625,wape,0.65,0.7333333333333333,0.16666666666666666
5771,000-000-12626,wape,0.3,0.3,0.06666666666666667
5771,000-000-2582,wape,0.5458937198067633,0.7391304347826086,0.30434782608695654
5771,000-000-3274,wape,0.42857142857142855,0.373015873015873,0.25396825396825395
5771,000-000-5312,wape,0.55,0.0,0.041666666666666664
5771,000-000-6072,wape,0.6,0.6,0.54
5771,000-000-6074,wape,0.7263157894736842,0.5368421052631579,0.5157894736842106
5771,000-000-6140,wape,0.29411764705882354,0.29411764705882354,0.3627450980392157
5799,000-000-3465,wape,0.86,0.86,0.29
5799,000-000-6140,wape,0.5180722891566265,0.5180722891566265,0.5301204819277109
5823,000-000-13466,wape,0.5238095238095238,0.5238095238095238,0.40476190476190477
5833,000-000-10057,wape,1.0,1.0138888888888888,0.18055555555555555
5833,000-000-10885,wape,0.4448051948051948,0.4448051948051948,0.31493506493506496
5833,000-000-11803,wape,0.23809523809523808,0.23214285714285715,0.17857142857142858
5833,000-000-11828,wape,0.5365079365079365,0.30793650793650795,0.1693121693121693
5833,000-000-1732,wape,0.5135135135135135,0.5135135135135135,0.4864864864864865
5833,000-000-3176,wape,0.38461538461538464,0.3894230769230769,0.39903846153846156
5833,000-000-4013,wape,0.535,0.535,0.54
5833,000-000-7198,wape,0.38461538461538464,0.3076923076923077,0.3076923076923077
5833,000-000-9341,wape,0.65,1.2,1.8
5848,000-000-6140,wape,0.6825396825396826,0.6825396825396826,0.3386243386243386
5848,000-000-6596,wape,0.6825396825396826,0.6825396825396826,0.32275132275132273
5851,000-000-13890,wape,0.1111111111111111,0.18518518518518517,0.18518518518518517
5883,000-000-10130,wape,0.75,0.0,0.06944444444444445
5883,000-000-11554,wape,0.5,0.5208333333333334,0.5347222222222222
5883,000-000-3176,wape,0.3125,0.3125,0.265625
5883,000-000-9419,wape,0.0,0.0,0.0
5889,000-000-13612,wape,0.3246753246753247,0.19480519480519481,0.38095238095238093
5905,000-000-1009,wape,0.20833333333333334,0.20833333333333334,0.10416666666666667
5905,000-000-11283,wape,0.3111111111111111,0.3111111111111111,0.2111111111111111
5905,000-000-4056,wape,0.3469387755102041,0.3469387755102041,0.25510204081632654
5905,000-000-5312,wape,0.9603960396039604,0.8613861386138614,0.3465346534653465
5905,000-000-6140,wape,0.6216216216216216,1.7567567567567568,0.8108108108108109
5932,000-000-9419,wape,0.30434782608695654,0.30434782608695654,0.043478260869565216
5978,000-000-3313,wape,2.176470588235294,2.176470588235294,0.9705882352941176
5981,000-000-11913,wape,0.3,0.1,0.044444444444444446
5981,000-000-12625,wape,0.45,0.45,0.11666666666666667
5981,000-000-13349,wape,0.5189873417721519,0.5316455696202531,0.5063291139240507
5981,000-000-13358,wape,0.5102040816326531,0.40816326530612246,0.32653061224489793
5981,000-000-13360,wape,0.875,0.125,0.125
5981,000-000-13612,wape,0.27638190954773867,0.27638190954773867,0.5728643216080402
5981,000-000-3312,wape,0.9038461538461539,0.28846153846153844,0.28846153846153844
5981,000-000-3313,wape,0.49707602339181284,0.49707602339181284,0.3742690058479532
5981,000-000-6140,wape,0.47619047619047616,1.0238095238095237,0.5238095238095238
5981,000-000-7049,wape,0.26666666666666666,0.24444444444444444,0.26666666666666666
6011,000-000-3313,wape,0.40425531914893614,0.40425531914893614,0.32978723404255317
6011,000-000-6140,wape,0.6721311475409836,0.6885245901639344,0.6229508196721312
6011,000-000-6596,wape,0.5769230769230769,0.5769230769230769,0.5192307692307693
606,000-000-5671,wape,0.23809523809523808,0.23809523809523808,0.42857142857142855
606,000-000-9341,wape,0.75,0.75,0.041666666666666664
6110,000-000-10130,wape,0.35714285714285715,0.35714285714285715,0.16071428571428573
6110,000-000-10131,wape,0.3611111111111111,0.3680555555555556,0.4375
6110,000-000-10173,wape,0.4,0.4,0.52
6110,000-000-10204,wape,0.16666666666666666,0.16666666666666666,0.05555555555555555
6110,000-000-11646,wape,0.13636363636363635,0.24242424242424243,0.3787878787878788
6110,000-000-1732,wape,0.3333333333333333,0.3333333333333333,0.20833333333333334
6110,000-000-1999,wape,0.38461538461538464,0.38461538461538464,0.19230769230769232
6110,000-000-2001,wape,0.3333333333333333,0.2,0.2222222222222222
6110,000-000-3176,wape,0.2833333333333333,0.35555555555555557,0.575
6110,000-000-4013,wape,0.4289655172413793,0.4289655172413793,0.44413793103448274
6110,000-000-6020,wape,0.5833333333333334,0.5833333333333334,0.3472222222222222
6110,000-000-9341,wape,0.4117647058823529,0.35294117647058826,0.2647058823529412
6110,000-000-9419,wape,1.0,0.8181818181818182,0.9393939393939394
6172,000-000-11283,wape,0.4794520547945205,0.410958904109589,0.3356164383561644
6172,000-000-11913,wape,0.43333333333333335,0.43333333333333335,0.23333333333333334
6172,000-000-12625,wape,0.29473684210526313,0.29473684210526313,0.33157894736842103
6172,000-000-3274,wape,0.6421052631578947,0.1368421052631579,0.3157894736842105
6172,000-000-4053,wape,0.352112676056338,0.352112676056338,0.28169014084507044
6172,000-000-4056,wape,0.5294117647058824,0.49019607843137253,0.27450980392156865
6172,000-000-6074,wape,1.2,1.2,0.6666666666666666
6172,000-000-6140,wape,0.6271186440677966,0.6271186440677966,0.4745762711864407
6172,000-000-6596,wape,0.23636363636363636,0.23636363636363636,0.2727272727272727
6294,000-000-10340,wape,0.4,0.4,0.36666666666666664
6294,000-000-10341,wape,0.37142857142857144,0.37142857142857144,0.2857142857142857
6294,000-000-10342,wape,0.5081967213114754,0.5081967213114754,0.47540983606557374
6294,000-000-11283,wape,0.5443037974683544,0.5443037974683544,0.5949367088607594
6294,000-000-11584,wape,0.48,0.58,0.34
6294,000-000-11586,wape,0.423728813559322,0.3559322033898305,0.3898305084745763
6294,000-000-11913,wape,0.47692307692307695,0.47692307692307695,0.1641025641025641
6294,000-000-13358,wape,0.32558139534883723,0.32558139534883723,0.43023255813953487
6294,000-000-13359,wape,0.30158730158730157,0.5238095238095238,0.2698412698412698
6294,000-000-3274,wape,0.7721518987341772,0.7721518987341772,0.5189873417721519
6294,000-000-3313,wape,0.8292682926829268,0.8292682926829268,0.7195121951219512
6294,000-000-3465,wape,0.45454545454545453,0.7142857142857143,0.45454545454545453
6294,000-000-3466,wape,0.6981132075471698,0.6981132075471698,0.4716981132075472
6294,000-000-4053,wape,0.5483870967741935,0.5483870967741935,0.1935483870967742
6294,000-000-4056,wape,1.1428571428571428,1.0357142857142858,0.07142857142857142
6294,000-000-4848,wape,0.1891891891891892,0.16216216216216217,0.1891891891891892
6294,000-000-5312,wape,0.23076923076923078,0.3076923076923077,0.25443786982248523
6294,000-000-6072,wape,0.45714285714285713,0.45714285714285713,0.3142857142857143
6294,000-000-6074,wape,0.7307692307692307,0.7307692307692307,0.28846153846153844
6294,000-000-6140,wape,0.76,0.76,0.7
6294,000-000-6596,wape,0.4098360655737705,0.7377049180327869,0.4262295081967213
6294,000-000-9537,wape,0.20833333333333334,0.20833333333333334,0.3541666666666667
6301,000-000-12450,wape,0.37142857142857144,0.4,0.14285714285714285
6301,000-000-13239,wape,0.3333333333333333,0.3333333333333333,0.35185185185185186
6301,000-000-13268,wape,0.2857142857142857,0.2857142857142857,0.25
6301,000-000-13348,wape,0.2753623188405797,0.2753623188405797,0.391304347826087
6301,000-000-13451,wape,0.0,0.0,0.0
6301,000-000-13625,wape,0.4117647058823529,0.38235294117647056,0.4117647058823529
6301,000-000-3777,wape,0.3333333333333333,0.3125,0.2708333333333333
6301,000-000-4013,wape,0.5488,0.5488,0.496
6301,000-000-9341,wape,0.32142857142857145,0.32142857142857145,0.2857142857142857
6301,000-000-9419,wape,0.5,0.5,0.3333333333333333
6358,000-000-10057,wape,0.30303030303030304,0.30303030303030304,0.3409090909090909
6358,000-000-10173,wape,1.7272727272727273,0.6363636363636364,0.6363636363636364
6358,000-000-11828,wape,0.5703703703703704,0.5703703703703704,0.0691358024691358
6358,000-000-3176,wape,0.5,0.5,0.08333333333333333
6406,000-000-13151,wape,0.5,0.3333333333333333,0.3333333333333333
6406,000-000-3870,wape,0.8333333333333334,0.8333333333333334,0.6458333333333334
6406,000-000-3871,wape,0.6666666666666666,0.6666666666666666,0.3055555555555556
6488,000-000-1732,wape,0.35,0.35,0.4
6492,000-000-11645,wape,0.29411764705882354,0.29411764705882354,0.3137254901960784
6492,000-000-11646,wape,0.38461538461538464,0.391025641025641,0.46153846153846156
6492,000-000-13012,wape,0.3,0.3,0.06666666666666667
6492,000-000-13025,wape,0.4,0.4,0.03333333333333333
6492,000-000-1999,wape,0.2962962962962963,0.2962962962962963,0.25
6492,000-000-2001,wape,0.37254901960784315,0.29411764705882354,0.28431372549019607
6492,000-000-2170,wape,0.5,0.5,0.05555555555555555
6492,000-000-2301,wape,0.2631578947368421,0.2631578947368421,0.3684210526315789
6492,000-000-3176,wape,0.25,0.25,0.3680555555555556
6492,000-000-4013,wape,0.888,0.888,0.33066666666666666
6492,000-000-6020,wape,0.26666666666666666,0.26666666666666666,0.3388888888888889
6492,000-000-6178,wape,0.5,0.5,0.1111111111111111
6516,000-000-13884,wape,0.3333333333333333,0.3333333333333333,0.28888888888888886
6558,000-000-1693,wape,0.25925925925925924,0.25925925925925924,0.2777777777777778
6558,000-000-6020,wape,0.3111111111111111,0.3111111111111111,0.2
6605,000-000-1009,wape,0.6666666666666666,0.6666666666666666,0.05555555555555555
6605,000-000-10342,wape,0.7837837837837838,0.7837837837837838,0.6756756756756757
6605,000-000-11283,wape,0.2345679012345679,0.2345679012345679,0.2037037037037037
6605,000-000-11584,wape,0.6585365853658537,0.6585365853658537,0.6585365853658537
6605,000-000-11586,wape,1.4,1.12,0.6
6605,000-000-13358,wape,0.28,0.28,0.38
6605,000-000-3465,wape,0.2,0.2,0.225
6605,000-000-3870,wape,0.4166666666666667,0.4166666666666667,0.3333333333333333
6605,000-000-3871,wape,0.75,0.8541666666666666,0.4166666666666667
6605,000-000-4303,wape,0.4150197628458498,0.6442687747035574,0.5019762845849802
6605,000-000-5312,wape,0.30364372469635625,0.30364372469635625,0.3076923076923077
6605,000-000-6140,wape,0.24369747899159663,0.3697478991596639,0.20588235294117646
6605,000-000-6596,wape,0.5665399239543726,0.5931558935361216,0.6958174904942965
6614,000-000-10174,wape,0.4,0.4,0.3333333333333333
6614,000-000-3176,wape,0.25,0.25,0.36875
6627,000-000-13612,wape,2.6,0.6,0.8
6627,000-000-6140,wape,1.1818181818181819,1.1818181818181819,0.6363636363636364
6655,000-000-8721,wape,0.8,0.2,0.2
6699,000-000-13523,wape,0.7636363636363637,0.7545454545454545,0.4954545454545455
6761,000-000-11283,wape,0.9591836734693877,0.8367346938775511,0.4897959183673469
6761,000-000-11586,wape,0.2,0.2,0.3111111111111111
6761,000-000-11913,wape,0.23333333333333334,0.23333333333333334,0.16111111111111112
6761,000-000-12404,wape,0.391304347826087,0.34782608695652173,0.4782608695652174
6761,000-000-12553,wape,0.3076923076923077,0.3076923076923077,0.46153846153846156
6761,000-000-12976,wape,1.3225806451612903,0.17204301075268819,0.1989247311827957
6761,000-000-13358,wape,0.5454545454545454,0.5454545454545454,0.2727272727272727
6761,000-000-3274,wape,0.2777777777777778,0.16666666666666666,0.24074074074074073
6761,000-000-3465,wape,1.7096774193548387,0.22580645161290322,0.6774193548387096
6761,000-000-4053,wape,0.2641509433962264,0.2358490566037736,0.29245283018867924
6761,000-000-4056,wape,0.8372093023255814,0.8372093023255814,0.43023255813953487
6761,000-000-6072,wape,0.5769230769230769,0.5769230769230769,0.46153846153846156
6761,000-000-6074,wape,0.9333333333333333,0.95,0.55
6761,000-000-6140,wape,0.5294117647058824,0.5294117647058824,0.43137254901960786
6793,000-000-4056,wape,1.608695652173913,0.5652173913043478,0.34782608695652173
6793,000-000-6140,wape,2.6,0.4,0.3
6797,000-000-13177,wape,0.40350877192982454,0.40350877192982454,0.26900584795321636
6797,000-000-3870,wape,1.1666666666666667,1.1666666666666667,0.8055555555555556
6797,000-000-3871,wape,0.8333333333333334,0.8333333333333334,0.1388888888888889
6797,000-000-7754,wape,0.16666666666666666,0.16666666666666666,0.1388888888888889
6805,000-000-3870,wape,0.16666666666666666,0.16666666666666666,0.0
6822,000-000-10340,wape,0.6190476190476191,1.0,0.6190476190476191
6822,000-000-10342,wape,0.4782608695652174,0.391304347826087,0.391304347826087
6822,000-000-11283,wape,0.6842105263157895,0.6052631578947368,0.5789473684210527
6822,000-000-11586,wape,0.2727272727272727,0.2727272727272727,0.21212121212121213
6822,000-000-13358,wape,0.6296296296296297,0.6296296296296297,0.6666666666666666
6822,000-000-4056,wape,0.5,0.5,0.2857142857142857
6822,000-000-5312,wape,0.4166666666666667,0.5833333333333334,0.4583333333333333
6822,000-000-6072,wape,0.6,0.3333333333333333,0.3333333333333333
6822,000-000-6140,wape,0.6086956521739131,0.6086956521739131,0.6956521739130435
6822,000-000-6596,wape,0.627906976744186,0.4418604651162791,0.5348837209302325
6831,000-000-12490,wape,0.30434782608695654,0.30434782608695654,0.391304347826087
6831,000-000-12496,wape,1.0,1.0,0.5
6831,000-000-12504,wape,0.3333333333333333,0.3333333333333333,0.4
6831,000-000-12963,wape,0.48148148148148145,0.48148148148148145,0.48148148148148145
6831,000-000-13088,wape,0.8461538461538461,0.6923076923076923,0.38461538461538464
6883,000-000-11283,wape,1.1818181818181819,1.1818181818181819,0.36363636363636365
6883,000-000-3871,wape,0.6666666666666666,0.6666666666666666,0.2777777777777778
6901,000-000-4053,wape,0.29411764705882354,0.5882352941176471,0.23529411764705882
6901,000-000-4056,wape,0.92,0.74,0.34
6901,000-000-6140,wape,0.6888888888888889,1.1555555555555554,0.9555555555555556
6901,000-000-6596,wape,0.5384615384615384,0.5384615384615384,0.4358974358974359
6929,000-000-13612,wape,0.15384615384615385,0.15384615384615385,0.15384615384615385
6929,000-000-5312,wape,0.42857142857142855,0.42857142857142855,0.46938775510204084
6975,000-000-1009,wape,0.3684210526315789,0.3684210526315789,0.44360902255639095
6975,000-000-4056,wape,0.5217391304347826,0.5217391304347826,0.34782608695652173
6975,000-000-6140,wape,0.45454545454545453,0.45454545454545453,0.4090909090909091
7031,000-000-10340,wape,0.4482758620689655,0.4482758620689655,0.5862068965517241
7031,000-000-10341,wape,0.4418604651162791,0.4418604651162791,0.5348837209302325
7031,000-000-11283,wape,0.36363636363636365,0.36363636363636365,0.07575757575757576
7031,000-000-11586,wape,0.5217391304347826,0.5217391304347826,0.6086956521739131
7031,000-000-13784,wape,0.8947368421052632,0.47368421052631576,0.5263157894736842
7031,000-000-3313,wape,0.25,0.25,0.40625
7031,000-000-3465,wape,0.29411764705882354,0.29411764705882354,0.3058823529411765
7031,000-000-3466,wape,0.22666666666666666,0.22666666666666666,0.19333333333333333
7031,000-000-4053,wape,0.8260869565217391,1.4782608695652173,0.6195652173913043
7031,000-000-4056,wape,0.8876404494382022,0.8876404494382022,0.6067415730337079
7031,000-000-5312,wape,0.22857142857142856,0.22857142857142856,0.17857142857142858
7031,000-000-6072,wape,0.45,0.425,0.375
7031,000-000-6074,wape,0.7837837837837838,0.7837837837837838,0.5405405405405406
7031,000-000-6140,wape,0.4642857142857143,0.4642857142857143,0.5535714285714286
710,000-000-13612,wape,0.25779967159277506,0.26436781609195403,0.5435139573070608
710,000-000-13784,wape,0.2708333333333333,0.2708333333333333,0.3125
7132,000-000-6596,wape,0.375,0.375,0.375
7201,000-000-10130,wape,0.28888888888888886,0.28888888888888886,0.2
7201,000-000-10174,wape,0.2413793103448276,0.2413793103448276,0.2413793103448276
7201,000-000-11646,wape,0.3333333333333333,0.3333333333333333,0.3425925925925926
7201,000-000-12882,wape,0.3347826086956522,0.3347826086956522,0.27608695652173915
7201,000-000-13099,wape,0.3980952380952381,0.42428571428571427,0.29285714285714287
7201,000-000-13287,wape,0.6776315789473685,0.7489035087719298,0.8015350877192983
7201,000-000-13348,wape,0.5652173913043478,0.5652173913043478,0.21739130434782608
7201,000-000-3176,wape,0.6666666666666666,1.0,1.0486111111111112
7201,000-000-6020,wape,0.375,0.46875,0.3020833333333333
7201,000-000-7198,wape,0.3333333333333333,0.3333333333333333,0.3333333333333333
7201,000-000-9341,wape,0.8888888888888888,0.8888888888888888,0.5
7201,000-000-9419,wape,0.2857142857142857,0.2857142857142857,0.30952380952380953
7305,000-000-12625,wape,0.45454545454545453,0.45454545454545453,0.45
7305,000-000-4303,wape,0.5636363636363636,0.5454545454545454,0.5745454545454546
7305,000-000-6140,wape,0.17346938775510204,0.19387755102040816,0.29081632653061223
7305,000-000-6596,wape,0.680672268907563,0.680672268907563,0.5294117647058824
7341,000-000-12490,wape,0.6666666666666666,0.6666666666666666,0.4791666666666667
7341,000-000-12963,wape,0.43478260869565216,0.43478260869565216,0.34782608695652173
7350,000-000-3113,wape,0.2757201646090535,0.12098765432098765,0.15390946502057612
7443,000-000-10057,wape,0.5833333333333334,0.375,0.5833333333333334
7443,000-000-11554,wape,0.3684210526315789,0.42105263157894735,0.38596491228070173
7521,000-000-11646,wape,0.29411764705882354,0.29411764705882354,0.29411764705882354
7521,000-000-13889,wape,0.24444444444444444,0.24444444444444444,0.2222222222222222
7521,000-000-3176,wape,0.5,1.859375,0.7734375
7521,000-000-4013,wape,0.41,0.41,0.425
7521,000-000-6020,wape,0.3333333333333333,0.3333333333333333,0.4880952380952381
7524,000-000-10057,wape,0.3333333333333333,0.3333333333333333,0.2261904761904762
7524,000-000-10129,wape,0.26666666666666666,0.26666666666666666,0.2111111111111111
7524,000-000-10130,wape,0.3137254901960784,0.3137254901960784,0.3137254901960784
7524,000-000-10204,wape,0.6533333333333333,0.6533333333333333,0.42
7524,000-000-10885,wape,0.4700193423597679,0.4700193423597679,0.4506769825918762
7524,000-000-11645,wape,0.375,0.3125,0.2708333333333333
7524,000-000-11646,wape,0.3466666666666667,0.3466666666666667,0.28
7524,000-000-11803,wape,0.2916666666666667,0.0,0.06944444444444445
7524,000-000-11809,wape,0.28888888888888886,0.3333333333333333,0.2388888888888889
7524,000-000-11828,wape,0.7407407407407407,0.7,0.0691358024691358
7524,000-000-11878,wape,0.30518518518518517,0.2162962962962963,0.18814814814814815
7524,000-000-13348,wape,0.5483870967741935,0.5483870967741935,0.25806451612903225
7524,000-000-1693,wape,0.3333333333333333,0.3333333333333333,0.05555555555555555
7524,000-000-1999,wape,0.6666666666666666,0.6666666666666666,0.4777777777777778
7524,000-000-2001,wape,0.4222222222222222,0.4222222222222222,0.26666666666666666
7524,000-000-2170,wape,0.3333333333333333,0.3333333333333333,0.05555555555555555
7524,000-000-2528,wape,0.3333333333333333,0.3333333333333333,0.3333333333333333
7524,000-000-3176,wape,0.4318181818181818,0.4318181818181818,0.4659090909090909
7524,000-000-4013,wape,0.4074074074074074,0.7777777777777778,0.43703703703703706
7524,000-000-6020,wape,0.42424242424242425,0.45454545454545453,0.36363636363636365
7524,000-000-7198,wape,0.14285714285714285,0.14285714285714285,0.14285714285714285
7524,000-000-9341,wape,0.5,0.5,0.4722222222222222
7524,000-000-9419,wape,0.43478260869565216,0.45652173913043476,0.391304347826087
7543,000-000-1009,wape,0.452991452991453,1.170940170940171,0.6581196581196581
7543,000-000-11283,wape,0.34375,0.34375,0.34375
7543,000-000-13324,wape,0.21739130434782608,0.21739130434782608,0.21739130434782608
7543,000-000-13340,wape,0.24,0.24,0.36
7543,000-000-13358,wape,0.15151515151515152,0.15151515151515152,0.19696969696969696
7543,000-000-13359,wape,0.3333333333333333,0.20634920634920634,0.23809523809523808
7543,000-000-13360,wape,0.3793103448275862,0.6551724137931034,0.3793103448275862
7543,000-000-3465,wape,0.3333333333333333,0.34523809523809523,0.34523809523809523
7543,000-000-3466,wape,0.2857142857142857,0.3142857142857143,0.2714285714285714
7543,000-000-4056,wape,0.2727272727272727,0.2727272727272727,0.3333333333333333
7543,000-000-5312,wape,0.4157303370786517,0.4157303370786517,0.4157303370786517
7543,000-000-6072,wape,0.4,0.4,0.0
7543,000-000-6140,wape,0.4186046511627907,0.3488372093023256,0.37209302325581395
7543,000-000-6596,wape,0.39325842696629215,0.29213483146067415,0.33707865168539325
7543,000-000-7463,wape,0.3333333333333333,0.3333333333333333,0.3333333333333333
7554,000-000-12450,wape,0.20833333333333334,0.2708333333333333,0.22916666666666666
7554,000-000-13348,wape,0.24,0.24,0.3
7554,000-000-1732,wape,0.75,1.53125,1.125
7554,000-000-1999,wape,0.19047619047619047,0.19047619047619047,0.21428571428571427
7554,000-000-3176,wape,0.3,0.3,0.2875
7554,000-000-5044,wape,0.2,0.2,0.4
7554,000-000-9419,wape,0.3,1.125,0.325
7629,000-000-11913,wape,0.44166666666666665,0.44166666666666665,0.2833333333333333
7629,000-000-3312,wape,2.4285714285714284,2.4285714285714284,0.2857142857142857
7629,000-000-3313,wape,0.3411764705882353,0.3411764705882353,0.23529411764705882
7634,000-000-12976,wape,2.0833333333333335,2.0833333333333335,0.4166666666666667
7634,000-000-6140,wape,0.24324324324324326,0.24324324324324326,0.33783783783783783
763,000-000-13162,wape,0.3333333333333333,0.3333333333333333,0.38271604938271603
7672,000-000-6020,wape,0.3333333333333333,0.3333333333333333,0.4015151515151515
7672,000-000-9419,wape,0.7142857142857143,0.7142857142857143,0.6428571428571429
7678,000-000-6020,wape,0.5384615384615384,0.5384615384615384,0.15384615384615385
7698,000-000-13216,wape,1.3846153846153846,0.07692307692307693,0.23076923076923078
7806,000-000-6020,wape,0.2916666666666667,0.2916666666666667,0.2604166666666667
788,000-000-3092,wape,0.043243243243243246,0.5459459459459459,0.44594594594594594
8035,000-000-10173,wape,0.5,0.5,0.375
8035,000-000-10174,wape,0.0,0.0,0.0
8035,000-000-1732,wape,0.4,0.4,0.4
8035,000-000-3176,wape,0.390625,0.390625,0.3828125
8035,000-000-3750,wape,0.16129032258064516,0.16129032258064516,0.22580645161290322
8035,000-000-6020,wape,0.2631578947368421,0.2631578947368421,0.2982456140350877
8035,000-000-7198,wape,0.4,0.4,0.4
8035,000-000-8721,wape,0.2727272727272727,0.2727272727272727,0.3
8035,000-000-9341,wape,0.5,0.5,0.4772727272727273
8035,000-000-9419,wape,0.7727272727272727,0.9545454545454546,0.38636363636363635
8120,000-000-3870,wape,0.5555555555555556,0.5555555555555556,0.3333333333333333
8120,000-000-3871,wape,1.0,0.5277777777777778,0.3333333333333333
8120,000-000-6140,wape,0.5,0.5,0.4166666666666667
8142,000-000-11661,wape,0.4444444444444444,0.42592592592592593,0.3611111111111111
8177,000-000-13358,wape,0.17073170731707318,0.1951219512195122,0.17073170731707318
8177,000-000-13360,wape,0.47368421052631576,0.47368421052631576,0.3157894736842105
8177,000-000-13612,wape,0.6726190476190477,0.7142857142857143,0.7068452380952381
8177,000-000-13890,wape,0.8181818181818182,0.696969696969697,0.15151515151515152
8177,000-000-3313,wape,0.30612244897959184,0.30612244897959184,0.29591836734693877
8177,000-000-6140,wape,0.28888888888888886,0.28888888888888886,0.3333333333333333
8224,000-000-3312,wape,0.5353535353535354,0.5353535353535354,0.36363636363636365
8246,000-000-13546,wape,0.5348837209302325,0.5348837209302325,0.4418604651162791
8246,000-000-13890,wape,1.5384615384615385,1.5384615384615385,1.2692307692307692
8246,000-000-6140,wape,0.5384615384615384,1.4615384615384615,0.6666666666666666
8248,000-000-13358,wape,0.8260869565217391,0.8260869565217391,0.782608695652174
8248,000-000-6140,wape,0.5333333333333333,0.4666666666666667,0.38333333333333336
8248,000-000-7049,wape,0.43434343434343436,0.43434343434343436,0.6161616161616161
8257,000-000-10129,wape,0.25,0.25,0.027777777777777776
8257,000-000-10130,wape,0.26666666666666666,0.26666666666666666,0.35
8257,000-000-10173,wape,0.15384615384615385,0.3076923076923077,0.15384615384615385
8257,000-000-10174,wape,0.12727272727272726,0.2,0.16363636363636364
8257,000-000-11784,wape,0.2727272727272727,0.2727272727272727,0.2773186409550046
8257,000-000-12334,wape,0.5555555555555556,0.5555555555555556,0.5243055555555556
8257,000-000-12842,wape,0.40264650283553877,0.391304347826087,0.3988657844990548
8257,000-000-12882,wape,0.7851662404092071,0.5959079283887468,0.4876385336743393
8257,000-000-13099,wape,0.8147368421052632,0.8147368421052632,0.3126315789473684
8257,000-000-13348,wape,0.76,0.96,0.28
8257,000-000-13889,wape,0.423728813559322,0.3898305084745763,0.3050847457627119
8257,000-000-1999,wape,0.23076923076923078,0.23076923076923078,0.10256410256410256
8257,000-000-2001,wape,0.5,0.375,0.05555555555555555
8257,000-000-2170,wape,0.1282051282051282,0.1282051282051282,0.1282051282051282
8257,000-000-3176,wape,0.3958333333333333,0.8125,0.5277777777777778
8257,000-000-3612,wape,0.6363636363636364,0.6363636363636364,0.6477272727272727
8257,000-000-3750,wape,1.0571428571428572,1.0571428571428572,0.42857142857142855
8257,000-000-3777,wape,0.23809523809523808,0.23809523809523808,0.23809523809523808
8257,000-000-4013,wape,0.4124137931034483,0.4124137931034483,0.5062068965517241
8257,000-000-6020,wape,1.4166666666666667,1.4166666666666667,0.5972222222222222
8257,000-000-8722,wape,0.5714285714285714,0.5952380952380952,0.19047619047619047
8257,000-000-9341,wape,0.42105263157894735,0.42105263157894735,0.23684210526315788
8257,000-000-9419,wape,0.5609756097560976,0.5609756097560976,0.36585365853658536
8257,000-000-9919,wape,0.8260869565217391,0.8260869565217391,0.4782608695652174
8582,000-000-10173,wape,0.25,0.3125,0.25
8666,000-000-11283,wape,0.6666666666666666,0.4166666666666667,0.3055555555555556
8666,000-000-13890,wape,0.17647058823529413,0.47058823529411764,0.4411764705882353
8666,000-000-3313,wape,0.38235294117647056,0.38235294117647056,0.35294117647058826
8666,000-000-3870,wape,0.3333333333333333,0.3333333333333333,0.0
8666,000-000-5312,wape,0.2692307692307692,0.2692307692307692,0.25
8666,000-000-6973,wape,0.6,0.6,0.3333333333333333
871,000-000-3313,wape,0.7551020408163265,0.5510204081632653,0.5102040816326531
901,000-000-10057,wape,0.2807017543859649,0.2807017543859649,0.2807017543859649
901,000-000-10174,wape,0.35714285714285715,0.35714285714285715,0.32142857142857145
901,000-000-7198,wape,0.8461538461538461,0.8461538461538461,0.38461538461538464
9093,000-000-1009,wape,0.375,0.0,0.034722222222222224
9093,000-000-11664,wape,0.8214285714285714,0.8214285714285714,0.30357142857142855
9093,000-000-12625,wape,0.23,0.23,0.345
9093,000-000-13181,wape,0.43333333333333335,0.43333333333333335,0.2777777777777778
9093,000-000-13323,wape,0.34782608695652173,0.34782608695652173,0.391304347826087
9093,000-000-13324,wape,0.39622641509433965,0.39622641509433965,0.3584905660377358
9093,000-000-13325,wape,0.3877551020408163,0.3877551020408163,0.3469387755102041
9093,000-000-13340,wape,0.21875,0.21875,0.23958333333333334
9093,000-000-13349,wape,0.2222222222222222,0.3125,0.1597222222222222
9093,000-000-13364,wape,0.5375,0.5375,0.2875
9093,000-000-13609,wape,0.6,0.6,0.28888888888888886
9093,000-000-13612,wape,0.391304347826087,0.391304347826087,0.4140786749482402
9093,000-000-3465,wape,0.7684210526315789,0.7684210526315789,0.3473684210526316
9093,000-000-3466,wape,0.26153846153846155,0.26153846153846155,0.15384615384615385
9093,000-000-6140,wape,1.025974025974026,0.974025974025974,0.2987012987012987
9093,000-000-6973,wape,0.5,0.5,0.125
9093,000-000-7049,wape,0.4166666666666667,0.4166666666666667,0.6412037037037037
9093,000-000-7167,wape,0.3333333333333333,0.3333333333333333,0.0
9155,000-000-11283,wape,0.44,0.44,0.04
9155,000-000-13342,wape,1.1,1.1,0.058333333333333334
9155,000-000-3465,wape,0.4,0.4,0.24166666666666667
9155,000-000-3870,wape,0.23809523809523808,0.23809523809523808,0.21428571428571427
9155,000-000-5312,wape,0.6071428571428571,0.6071428571428571,0.16071428571428573
9155,000-000-6074,wape,0.34545454545454546,0.38181818181818183,0.3090909090909091
9155,000-000-6140,wape,0.23529411764705882,0.20588235294117646,0.35294117647058826
9158,000-000-3313,wape,0.6493506493506493,0.5909090909090909,0.525974025974026
9158,000-000-4053,wape,0.4444444444444444,0.4444444444444444,0.4444444444444444
9158,000-000-4056,wape,0.7735849056603774,0.7735849056603774,0.660377358490566
9158,000-000-7049,wape,1.4,1.4,0.95
9158,000-000-7167,wape,0.391304347826087,0.391304347826087,0.391304347826087
9521,000-000-12489,wape,0.5,0.5,0.5
9521,000-000-12490,wape,0.42105263157894735,0.42105263157894735,0.3684210526315789
9521,000-000-3871,wape,0.3333333333333333,0.3333333333333333,0.1111111111111111
9521,000-000-5312,wape,1.25,0.4166666666666667,0.3333333333333333
9521,000-000-6140,wape,0.4,0.4,0.26666666666666666
9521,000-000-6596,wape,0.36,0.36,0.28
9521,000-000-6973,wape,0.5,0.5,0.25
9521,000-000-7049,wape,0.3333333333333333,0.3333333333333333,0.34444444444444444
9524,000-000-12625,wape,0.6153846153846154,0.5230769230769231,0.16153846153846155
9524,000-000-12626,wape,0.4857142857142857,0.4857142857142857,0.18571428571428572
9524,000-000-3465,wape,0.21333333333333335,0.21333333333333335,0.20666666666666667
9524,000-000-5312,wape,0.3333333333333333,0.3333333333333333,0.32222222222222224
9524,000-000-6140,wape,0.29133858267716534,0.08661417322834646,0.11023622047244094
9524,000-000-6973,wape,0.2413793103448276,0.27586206896551724,0.2413793103448276
9524,000-000-7167,wape,0.3888888888888889,0.3888888888888889,0.3611111111111111
9546,000-000-10341,wape,0.68,0.68,0.44
9546,000-000-10342,wape,0.68,0.68,0.52
9546,000-000-11283,wape,0.3333333333333333,0.5111111111111111,0.4
9546,000-000-11586,wape,0.21739130434782608,0.21739130434782608,0.34782608695652173
9546,000-000-11905,wape,0.6333333333333333,0.6333333333333333,0.37777777777777777
9546,000-000-11913,wape,0.5294117647058824,0.5294117647058824,0.615686274509804
9546,000-000-12490,wape,0.36363636363636365,0.36363636363636365,0.2727272727272727
9546,000-000-12497,wape,0.5,0.5,0.2
9546,000-000-13017,wape,0.5,0.5,0.3125
9546,000-000-13324,wape,0.28,0.4,0.26
9546,000-000-13325,wape,0.21739130434782608,0.21739130434782608,0.2826086956521739
9546,000-000-13326,wape,0.3770491803278688,0.3442622950819672,0.26229508196721313
9546,000-000-3274,wape,0.5,0.5,0.2037037037037037
9546,000-000-3313,wape,0.25,0.25,0.19047619047619047
9546,000-000-3465,wape,0.41333333333333333,0.72,0.62
9546,000-000-3466,wape,0.275,0.275,0.25
9546,000-000-5312,wape,0.8,0.8,0.6285714285714286
9546,000-000-6140,wape,0.47191011235955055,0.6629213483146067,0.3651685393258427
9546,000-000-6973,wape,0.4,0.2,0.3
9571,000-000-6140,wape,0.5384615384615384,0.4358974358974359,0.1282051282051282
9571,000-000-6596,wape,0.5882352941176471,0.5882352941176471,0.6176470588235294
964,000-000-10173,wape,0.6666666666666666,0.6666666666666666,0.3333333333333333
964,000-000-13099,wape,1.068421052631579,1.068421052631579,0.3952631578947368
964,000-000-3176,wape,0.4375,0.4375,0.0625
964,000-000-3777,wape,0.3333333333333333,0.3333333333333333,0.3333333333333333
964,000-000-6020,wape,0.14285714285714285,0.14285714285714285,0.14285714285714285
964,000-000-8721,wape,0.26666666666666666,0.26666666666666666,0.2
964,000-000-9419,wape,0.40350877192982454,0.40350877192982454,0.543859649122807
9650,000-000-13612,wape,0.32839506172839505,0.3358024691358025,0.35555555555555557
9666,000-000-12625,wape,0.7052631578947368,2.0789473684210527,0.5526315789473685
9666,000-000-13296,wape,0.5,0.5,0.375
9666,000-000-13612,wape,0.26095238095238094,0.26095238095238094,0.4838095238095238
9666,000-000-13784,wape,0.3142857142857143,0.2571428571428571,0.3047619047619048
9666,000-000-6140,wape,0.3333333333333333,0.37681159420289856,0.2826086956521739
9666,000-000-7049,wape,0.75,0.7628205128205128,0.34615384615384615
970,000-000-6140,wape,0.21951219512195122,0.21951219512195122,0.21951219512195122
9743,000-000-10057,wape,0.2976190476190476,0.47023809523809523,0.2976190476190476
9743,000-000-10130,wape,0.7666666666666667,0.5916666666666667,0.45
9743,000-000-10204,wape,0.8,0.30833333333333335,0.325
9743,000-000-11646,wape,0.345679012345679,0.345679012345679,0.4567901234567901
9743,000-000-11803,wape,0.25,0.18055555555555555,0.05555555555555555
9743,000-000-11809,wape,0.20833333333333334,0.20833333333333334,0.05555555555555555
9743,000-000-11827,wape,0.9777777777777777,0.9777777777777777,0.519753086419753
9743,000-000-11828,wape,0.4950603732162459,0.4950603732162459,0.35290889132821074
9743,000-000-11834,wape,0.7950819672131147,0.31693989071038253,0.43169398907103823
9743,000-000-11857,wape,0.40444444444444444,0.76,0.5697777777777778
9743,000-000-11878,wape,0.3333333333333333,0.38765432098765434,0.35802469135802467
9743,000-000-12102,wape,0.16666666666666666,0.16666666666666666,0.0
9743,000-000-1732,wape,0.3103448275862069,0.2413793103448276,0.25862068965517243
9743,000-000-1782,wape,0.2,0.2,0.12892561983471074
9743,000-000-2170,wape,0.19047619047619047,0.19047619047619047,0.20238095238095238
9743,000-000-2624,wape,0.3469387755102041,0.3469387755102041,0.36424696460862827
9743,000-000-2631,wape,0.3494191242180518,0.3494191242180518,0.38516532618409294
9743,000-000-3176,wape,0.7083333333333334,1.6666666666666667,0.5972222222222222
9743,000-000-3442,wape,0.11829197922677438,0.11829197922677438,0.13906520484708598
9743,000-000-4013,wape,0.3333333333333333,0.3333333333333333,0.36
9743,000-000-4682,wape,0.5185185185185185,0.8148148148148148,0.5925925925925926
9743,000-000-6020,wape,0.3188405797101449,0.3188405797101449,0.38405797101449274
9743,000-000-7198,wape,1.0,0.7142857142857143,0.5714285714285714
9743,000-000-9419,wape,0.5172413793103449,0.5172413793103449,0.4396551724137931
